track_id,genre_top,genre_idx,split,duration_actual,rms_mean,file_size_kb
2,Hip-Hop,3,training,29.976598639455784,0.14521507918834686,938.220703125
5,Hip-Hop,3,training,30.002721088435376,0.14877364039421082,939.04296875
10,Pop,6,training,29.976598639455784,0.18817199766635895,704.140625
140,Folk,2,training,29.976598639455784,0.06920197606086731,469.2353515625
141,Folk,2,training,29.976598639455784,0.1013149544596672,469.6728515625
148,Experimental,1,validation,29.976598639455784,0.4795260429382324,938.2041015625
182,Rock,7,test,30.002721088435376,0.2750900983810425,939.4091796875
190,Folk,2,training,30.002721088435376,0.1329244077205658,939.0400390625
193,Folk,2,training,29.976598639455784,0.08332119137048721,938.2216796875
194,Folk,2,training,30.002721088435376,0.09644540399312973,939.0419921875
197,Folk,2,training,29.976598639455784,0.04562141373753548,938.2158203125
200,Folk,2,training,29.976598639455784,0.12094605714082718,938.2236328125
203,Folk,2,training,29.976598639455784,0.0877184048295021,938.2197265625
204,Folk,2,training,29.976598639455784,0.11723078042268753,938.216796875
207,Folk,2,training,29.976598639455784,0.047669220715761185,938.216796875
210,Folk,2,training,30.002721088435376,0.14652767777442932,939.0439453125
211,Folk,2,training,29.976598639455784,0.13830387592315674,938.21875
212,Folk,2,training,29.976598639455784,0.11120502650737762,938.220703125
213,Pop,6,training,29.976598639455784,0.06825069338083267,938.2294921875
255,Rock,7,training,29.976598639455784,0.14342418313026428,938.2255859375
256,Rock,7,training,29.976598639455784,0.2875344753265381,938.271484375
368,Rock,7,training,29.976598639455784,0.07582952827215195,938.568359375
424,Experimental,1,training,29.976598639455784,0.13372275233268738,938.6767578125
459,Rock,7,validation,30.002721088435376,0.36872074007987976,469.9765625
534,Folk,2,training,29.976598639455784,0.08785534650087357,469.5419921875
540,Folk,2,training,29.976598639455784,0.09339183568954468,469.5439453125
546,Folk,2,training,29.976598639455784,0.08548096567392349,469.546875
574,Rock,7,training,29.976598639455784,0.2750853896141052,880.02734375
602,Folk,2,validation,29.976598639455784,0.044568099081516266,586.466796875
615,Experimental,1,training,30.002721088435376,0.060295216739177704,939.0380859375
620,Folk,2,training,29.976598639455784,0.10727512836456299,938.548828125
621,Folk,2,training,29.976598639455784,0.1589042991399765,938.21484375
625,Folk,2,training,30.002721088435376,0.1860923171043396,939.03515625
666,International,5,training,30.002721088435376,0.14991159737110138,938.3681640625
667,International,5,training,29.976598639455784,0.12922997772693634,937.5810546875
676,Hip-Hop,3,training,29.976598639455784,0.2259083241224289,938.197265625
690,Rock,7,validation,29.976598639455784,0.27007684111595154,938.2470703125
694,Hip-Hop,3,training,29.976598639455784,0.15083254873752594,586.9365234375
695,Hip-Hop,3,training,29.976598639455784,0.1943342089653015,586.5537109375
704,International,5,test,29.976598639455784,0.2768099009990692,938.158203125
705,International,5,test,29.976598639455784,0.2969285249710083,938.16015625
706,International,5,test,30.002721088435376,0.2872281074523926,938.9775390625
707,International,5,test,29.976598639455784,0.3490111231803894,938.15625
708,International,5,test,29.976598639455784,0.29502999782562256,938.158203125
709,International,5,test,30.002721088435376,0.2251322865486145,704.59375
714,Folk,2,training,29.976598639455784,0.303232878446579,938.34375
715,Folk,2,training,29.976598639455784,0.1436072289943695,938.189453125
716,Folk,2,training,29.976598639455784,0.18193186819553375,938.1904296875
718,Folk,2,training,30.002721088435376,0.12418216466903687,939.0224609375
777,Rock,7,training,29.976598639455784,0.1079438328742981,938.2099609375
814,Folk,2,training,29.976598639455784,0.12176980823278427,938.23046875
821,Pop,6,training,30.002721088435376,0.1328994780778885,939.2822265625
822,Pop,6,training,29.976598639455784,0.18459708988666534,938.474609375
825,Rock,7,training,29.976598639455784,0.45337921380996704,468.4208984375
853,International,5,training,30.002721088435376,0.17353273928165436,939.3212890625
890,Folk,2,test,29.976598639455784,0.02191828191280365,938.2548828125
892,Folk,2,test,29.976598639455784,0.26974400877952576,938.2509765625
897,Experimental,1,training,29.976598639455784,0.20560124516487122,938.2568359375
993,Rock,7,validation,30.002721088435376,0.23565003275871277,939.1171875
995,Experimental,1,training,30.002721088435376,0.407470703125,939.1083984375
997,Experimental,1,training,30.002721088435376,0.35247763991355896,939.1015625
998,Experimental,1,training,29.976598639455784,0.3912171423435211,938.2744140625
1039,Rock,7,training,29.976598639455784,0.2724961042404175,938.1962890625
1040,Rock,7,training,29.976598639455784,0.3465476334095001,703.771484375
1066,Experimental,1,test,30.002721088435376,0.0699523314833641,704.66796875
1069,Experimental,1,test,29.976598639455784,0.17967088520526886,704.0595703125
1073,Experimental,1,test,30.002721088435376,0.18793576955795288,704.66015625
1075,Experimental,1,test,29.976598639455784,0.06783566623926163,704.0498046875
1082,International,5,training,30.002721088435376,0.14028038084506989,939.2607421875
1083,Experimental,1,training,29.976598639455784,0.2950536608695984,703.76171875
1087,Rock,7,validation,30.002721088435376,0.3293185234069824,939.33203125
1102,Rock,7,training,30.002721088435376,0.0921235978603363,939.1005859375
1193,Folk,2,training,30.002721088435376,0.17138975858688354,704.580078125
1195,Folk,2,training,30.002721088435376,0.21032626926898956,704.57421875
1196,Folk,2,training,30.002721088435376,0.19656161963939667,704.5712890625
1197,Folk,2,training,29.976598639455784,0.14222757518291473,703.955078125
1249,Experimental,1,test,29.976598639455784,0.5955729484558105,938.537109375
1259,Experimental,1,test,29.976598639455784,0.12519383430480957,938.541015625
1270,Rock,7,training,30.002721088435376,0.1925782412290573,469.634765625
1276,Experimental,1,training,30.002721088435376,0.24002304673194885,939.0478515625
1277,Experimental,1,training,29.976598639455784,0.15348540246486664,938.228515625
1278,Experimental,1,training,30.002721088435376,0.13319499790668488,939.3759765625
1417,Rock,7,training,29.976598639455784,0.14297820627689362,938.65234375
1427,Rock,7,training,30.002721088435376,0.11375676095485687,469.74609375
1443,Experimental,1,training,29.976598639455784,0.250893771648407,703.736328125
1482,Electronic,0,training,29.976598639455784,0.2787887752056122,938.1845703125
1510,Experimental,1,training,29.976598639455784,0.0281701497733593,938.236328125
1544,Folk,2,training,30.002721088435376,0.04075850173830986,939.0546875
1642,Pop,6,training,29.988979591836735,0.11918234825134277,938.4892578125
1644,Pop,6,training,29.988979591836735,0.23402100801467896,938.4951171875
1649,Pop,6,training,29.988979591836735,0.2912210524082184,938.49609375
1661,Pop,6,training,29.988979591836735,0.2727377116680145,938.513671875
1663,Pop,6,training,30.002721088435376,0.11591354012489319,704.626953125
1666,Pop,6,training,29.976598639455784,0.10734488070011139,704.033203125
1673,Experimental,1,training,30.002721088435376,0.02455749921500683,704.8251953125
1680,International,5,training,29.976598639455784,0.1265503615140915,938.2958984375
1681,International,5,training,29.976598639455784,0.15379810333251953,938.6806640625
1682,International,5,training,29.976598639455784,0.14218176901340485,938.681640625
1683,International,5,training,30.002721088435376,0.144452303647995,939.494140625
1684,International,5,training,29.976598639455784,0.19716033339500427,938.6826171875
1685,International,5,training,29.976598639455784,0.09956635534763336,938.6767578125
1686,International,5,training,29.976598639455784,0.14072099328041077,938.669921875
1687,International,5,training,29.976598639455784,0.11408799141645432,938.6806640625
1688,International,5,training,30.002721088435376,0.1785276234149933,939.4892578125
1689,International,5,training,30.002721088435376,0.1288853883743286,939.4873046875
1701,Folk,2,training,29.976598639455784,0.09190475195646286,938.244140625
1702,Folk,2,training,30.002721088435376,0.1490500271320343,939.0703125
1703,Folk,2,training,29.976598639455784,0.05736876651644707,938.2568359375
1704,Folk,2,training,30.002721088435376,0.1077389121055603,939.06640625
1706,Rock,7,training,29.976598639455784,0.2498803436756134,468.2314453125
1720,Rock,7,training,29.976598639455784,0.10830317437648773,703.8154296875
1732,Experimental,1,training,30.002721088435376,0.17347532510757446,939.4873046875
1733,Experimental,1,training,30.002721088435376,0.32122132182121277,939.4736328125
1735,Experimental,1,training,29.976598639455784,0.24225680530071259,938.6669921875
1736,Experimental,1,training,29.976598639455784,0.10610973834991455,938.662109375
1883,Rock,7,training,30.002721088435376,0.1629299521446228,586.97265625
1891,Rock,7,training,29.976598639455784,0.168979212641716,703.7578125
1893,Folk,2,validation,29.976598639455784,0.07385733723640442,452.6064453125
1924,Folk,2,training,29.976598639455784,0.3160986602306366,469.2568359375
1925,Folk,2,training,30.002721088435376,0.25927603244781494,469.7080078125
1929,Experimental,1,training,29.976598639455784,0.33615246415138245,586.9326171875
1930,Rock,7,training,29.976598639455784,0.22409586608409882,938.66796875
2012,Experimental,1,validation,30.002721088435376,0.2758353352546692,938.98046875
2096,Experimental,1,training,29.976598639455784,0.37860938906669617,938.5478515625
2097,Folk,2,training,30.002721088435376,0.17225898802280426,939.03125
2099,Pop,6,training,29.976598639455784,0.22439958155155182,704.041015625
3263,Folk,2,validation,29.976598639455784,0.13088050484657288,938.2900390625
3264,Folk,2,validation,29.976598639455784,0.10220324993133545,938.3359375
3265,Folk,2,validation,30.002721088435376,0.12259571999311447,939.150390625
3266,Folk,2,validation,30.002721088435376,0.038607507944107056,939.146484375
3270,Folk,2,training,29.976598639455784,0.08422061800956726,938.279296875
3271,Folk,2,training,29.976598639455784,0.04823469743132591,938.2724609375
3272,Folk,2,training,29.976598639455784,0.09674076735973358,938.2744140625
3273,Folk,2,training,30.002721088435376,0.06526073813438416,939.08984375
3274,Folk,2,training,30.002721088435376,0.09444405883550644,939.0927734375
3492,Rock,7,training,30.002721088435376,0.06069349870085716,939.283203125
3532,Pop,6,training,30.002721088435376,0.06183701381087303,939.373046875
3533,Pop,6,training,30.002721088435376,0.07546065747737885,939.3623046875
3534,Pop,6,training,29.976598639455784,0.09819140285253525,938.5634765625
3535,Pop,6,training,29.976598639455784,0.07057440280914307,938.5439453125
3537,Pop,6,training,29.976598639455784,0.05872229114174843,938.5712890625
3538,Pop,6,training,29.976598639455784,0.04465552419424057,938.5517578125
3573,Electronic,0,training,30.002721088435376,0.14942319691181183,939.0126953125
3598,Folk,2,training,29.976598639455784,0.08702031522989273,938.5927734375
3624,Rock,7,test,30.002721088435376,0.18681089580059052,939.1630859375
3707,Folk,2,training,30.002721088435376,0.08666959404945374,939.0556640625
3708,Folk,2,training,29.976598639455784,0.10585290193557739,938.244140625
3720,Rock,7,training,29.976598639455784,0.1887568086385727,469.6484375
3721,Rock,7,training,29.976598639455784,0.2079567313194275,469.623046875
3722,Rock,7,training,29.976598639455784,0.2391541600227356,469.619140625
3724,Rock,7,training,30.002721088435376,0.23765496909618378,470.05859375
3725,Rock,7,training,29.976598639455784,0.2047622948884964,469.6337890625
3761,Rock,7,training,30.002721088435376,0.06264403462409973,939.052734375
3762,Rock,7,training,30.002721088435376,0.14097726345062256,939.072265625
3763,Rock,7,training,29.976598639455784,0.15835852921009064,938.2548828125
3765,Rock,7,training,29.976598639455784,0.1569165587425232,938.25390625
3766,Rock,7,training,29.976598639455784,0.2039622813463211,938.2509765625
3775,International,5,training,29.976598639455784,0.06421490758657455,938.291015625
3776,International,5,training,30.002721088435376,0.08740945905447006,939.109375
3777,International,5,training,29.976598639455784,0.062206074595451355,938.28125
3778,International,5,training,29.976598639455784,0.09418946504592896,938.287109375
3779,International,5,training,29.976598639455784,0.07991644740104675,938.28515625
3832,Folk,2,training,29.976598639455784,0.06643664091825485,938.7294921875
3833,Rock,7,training,29.976598639455784,0.17474797368049622,938.23828125
3840,Rock,7,training,29.976598639455784,0.19293586909770966,938.400390625
3880,Folk,2,training,29.976598639455784,0.08302588760852814,938.7177734375
3895,International,5,training,29.976598639455784,0.13075721263885498,938.72265625
3896,International,5,training,29.976598639455784,0.14785313606262207,938.73046875
3904,Folk,2,training,30.002721088435376,0.24677713215351105,939.0634765625
3905,Folk,2,training,29.976598639455784,0.152886763215065,938.416015625
3906,Folk,2,training,30.002721088435376,0.1915150284767151,939.23046875
3908,Folk,2,training,29.976598639455784,0.18708699941635132,938.4140625
3909,Folk,2,training,29.976598639455784,0.20959846675395966,938.4365234375
3910,Folk,2,training,29.976598639455784,0.18516959249973297,938.25
3911,Folk,2,training,30.002721088435376,0.21484221518039703,939.2451171875
3912,Folk,2,training,29.976598639455784,0.1872619241476059,938.2626953125
3913,Folk,2,training,29.976598639455784,0.18883195519447327,938.25390625
3920,Folk,2,training,29.976598639455784,0.10410130769014359,938.3896484375
3921,Folk,2,training,30.002721088435376,0.0726839005947113,939.2099609375
3950,Rock,7,training,30.002721088435376,0.09755820780992508,939.1640625
4013,Folk,2,training,29.976598639455784,0.015119033865630627,938.2470703125
4017,Folk,2,training,29.976598639455784,0.03011949546635151,938.25
4022,Rock,7,validation,30.002721088435376,0.10772204399108887,939.1318359375
4037,Folk,2,training,30.002721088435376,0.1048051044344902,939.1796875
4066,Folk,2,training,29.976598639455784,0.05100978910923004,938.6357421875
4067,Folk,2,training,29.976598639455784,0.04852069914340973,938.638671875
4068,Folk,2,training,30.002721088435376,0.048887137323617935,939.4736328125
4069,Folk,2,training,29.976598639455784,0.06962337344884872,938.677734375
4070,International,5,training,29.976598639455784,0.15158575773239136,938.6689453125
4071,International,5,training,29.976598639455784,0.1695588380098343,938.6669921875
4072,International,5,training,30.002721088435376,0.13229304552078247,939.4775390625
4073,International,5,training,29.976598639455784,0.15471233427524567,938.6611328125
4074,International,5,training,29.976598639455784,0.1511593759059906,938.6572265625
4075,International,5,training,29.976598639455784,0.15930749475955963,938.6669921875
4076,International,5,training,29.976598639455784,0.14255434274673462,938.67578125
4077,International,5,training,29.976598639455784,0.12698937952518463,938.6904296875
4078,International,5,training,29.976598639455784,0.14805079996585846,938.6689453125
4079,International,5,training,29.976598639455784,0.12973859906196594,938.6689453125
4080,International,5,training,30.002721088435376,0.15246227383613586,939.478515625
4091,International,5,training,30.002721088435376,0.10237352550029755,939.111328125
4092,International,5,training,30.002721088435376,0.09984947741031647,939.1220703125
4093,International,5,training,30.002721088435376,0.08506891876459122,939.1162109375
4094,International,5,training,30.002721088435376,0.11177687346935272,939.1181640625
4095,International,5,training,30.002721088435376,0.059165772050619125,939.12109375
4096,International,5,training,29.976598639455784,0.12891431152820587,938.306640625
4097,International,5,training,29.976598639455784,0.10042601078748703,938.302734375
4098,International,5,training,29.976598639455784,0.07883423566818237,938.30078125
4099,International,5,training,29.976598639455784,0.07357250154018402,938.3037109375
4100,International,5,training,30.002721088435376,0.10035113990306854,939.123046875
4101,International,5,training,29.976598639455784,0.07931400090456009,938.3095703125
4102,International,5,training,30.002721088435376,0.08743748068809509,939.123046875
4103,International,5,training,29.976598639455784,0.08850264549255371,938.306640625
4108,Rock,7,test,29.976598639455784,0.0922054722905159,704.0283203125
4232,International,5,training,30.002721088435376,0.037541329860687256,939.2822265625
4233,International,5,training,30.002721088435376,0.028853708878159523,939.2578125
4234,International,5,training,29.976598639455784,0.036548249423503876,938.4453125
4235,International,5,training,30.002721088435376,0.03250211104750633,939.2724609375
4236,International,5,training,30.002721088435376,0.02735874243080616,939.296875
4239,International,5,training,29.976598639455784,0.03766736760735512,938.44140625
4450,Folk,2,training,29.976598639455784,0.03723295032978058,938.3603515625
4507,International,5,training,30.002721088435376,0.054669398814439774,939.501953125
4508,International,5,training,30.002721088435376,0.06026807054877281,939.4873046875
4509,International,5,training,30.002721088435376,0.15103499591350555,939.478515625
4510,International,5,training,29.976598639455784,0.0929221510887146,938.6611328125
4511,International,5,training,30.002721088435376,0.07781524211168289,939.4873046875
4519,Electronic,0,training,29.976598639455784,0.17928434908390045,938.2431640625
4520,Electronic,0,training,30.002721088435376,0.14932893216609955,939.0791015625
4521,Electronic,0,training,30.002721088435376,0.13902796804904938,939.05859375
4522,Electronic,0,training,29.976598639455784,0.19800341129302979,938.2451171875
4682,Hip-Hop,3,training,29.976598639455784,0.11169327050447464,938.2578125
4684,Hip-Hop,3,training,30.002721088435376,0.1229669377207756,939.064453125
4685,Hip-Hop,3,training,29.976598639455784,0.16976167261600494,938.2392578125
4688,Hip-Hop,3,training,30.002721088435376,0.14429768919944763,939.0634765625
4777,Rock,7,training,29.976598639455784,0.1426597237586975,938.6201171875
4778,Rock,7,training,30.002721088435376,0.09694051742553711,939.4384765625
4779,Rock,7,training,30.002721088435376,0.15147680044174194,939.4423828125
4780,Rock,7,training,29.976598639455784,0.14160645008087158,938.6357421875
4781,Rock,7,training,29.976598639455784,0.14033947885036469,938.62109375
4782,Rock,7,training,30.002721088435376,0.18278808891773224,939.4482421875
4784,Rock,7,training,29.976598639455784,0.13935744762420654,938.626953125
4785,Rock,7,training,30.002721088435376,0.18222449719905853,939.4609375
4786,Rock,7,training,30.002721088435376,0.19496464729309082,939.4453125
4787,Rock,7,training,30.002721088435376,0.1639423817396164,939.443359375
4788,Rock,7,training,30.002721088435376,0.16690614819526672,939.439453125
4799,Rock,7,training,30.002721088435376,0.17996548116207123,939.1826171875
4835,Rock,7,training,30.002721088435376,0.19930937886238098,939.0537109375
4836,Rock,7,training,30.002721088435376,0.22258469462394714,939.064453125
4838,Rock,7,training,29.976598639455784,0.1691177934408188,938.240234375
4846,International,5,training,29.976598639455784,0.009575627744197845,938.501953125
4848,International,5,training,29.976598639455784,0.030338438227772713,938.5126953125
4849,International,5,training,29.976598639455784,0.08170270919799805,938.498046875
5006,Rock,7,training,30.002721088435376,0.3432665467262268,939.4697265625
5156,Folk,2,training,29.976598639455784,0.0997912734746933,938.6064453125
5157,Folk,2,training,30.002721088435376,0.05340639874339104,939.4267578125
5158,Folk,2,training,29.976598639455784,0.05755414441227913,938.6064453125
5159,Folk,2,training,30.002721088435376,0.08211015164852142,939.4287109375
5169,Folk,2,training,30.002721088435376,0.07092659920454025,939.439453125
5170,Folk,2,training,30.002721088435376,0.049769602715969086,939.4248046875
5171,Folk,2,training,30.002721088435376,0.07706021517515182,939.423828125
5191,Pop,6,validation,30.002721088435376,0.12818211317062378,939.4599609375
5264,Hip-Hop,3,training,29.976598639455784,0.18674282729625702,938.5595703125
5268,Hip-Hop,3,training,29.976598639455784,0.1544857919216156,938.23046875
5376,Folk,2,training,29.976598639455784,0.14201878011226654,938.6845703125
5381,Folk,2,training,30.002721088435376,0.0971708670258522,939.4970703125
5521,Experimental,1,training,30.002721088435376,0.12264695763587952,704.6201171875
5879,Folk,2,training,30.002721088435376,0.16420865058898926,587.4208984375
5936,Folk,2,training,30.002721088435376,0.07725019752979279,939.1953125
5940,Folk,2,training,30.002721088435376,0.11462468653917313,939.2197265625
6329,International,5,training,29.976598639455784,0.15867483615875244,938.4853515625
6330,International,5,training,30.002721088435376,0.16222746670246124,939.240234375
6331,International,5,validation,29.976598639455784,0.07923924922943115,938.3876953125
6332,International,5,training,29.976598639455784,0.07396247237920761,938.6953125
6333,International,5,validation,30.002721088435376,0.10979034006595612,939.5380859375
6342,International,5,training,29.976598639455784,0.07032568752765656,938.4638671875
6354,International,5,training,30.002721088435376,0.15283676981925964,939.2314453125
6357,International,5,training,30.002721088435376,0.17164161801338196,939.505859375
6358,International,5,validation,30.002721088435376,0.09747055172920227,939.203125
6360,International,5,training,29.976598639455784,0.15151622891426086,938.474609375
6363,International,5,validation,30.002721088435376,0.1459818333387375,939.5380859375
6366,International,5,training,30.002721088435376,0.09242025762796402,939.26171875
6367,International,5,training,30.002721088435376,0.09853804111480713,939.2568359375
6368,International,5,validation,29.976598639455784,0.1213521808385849,938.38671875
6370,International,5,training,30.002721088435376,0.11308034509420395,939.5068359375
6372,International,5,validation,29.976598639455784,0.11960683017969131,938.72265625
6373,International,5,training,30.002721088435376,0.10504518449306488,939.3125
6376,International,5,validation,29.976598639455784,0.1627349853515625,938.3876953125
6379,International,5,training,29.976598639455784,0.12000827491283417,938.41796875
6380,International,5,validation,29.976598639455784,0.14156940579414368,938.7216796875
6381,International,5,training,29.976598639455784,0.15512773394584656,938.6923828125
6382,International,5,training,30.002721088435376,0.1280919909477234,939.294921875
6383,International,5,training,30.002721088435376,0.12754084169864655,939.28125
6385,International,5,validation,30.002721088435376,0.12348563969135284,939.5380859375
6387,International,5,training,29.976598639455784,0.0965641438961029,938.7041015625
6389,International,5,training,29.976598639455784,0.07970400154590607,938.4228515625
6390,International,5,validation,30.002721088435376,0.11339128017425537,939.2041015625
6393,International,5,training,29.976598639455784,0.07988161593675613,938.3955078125
6394,International,5,training,30.002721088435376,0.1215362399816513,939.291015625
6396,International,5,training,30.002721088435376,0.12772665917873383,939.263671875
6406,Folk,2,training,30.002721088435376,0.08034079521894455,939.1162109375
6407,Folk,2,training,30.002721088435376,0.07355932891368866,939.1083984375
6439,Hip-Hop,3,training,30.002721088435376,0.10017169266939163,939.3818359375
6440,Hip-Hop,3,training,29.976598639455784,0.07224003970623016,938.5615234375
6442,Hip-Hop,3,training,29.976598639455784,0.09540816396474838,938.57421875
6443,Hip-Hop,3,training,30.002721088435376,0.09356030076742172,939.3740234375
6448,Hip-Hop,3,training,30.002721088435376,0.06255127489566803,939.41015625
6459,International,5,training,30.002721088435376,0.12656226754188538,939.263671875
6461,Folk,2,validation,29.976598639455784,0.1763668805360794,938.318359375
6463,Folk,2,validation,30.002721088435376,0.15846829116344452,939.138671875
6467,Folk,2,validation,30.002721088435376,0.06892864406108856,939.1513671875
6469,International,5,training,29.976598639455784,0.0920216515660286,938.46484375
6517,Rock,7,training,29.988979591836735,0.1133662611246109,469.4453125
6519,Rock,7,training,29.988979591836735,0.10764241963624954,469.4560546875
6603,Hip-Hop,3,training,29.976598639455784,0.09807725995779037,938.2265625
6605,Hip-Hop,3,training,30.002721088435376,0.08571407198905945,939.044921875
6606,Hip-Hop,3,training,29.976598639455784,0.09178877621889114,938.232421875
6607,Hip-Hop,3,training,29.976598639455784,0.1031666249036789,938.2265625
6608,Hip-Hop,3,training,30.002721088435376,0.10915466398000717,939.05078125
6609,Hip-Hop,3,training,30.002721088435376,0.06326224654912949,939.0380859375
6610,Hip-Hop,3,training,30.002721088435376,0.10078256577253342,939.052734375
6611,Hip-Hop,3,training,30.002721088435376,0.13156010210514069,939.044921875
6674,Experimental,1,training,29.976598639455784,0.09576211124658585,938.5654296875
6675,Experimental,1,training,29.976598639455784,0.4712960422039032,938.4775390625
6677,Experimental,1,training,30.002721088435376,0.6290416121482849,939.25
6679,Experimental,1,training,30.002721088435376,0.6110411882400513,939.3115234375
6680,Experimental,1,training,30.002721088435376,0.5840062499046326,939.416015625
6684,Experimental,1,training,30.002721088435376,0.7352038025856018,939.2529296875
6762,Folk,2,validation,30.002721088435376,0.24203911423683167,939.13671875
6776,Rock,7,training,29.976598639455784,0.04003451019525528,938.3955078125
6778,Rock,7,training,30.002721088435376,0.05637582018971443,939.1865234375
6779,Folk,2,validation,29.976598639455784,0.07061208039522171,1172.7939453125
6782,Folk,2,validation,30.002721088435376,0.0483422614634037,1173.8056640625
6783,Folk,2,validation,29.976598639455784,0.06481204181909561,1172.7919921875
6788,Rock,7,training,29.976598639455784,0.2013894021511078,938.2939453125
6802,International,5,training,29.976598639455784,0.10421944409608841,938.6796875
6803,International,5,training,29.976598639455784,0.15106500685214996,938.65625
6854,Folk,2,training,30.002721088435376,0.08280682563781738,939.546875
6855,Folk,2,training,29.976598639455784,0.10451199859380722,938.7314453125
6856,Folk,2,training,30.002721088435376,0.1077546626329422,939.5458984375
6857,Folk,2,training,29.976598639455784,0.1108584925532341,704.1865234375
7011,Electronic,0,validation,29.976598639455784,0.18274958431720734,1172.8037109375
7373,Experimental,1,test,29.976598639455784,0.1709788590669632,704.0947265625
7374,Experimental,1,test,29.976598639455784,0.15502898395061493,704.0634765625
7375,Experimental,1,test,29.976598639455784,0.2858031392097473,704.0634765625
7376,Experimental,1,test,29.976598639455784,0.07835051417350769,704.0927734375
7377,Experimental,1,test,29.976598639455784,0.2763266861438751,704.0556640625
7378,Experimental,1,test,30.002721088435376,0.06425943225622177,704.7451171875
7379,Experimental,1,test,29.976598639455784,0.32678720355033875,704.07421875
7381,Experimental,1,test,30.002721088435376,0.09624148160219193,704.7275390625
7383,Experimental,1,test,30.002721088435376,0.12594346702098846,704.6826171875
7385,Experimental,1,test,29.976598639455784,0.24317814409732819,704.091796875
7386,Experimental,1,test,29.976598639455784,0.13864590227603912,704.1083984375
7388,Experimental,1,test,29.976598639455784,0.1252622902393341,704.1201171875
7391,Experimental,1,test,29.976598639455784,0.2997109889984131,704.0966796875
7393,Experimental,1,test,29.976598639455784,0.039914101362228394,704.123046875
7481,Hip-Hop,3,training,29.976598639455784,0.16154175996780396,469.5283203125
7482,Hip-Hop,3,training,30.002721088435376,0.13343490660190582,469.9453125
7483,Hip-Hop,3,training,30.002721088435376,0.18573562800884247,469.92578125
7487,Hip-Hop,3,training,29.976598639455784,0.15779367089271545,469.5302734375
7488,Hip-Hop,3,training,29.976598639455784,0.17414376139640808,469.5263671875
7489,Hip-Hop,3,training,29.976598639455784,0.24362745881080627,469.5546875
7490,Hip-Hop,3,training,29.976598639455784,0.17316612601280212,469.521484375
7491,Hip-Hop,3,training,30.002721088435376,0.3008289635181427,469.9326171875
7492,Hip-Hop,3,training,29.976598639455784,0.237652987241745,469.5224609375
7495,Rock,7,training,29.976598639455784,0.13634684681892395,938.2294921875
7526,Pop,6,training,29.976598639455784,0.17500318586826324,586.8798828125
7527,Pop,6,training,29.976598639455784,0.16900533437728882,586.8642578125
7528,Pop,6,training,30.002721088435376,0.1762925237417221,587.3662109375
7529,Pop,6,training,29.976598639455784,0.20016373693943024,586.861328125
7548,Experimental,1,training,29.976598639455784,0.14549829065799713,938.1826171875
7554,Experimental,1,training,30.002721088435376,0.17489098012447357,939.0
7709,Folk,2,training,29.976598639455784,0.03381902724504471,469.423828125
7710,Folk,2,training,30.002721088435376,0.04826800897717476,469.94921875
7711,Folk,2,training,29.976598639455784,0.05907677114009857,469.416015625
7712,Folk,2,training,30.002721088435376,0.029366686940193176,469.841796875
7713,Folk,2,training,30.002721088435376,0.03548481687903404,469.845703125
7872,Rock,7,training,29.976598639455784,0.1334221363067627,938.5244140625
8056,Rock,7,training,30.002721088435376,0.11778216809034348,939.490234375
8208,Rock,7,training,30.002721088435376,0.17152175307273865,939.458984375
8256,Folk,2,training,30.002721088435376,0.16233953833580017,939.3701171875
8259,Folk,2,training,30.002721088435376,0.18341335654258728,939.3251953125
8261,Folk,2,training,30.002721088435376,0.07095383107662201,939.296875
8345,Experimental,1,training,29.976598639455784,0.03184497356414795,938.4267578125
8357,Experimental,1,training,29.976598639455784,0.06001916527748108,938.501953125
8363,Experimental,1,training,30.002721088435376,0.1494341641664505,939.3330078125
8372,Experimental,1,training,30.002721088435376,0.11964014172554016,939.2861328125
8416,Experimental,1,training,29.976598639455784,0.14490331709384918,938.3818359375
9152,Experimental,1,training,30.002721088435376,0.22036899626255035,587.4189453125
9155,Experimental,1,test,30.002721088435376,0.10709848999977112,470.0380859375
9307,Experimental,1,training,30.002721088435376,0.12900976836681366,469.8125
9476,Experimental,1,training,29.976598639455784,0.021778589114546776,704.1201171875
9477,Experimental,1,training,29.976598639455784,0.3885006308555603,704.111328125
9491,Rock,7,training,30.002721088435376,0.3482673466205597,704.66015625
9505,Experimental,1,training,29.976598639455784,0.5204230546951294,704.10546875
9511,Rock,7,training,29.976598639455784,0.3324749767780304,938.5908203125
9512,International,5,training,29.976598639455784,0.19161520898342133,938.4765625
9513,Rock,7,training,30.002721088435376,0.2524402141571045,939.5068359375
9550,Rock,7,validation,29.988979591836735,0.305642306804657,938.8583984375
9553,Rock,7,validation,30.002721088435376,0.13855640590190887,939.4794921875
9555,Rock,7,validation,30.002721088435376,0.3277411162853241,939.3984375
9557,Rock,7,validation,29.976598639455784,0.1324680745601654,938.275390625
9559,Rock,7,validation,29.976598639455784,0.2581040859222412,938.6044921875
9560,Rock,7,validation,30.002721088435376,0.24731114506721497,939.091796875
9678,Experimental,1,training,30.002721088435376,0.22175078094005585,704.708984375
9721,Experimental,1,training,30.002721088435376,0.7029876112937927,704.814453125
9846,Experimental,1,training,30.002721088435376,0.004231794737279415,939.349609375
9887,Folk,2,training,29.988979591836735,0.08104058355093002,938.955078125
9888,Folk,2,training,29.976598639455784,0.047430265694856644,938.6572265625
9918,Experimental,1,training,29.976598639455784,0.3353733420372009,704.0859375
9962,Rock,7,training,29.988979591836735,0.13021188974380493,704.294921875
10186,International,5,training,29.976598639455784,0.1681097149848938,471.2734375
10192,Hip-Hop,3,training,29.976598639455784,0.14044919610023499,704.1484375
10250,Instrumental,4,test,29.976598639455784,0.07355546206235886,938.63671875
10374,Experimental,1,training,29.976598639455784,0.22987210750579834,468.51171875
10375,Experimental,1,training,29.976598639455784,0.19265344738960266,469.5947265625
10376,Experimental,1,training,29.976598639455784,0.13473881781101227,468.513671875
10377,Experimental,1,training,29.976598639455784,0.23401200771331787,469.5810546875
10381,Folk,2,test,29.976598639455784,0.18322831392288208,938.615234375
10382,Folk,2,test,29.976598639455784,0.08091508597135544,938.603515625
10383,Folk,2,test,29.976598639455784,0.2174389511346817,938.607421875
10384,Folk,2,test,30.002721088435376,0.1879977285861969,939.4189453125
10385,Folk,2,test,30.002721088435376,0.1259201467037201,939.4052734375
10386,Folk,2,test,30.002721088435376,0.20850513875484467,939.443359375
10387,Folk,2,test,30.002721088435376,0.22073149681091309,939.4326171875
10388,Folk,2,test,29.976598639455784,0.2046712040901184,938.60546875
10389,Folk,2,test,30.002721088435376,0.14968478679656982,939.4287109375
10435,Experimental,1,training,29.976598639455784,0.26719287037849426,704.1298828125
10438,Folk,2,test,30.002721088435376,0.07426820695400238,939.3740234375
10439,Folk,2,test,29.976598639455784,0.16269424557685852,938.5791015625
10440,Folk,2,test,29.976598639455784,0.16052855551242828,938.564453125
10441,Folk,2,test,30.002721088435376,0.18196818232536316,939.3720703125
10442,Folk,2,test,30.002721088435376,0.16868172585964203,939.4111328125
10443,Folk,2,test,30.002721088435376,0.22103667259216309,939.3759765625
10444,Folk,2,test,30.002721088435376,0.17106935381889343,939.3779296875
10447,Folk,2,test,29.976598639455784,0.20301643013954163,938.56640625
10458,Folk,2,training,30.002721088435376,0.20844528079032898,939.4033203125
10480,Folk,2,test,29.976598639455784,0.18298344314098358,938.599609375
10481,Folk,2,test,29.976598639455784,0.1875184178352356,938.572265625
10485,Folk,2,test,29.976598639455784,0.1757735013961792,938.587890625
10521,Experimental,1,training,29.976598639455784,0.17180658876895905,704.08203125
10527,Experimental,1,training,30.002721088435376,0.1871546506881714,704.7041015625
10535,Experimental,1,training,29.976598639455784,0.17522032558918,704.11328125
10541,Experimental,1,training,29.976598639455784,0.035497214645147324,704.0673828125
10575,Folk,2,training,30.002721088435376,0.2181716114282608,939.4736328125
10577,Folk,2,training,30.002721088435376,0.15786972641944885,939.5185546875
10668,Rock,7,training,29.976598639455784,0.04460005462169647,811.447265625
10669,Rock,7,training,30.002721088435376,0.3503846228122711,775.9921875
10670,Rock,7,training,30.002721088435376,0.35236212611198425,1013.001953125
10671,Rock,7,training,29.976598639455784,0.3168860375881195,938.7060546875
10672,Rock,7,training,30.002721088435376,0.2313048392534256,878.638671875
10673,Rock,7,training,29.976598639455784,0.35424238443374634,934.2314453125
10674,Rock,7,training,30.002721088435376,0.05873202160000801,634.3115234375
10675,Rock,7,training,29.976598639455784,0.12199073284864426,749.20703125
10676,Rock,7,training,29.976598639455784,0.2348749339580536,891.501953125
10677,Rock,7,training,30.002721088435376,0.25132694840431213,932.6416015625
10678,Folk,2,test,30.002721088435376,0.18107667565345764,939.451171875
10679,Folk,2,test,30.002721088435376,0.2093716561794281,939.48046875
10682,Folk,2,test,30.002721088435376,0.24258510768413544,939.462890625
10684,Folk,2,test,30.002721088435376,0.23735524713993073,939.470703125
10693,Hip-Hop,3,training,29.976598639455784,0.1805979162454605,704.013671875
10694,Hip-Hop,3,training,30.002721088435376,0.1514868140220642,704.6416015625
10695,Hip-Hop,3,training,29.976598639455784,0.08522678166627884,704.0146484375
10696,Hip-Hop,3,training,30.002721088435376,0.2283112108707428,704.6357421875
10697,Hip-Hop,3,training,30.002721088435376,0.17062829434871674,704.634765625
10698,Hip-Hop,3,training,30.002721088435376,0.07461398839950562,704.6455078125
10699,Hip-Hop,3,training,30.002721088435376,0.05552225559949875,704.6259765625
10805,Pop,6,training,29.976598639455784,0.23462997376918793,704.1171875
10806,Pop,6,training,30.002721088435376,0.23735888302326202,704.744140625
10807,Pop,6,training,30.002721088435376,0.23394399881362915,704.74609375
10808,Pop,6,training,29.976598639455784,0.20964030921459198,704.1396484375
10809,Pop,6,training,30.002721088435376,0.2794051170349121,704.740234375
10810,Pop,6,training,30.002721088435376,0.24269315600395203,704.7421875
10983,Experimental,1,training,30.002721088435376,0.7887692451477051,704.814453125
10992,Folk,2,test,30.002721088435376,0.1925266981124878,939.44140625
10993,Folk,2,test,30.002721088435376,0.21989761292934418,1174.1318359375
11019,Experimental,1,test,29.976598639455784,0.2182217240333557,704.09375
11020,Experimental,1,test,29.976598639455784,0.1468457579612732,704.091796875
11059,Folk,2,test,30.002721088435376,0.14749471843242645,939.1826171875
11198,Pop,6,training,30.002721088435376,0.05713300034403801,1174.2080078125
11199,Pop,6,training,29.976598639455784,0.05373233184218407,1173.1328125
11200,Pop,6,test,30.002721088435376,0.03380398824810982,1174.1943359375
11204,Hip-Hop,3,test,29.976598639455784,0.10622233152389526,1173.0849609375
11206,Electronic,0,training,30.002721088435376,0.05546782165765762,1174.0830078125
11234,Experimental,1,training,29.976598639455784,0.060393307358026505,704.11328125
11237,Experimental,1,training,30.002721088435376,0.2584124803543091,704.7275390625
11239,Experimental,1,training,29.976598639455784,0.1918482482433319,704.111328125
11242,Experimental,1,training,30.002721088435376,0.08074608445167542,704.72265625
11261,Pop,6,training,29.976598639455784,0.2092520296573639,938.62109375
11262,Electronic,0,training,29.976598639455784,0.2758804261684418,472.1357421875
11264,Rock,7,training,29.976598639455784,0.3166307806968689,506.29296875
11268,Rock,7,training,29.976598639455784,0.17668911814689636,501.2861328125
11298,Hip-Hop,3,training,29.976598639455784,0.24928483366966248,393.166015625
11299,Hip-Hop,3,training,29.976598639455784,0.20145942270755768,508.13671875
11306,Rock,7,training,30.002721088435376,0.1486881971359253,939.2412109375
11333,Experimental,1,training,30.002721088435376,0.09149369597434998,939.4931640625
11334,Experimental,1,training,29.976598639455784,0.09269542992115021,938.6767578125
11503,Folk,2,test,30.002721088435376,0.21894964575767517,939.400390625
11504,Folk,2,test,29.976598639455784,0.1590137481689453,938.587890625
11505,Folk,2,test,29.976598639455784,0.14400173723697662,938.5927734375
11508,Folk,2,test,29.976598639455784,0.23092131316661835,938.59375
11544,Experimental,1,training,30.002721088435376,0.11557568609714508,939.4921875
11638,Instrumental,4,training,29.976598639455784,0.14294084906578064,586.9326171875
11671,International,5,training,29.976598639455784,0.07691068947315216,938.6513671875
11672,International,5,training,29.976598639455784,0.06307060271501541,938.638671875
11673,International,5,training,30.002721088435376,0.059040844440460205,939.4609375
11674,International,5,training,29.976598639455784,0.07731294631958008,938.6611328125
11675,International,5,training,29.976598639455784,0.0568266361951828,938.638671875
11677,International,5,training,30.002721088435376,0.09443710744380951,939.44921875
11679,International,5,training,30.002721088435376,0.22025525569915771,587.1220703125
11681,International,5,training,30.002721088435376,0.08567069470882416,939.4599609375
11682,International,5,training,29.976598639455784,0.0479063019156456,938.6669921875
11683,International,5,training,29.976598639455784,0.09842030704021454,938.638671875
11763,Hip-Hop,3,training,29.976598639455784,0.11010149866342545,704.1533203125
11764,Hip-Hop,3,training,29.976598639455784,0.15302373468875885,704.1328125
11765,Hip-Hop,3,training,29.976598639455784,0.1886749565601349,704.0966796875
11766,Hip-Hop,3,training,29.976598639455784,0.1344575136899948,704.0908203125
11767,Hip-Hop,3,training,29.976598639455784,0.17726179957389832,704.0966796875
11768,Hip-Hop,3,training,29.976598639455784,0.07992959767580032,704.099609375
11769,Hip-Hop,3,training,29.976598639455784,0.11857101321220398,704.109375
11770,Hip-Hop,3,training,29.976598639455784,0.09925862401723862,704.1005859375
11771,Hip-Hop,3,training,30.002721088435376,0.13387194275856018,704.71484375
11772,Hip-Hop,3,training,29.976598639455784,0.12835948169231415,704.1337890625
11773,Hip-Hop,3,training,29.976598639455784,0.12231803685426712,704.166015625
11774,Hip-Hop,3,training,30.002721088435376,0.19293054938316345,704.7646484375
11775,Hip-Hop,3,training,30.002721088435376,0.15245409309864044,704.7138671875
11776,Hip-Hop,3,training,30.002721088435376,0.17168396711349487,704.7490234375
11777,Hip-Hop,3,training,29.976598639455784,0.15093359351158142,704.1279296875
11778,Hip-Hop,3,training,30.002721088435376,0.12251697480678558,704.7080078125
11779,Hip-Hop,3,training,29.976598639455784,0.13584522902965546,704.1123046875
11780,Hip-Hop,3,training,29.976598639455784,0.1306201070547104,704.0966796875
11781,Hip-Hop,3,training,29.976598639455784,0.15778057277202606,704.1015625
11782,Hip-Hop,3,training,29.976598639455784,0.04823152720928192,704.037109375
11783,Hip-Hop,3,training,30.002721088435376,0.12080296128988266,704.71875
11784,Hip-Hop,3,training,29.976598639455784,0.16348646581172943,704.1015625
11785,Hip-Hop,3,training,30.002721088435376,0.1361425817012787,704.701171875
11786,Hip-Hop,3,training,29.976598639455784,0.2006593942642212,704.083984375
11787,Hip-Hop,3,training,30.002721088435376,0.12173623591661453,704.7041015625
11788,Hip-Hop,3,training,30.002721088435376,0.1447189599275589,704.7822265625
11789,Hip-Hop,3,training,29.976598639455784,0.13689565658569336,704.0908203125
11790,Hip-Hop,3,training,30.002721088435376,0.2080140858888626,704.7333984375
11791,Hip-Hop,3,training,30.002721088435376,0.12852543592453003,704.76953125
11792,Hip-Hop,3,training,30.002721088435376,0.1646372228860855,704.7265625
11793,Hip-Hop,3,training,30.002721088435376,0.14747503399848938,704.728515625
11794,Hip-Hop,3,training,30.002721088435376,0.10783188790082932,704.7099609375
11795,Hip-Hop,3,training,30.002721088435376,0.13111014664173126,704.708984375
11803,Hip-Hop,3,validation,30.002721088435376,0.16937236487865448,704.7138671875
11818,Hip-Hop,3,training,29.976598639455784,0.17955809831619263,704.1279296875
11839,Hip-Hop,3,training,29.976598639455784,0.21166372299194336,970.083984375
11861,Hip-Hop,3,training,29.976598639455784,0.27689507603645325,1043.97265625
11862,Hip-Hop,3,training,29.976598639455784,0.29538747668266296,1096.71875
11867,Hip-Hop,3,training,29.976598639455784,0.3307957947254181,1090.537109375
11868,Hip-Hop,3,training,29.976598639455784,0.2790262699127197,1114.1962890625
11916,Hip-Hop,3,training,29.976598639455784,0.18926836550235748,469.4921875
11917,Hip-Hop,3,training,29.976598639455784,0.20522445440292358,469.4892578125
11918,Hip-Hop,3,training,30.002721088435376,0.3595242500305176,469.8876953125
11919,Hip-Hop,3,training,30.002721088435376,0.2246885895729065,469.9111328125
11920,Hip-Hop,3,training,29.976598639455784,0.2824336290359497,469.4736328125
11921,Hip-Hop,3,training,30.002721088435376,0.10193540155887604,469.908203125
11922,Hip-Hop,3,training,30.002721088435376,0.16297048330307007,469.9228515625
11933,Rock,7,training,30.002721088435376,0.06866675615310669,1174.11328125
11937,Pop,6,training,29.976598639455784,0.04116765782237053,1172.9306640625
11942,Electronic,0,training,29.976598639455784,0.08195657283067703,1173.17578125
11946,Experimental,1,training,29.976598639455784,0.1382959932088852,703.724609375
11947,Experimental,1,training,29.988979591836735,0.17117829620838165,703.9345703125
11951,Experimental,1,training,29.976598639455784,0.1822878122329712,703.736328125
12045,Folk,2,test,30.002721088435376,0.28048020601272583,939.388671875
12046,Folk,2,test,29.976598639455784,0.24743200838565826,938.5625
12047,Folk,2,test,30.002721088435376,0.10371554642915726,939.390625
12048,Folk,2,test,30.002721088435376,0.178633451461792,939.396484375
12049,Folk,2,test,30.002721088435376,0.10343731194734573,939.4052734375
12050,Folk,2,test,30.002721088435376,0.24886086583137512,939.375
12051,Folk,2,test,30.002721088435376,0.1306009441614151,939.392578125
12052,Folk,2,test,29.976598639455784,0.2091575711965561,938.5751953125
12053,Folk,2,test,29.976598639455784,0.19721409678459167,938.57421875
12058,Folk,2,test,29.976598639455784,0.23915404081344604,938.57421875
12059,Folk,2,test,29.976598639455784,0.16676807403564453,938.580078125
12060,Folk,2,test,30.002721088435376,0.22826530039310455,939.388671875
12061,Folk,2,test,30.002721088435376,0.11506687104701996,939.3935546875
12062,Folk,2,test,29.976598639455784,0.2101355344057083,938.5693359375
12064,Folk,2,test,29.976598639455784,0.1998964250087738,938.603515625
12065,Folk,2,test,30.002721088435376,0.26561394333839417,939.384765625
12066,Folk,2,test,29.976598639455784,0.09673534333705902,938.611328125
12067,Folk,2,test,29.976598639455784,0.24241292476654053,938.5888671875
12109,International,5,training,29.976598639455784,0.09707556664943695,938.806640625
12146,Pop,6,training,30.002721088435376,0.35795676708221436,587.4013671875
12147,Pop,6,training,30.002721088435376,0.2793061137199402,587.390625
12173,Hip-Hop,3,training,29.976598639455784,0.09050657600164413,1172.8310546875
12174,Hip-Hop,3,training,30.002721088435376,0.05542163923382759,1173.8408203125
12179,Pop,6,test,30.002721088435376,0.08133939653635025,1173.828125
12188,Pop,6,validation,29.976598639455784,0.0427861213684082,1172.6748046875
12189,Electronic,0,training,29.976598639455784,0.06293843686580658,1172.681640625
12346,Experimental,1,training,30.002721088435376,0.06400083750486374,939.51953125
12348,Folk,2,training,29.976598639455784,0.1442939192056656,938.587890625
12349,Folk,2,training,29.976598639455784,0.1623084992170334,938.59765625
12350,Folk,2,training,30.002721088435376,0.13262280821800232,939.4208984375
12351,Folk,2,training,29.976598639455784,0.06035058945417404,938.568359375
12352,Folk,2,training,29.976598639455784,0.10636702179908752,938.583984375
12353,Folk,2,training,29.976598639455784,0.13190925121307373,938.609375
12355,Folk,2,training,29.976598639455784,0.05003704875707626,938.58984375
12376,Pop,6,training,30.002721088435376,0.08601463586091995,1174.126953125
12387,Pop,6,test,30.002721088435376,0.08998677879571915,1174.2021484375
12390,Pop,6,test,30.002721088435376,0.09089990705251694,1174.130859375
12394,Hip-Hop,3,training,30.002721088435376,0.09047799557447433,1174.2021484375
12481,Folk,2,test,30.002721088435376,0.168290376663208,939.4169921875
12482,Folk,2,test,30.002721088435376,0.16236871480941772,939.4296875
12484,Folk,2,test,29.976598639455784,0.20612700283527374,938.5947265625
12485,Folk,2,test,29.976598639455784,0.148383229970932,938.59375
12486,Folk,2,test,29.976598639455784,0.1622786670923233,938.5966796875
12487,Folk,2,test,30.002721088435376,0.18653319776058197,939.4130859375
12488,Folk,2,test,29.976598639455784,0.16849002242088318,938.5986328125
12489,Folk,2,test,29.976598639455784,0.18257175385951996,938.6025390625
12490,Folk,2,test,29.976598639455784,0.1917387694120407,938.6904296875
12508,Folk,2,test,29.976598639455784,0.222481369972229,704.1103515625
12513,Folk,2,test,30.002721088435376,0.22179614007472992,704.720703125
12514,Folk,2,test,29.976598639455784,0.22643277049064636,704.0927734375
12518,Pop,6,test,29.976598639455784,0.11192397773265839,1173.1357421875
12521,Rock,7,test,30.002721088435376,0.08246498554944992,1174.1513671875
12526,Hip-Hop,3,validation,30.002721088435376,0.09675447642803192,1174.1533203125
12527,Pop,6,validation,29.976598639455784,0.08048611134290695,1173.1015625
12530,Pop,6,training,29.976598639455784,0.10920920968055725,1173.12109375
12531,Hip-Hop,3,training,30.002721088435376,0.09098375588655472,1174.150390625
12532,Pop,6,training,29.976598639455784,0.08895181119441986,1173.171875
12537,Pop,6,training,30.002721088435376,0.11355210840702057,1174.0986328125
12551,Pop,6,training,30.002721088435376,0.0965699627995491,1174.16796875
12552,Pop,6,training,29.976598639455784,0.09365446120500565,1173.087890625
12654,Pop,6,training,29.976598639455784,0.22518226504325867,938.396484375
12690,International,5,test,30.002721088435376,0.14082930982112885,939.4560546875
12691,International,5,test,30.002721088435376,0.14844654500484467,939.4580078125
12692,International,5,test,30.002721088435376,0.15616953372955322,939.45703125
12737,Experimental,1,training,30.002721088435376,0.1403370350599289,1174.1904296875
12985,Folk,2,training,29.976598639455784,0.19115647673606873,704.15234375
12986,Folk,2,training,30.002721088435376,0.17411421239376068,704.759765625
13191,Pop,6,training,29.976598639455784,0.06572119146585464,1173.1044921875
13197,Pop,6,training,30.002721088435376,0.08434385806322098,1174.1162109375
13199,Hip-Hop,3,training,29.976598639455784,0.11251891404390335,1173.146484375
13201,Hip-Hop,3,validation,29.976598639455784,0.09566756337881088,1173.21875
13218,Pop,6,training,30.002721088435376,0.06252939999103546,1174.1796875
13220,Pop,6,training,30.002721088435376,0.10361010581254959,1174.2568359375
13325,Rock,7,training,29.976598639455784,0.0873926654458046,1173.08984375
13328,Pop,6,test,29.976598639455784,0.07196054607629776,1173.1103515625
13362,Pop,6,training,30.002721088435376,0.09849731624126434,1174.1650390625
13378,Pop,6,training,29.976598639455784,0.11859213560819626,1173.08984375
13474,Electronic,0,validation,29.976598639455784,0.17164677381515503,1173.1748046875
13537,International,5,training,30.002721088435376,0.05620859935879707,939.02734375
13538,International,5,training,30.002721088435376,0.06911052763462067,939.0224609375
13539,International,5,training,29.976598639455784,0.06257138401269913,938.212890625
13540,International,5,training,30.002721088435376,0.06499771028757095,939.0234375
13556,Rock,7,validation,30.002721088435376,0.12314844876527786,1174.080078125
13561,Hip-Hop,3,training,30.002721088435376,0.1193479672074318,1174.111328125
13562,Electronic,0,training,30.002721088435376,0.0826306939125061,1174.1552734375
13566,Hip-Hop,3,training,30.002721088435376,0.09280839562416077,1174.1455078125
13571,Electronic,0,training,29.976598639455784,0.1194743812084198,1173.22265625
13578,Experimental,1,test,30.002721088435376,0.06180732324719429,704.72265625
13591,Hip-Hop,3,validation,30.002721088435376,0.07524345070123672,1174.1357421875
13596,Rock,7,training,30.002721088435376,0.1017599105834961,1174.060546875
13666,Rock,7,test,29.976598639455784,0.10559853911399841,1173.13671875
13668,Electronic,0,training,30.002721088435376,0.07520812004804611,1174.1748046875
13670,Hip-Hop,3,training,29.976598639455784,0.08872335404157639,1173.0859375
13706,Electronic,0,test,29.976598639455784,0.15191739797592163,527.7265625
13707,Electronic,0,test,30.002721088435376,0.1286243200302124,442.693359375
13708,Electronic,0,test,29.976598639455784,0.28579434752464294,408.7294921875
13709,Electronic,0,test,29.976598639455784,0.1729321926832199,590.759765625
13710,Electronic,0,test,30.002721088435376,0.3351079225540161,957.95703125
13711,Electronic,0,test,29.976598639455784,0.18191005289554596,551.2373046875
13735,Hip-Hop,3,training,29.976598639455784,0.28416067361831665,1172.111328125
13747,Hip-Hop,3,training,30.002721088435376,0.27173277735710144,470.00390625
13748,Hip-Hop,3,training,29.976598639455784,0.3137253224849701,469.6328125
13749,Hip-Hop,3,training,30.002721088435376,0.3294527530670166,470.0078125
13767,Hip-Hop,3,training,29.976598639455784,0.10688239336013794,704.158203125
13768,Hip-Hop,3,training,30.002721088435376,0.10105374455451965,704.767578125
13804,Hip-Hop,3,training,30.002721088435376,0.13505592942237854,704.5546875
13927,Folk,2,training,29.976598639455784,0.1532796174287796,469.7177734375
13928,Folk,2,training,30.002721088435376,0.15282480418682098,470.12109375
13929,Folk,2,training,30.002721088435376,0.16180069744586945,470.201171875
13930,Folk,2,training,29.976598639455784,0.18329529464244843,587.0078125
14063,Electronic,0,training,29.976598639455784,0.31202924251556396,1172.900390625
14208,Electronic,0,training,29.976598639455784,0.20439459383487701,704.060546875
14315,International,5,validation,29.976598639455784,0.05086347088217735,938.6474609375
14316,International,5,validation,30.002721088435376,0.030125681310892105,939.4931640625
14317,International,5,validation,30.002721088435376,0.0870494470000267,939.4619140625
14318,International,5,validation,29.976598639455784,0.03728359192609787,938.66015625
14319,International,5,validation,30.002721088435376,0.07158473879098892,939.4619140625
14320,International,5,validation,30.002721088435376,0.03580319136381149,939.4697265625
14344,Electronic,0,training,29.976598639455784,0.05548620596528053,1173.0302734375
14358,Hip-Hop,3,training,29.976598639455784,0.2096545398235321,468.62890625
14363,Hip-Hop,3,validation,30.002721088435376,0.2979915142059326,468.9755859375
14365,Hip-Hop,3,validation,29.976598639455784,0.254315048456192,468.5732421875
14386,Hip-Hop,3,training,29.976598639455784,0.17956510186195374,586.8740234375
14391,Hip-Hop,3,validation,30.002721088435376,0.32752540707588196,587.3583984375
14538,Hip-Hop,3,training,29.976598639455784,0.21043390035629272,1173.0869140625
14539,Hip-Hop,3,training,30.002721088435376,0.21505922079086304,1174.095703125
14541,Hip-Hop,3,training,30.002721088435376,0.20020630955696106,1174.103515625
14542,Hip-Hop,3,training,30.002721088435376,0.1809060275554657,1174.1005859375
14568,Instrumental,4,training,29.976598639455784,0.17018529772758484,1172.91015625
14569,Instrumental,4,training,30.002721088435376,0.06791294366121292,1173.9345703125
14570,Instrumental,4,training,30.002721088435376,0.1673775017261505,1173.935546875
14571,Instrumental,4,training,29.976598639455784,0.14352454245090485,1172.927734375
14572,Instrumental,4,training,29.976598639455784,0.12391728907823563,1172.9365234375
14576,Instrumental,4,training,30.002721088435376,0.09132751077413559,1173.9482421875
14577,Instrumental,4,training,30.002721088435376,0.2117840200662613,1173.9306640625
14578,Instrumental,4,training,29.976598639455784,0.1788160651922226,1172.9052734375
14579,Instrumental,4,training,30.002721088435376,0.11819763481616974,1173.93359375
14580,Instrumental,4,training,29.976598639455784,0.13089808821678162,1172.916015625
14581,Instrumental,4,training,29.976598639455784,0.11573051661252975,1172.935546875
14583,Instrumental,4,training,30.002721088435376,0.14638610184192657,1173.9404296875
14584,Instrumental,4,training,30.002721088435376,0.15558767318725586,1173.9306640625
14585,Instrumental,4,training,29.976598639455784,0.22291703522205353,1172.9365234375
14586,Instrumental,4,training,29.976598639455784,0.0959085151553154,1172.9287109375
14588,Instrumental,4,training,29.976598639455784,0.06557255983352661,1172.9267578125
14589,Instrumental,4,training,30.002721088435376,0.15033914148807526,1173.927734375
14590,Instrumental,4,training,29.976598639455784,0.07142340391874313,1172.912109375
14601,International,5,test,30.002721088435376,0.01875469647347927,939.4072265625
14602,International,5,test,29.976598639455784,0.04897396266460419,938.6318359375
14603,International,5,test,29.976598639455784,0.03277334198355675,938.583984375
14604,International,5,test,29.976598639455784,0.033104002475738525,938.587890625
14653,Rock,7,test,29.976598639455784,0.27243515849113464,704.0634765625
14661,Folk,2,training,29.976598639455784,0.17260825634002686,704.1435546875
14663,Pop,6,test,29.976598639455784,0.33369484543800354,704.2021484375
14684,Folk,2,training,29.976598639455784,0.25108811259269714,704.1357421875
14690,Experimental,1,test,30.002721088435376,0.4235314130783081,957.892578125
14693,Folk,2,training,30.002721088435376,0.25581490993499756,1173.0615234375
14733,Rock,7,test,30.002721088435376,0.13984864950180054,939.4365234375
14734,Rock,7,test,30.002721088435376,0.10085556656122208,939.435546875
14735,Rock,7,test,30.002721088435376,0.09596778452396393,939.435546875
14736,Rock,7,test,30.002721088435376,0.11153481900691986,939.4375
14737,Rock,7,test,29.976598639455784,0.10834328830242157,938.638671875
14738,Rock,7,test,29.976598639455784,0.1062728688120842,938.6318359375
14739,Rock,7,test,30.002721088435376,0.11865448951721191,939.447265625
14740,Rock,7,test,30.002721088435376,0.12949781119823456,939.447265625
14741,Rock,7,test,30.002721088435376,0.12021441757678986,939.4365234375
14742,Rock,7,test,29.976598639455784,0.11195199936628342,938.6435546875
14743,Rock,7,test,29.976598639455784,0.10016524791717529,938.630859375
14744,Rock,7,test,30.002721088435376,0.13491693139076233,939.43359375
14745,Rock,7,test,29.976598639455784,0.1333877444267273,938.6201171875
14809,Folk,2,training,30.002721088435376,0.12010257691144943,1174.0849609375
14869,Electronic,0,validation,30.002721088435376,0.3032708168029785,939.39453125
15094,Experimental,1,test,29.988979591836735,0.09099745750427246,1174.7255859375
15210,Hip-Hop,3,training,29.976598639455784,0.19419929385185242,1173.0556640625
15464,Experimental,1,training,30.002721088435376,0.14556370675563812,912.1591796875
15469,Experimental,1,training,30.002721088435376,0.12392709404230118,944.2900390625
15471,Experimental,1,training,29.976598639455784,0.1289343535900116,710.4208984375
15475,Experimental,1,training,30.002721088435376,0.16015799343585968,695.19921875
15476,Experimental,1,training,29.976598639455784,0.18578872084617615,702.2421875
15487,International,5,training,29.976598639455784,0.2111009806394577,704.150390625
15488,International,5,training,30.002721088435376,0.15237247943878174,469.9677734375
15540,Experimental,1,training,29.976598639455784,0.04872654378414154,1173.01171875
15541,Experimental,1,training,29.976598639455784,0.04926595464348793,1173.017578125
15542,Experimental,1,training,29.976598639455784,0.12507905066013336,1172.994140625
15543,Experimental,1,training,29.976598639455784,0.06924106180667877,1173.0615234375
15625,Experimental,1,training,30.002721088435376,0.04672615975141525,704.7021484375
15769,Electronic,0,validation,29.976598639455784,0.1476392149925232,586.8671875
15770,Electronic,0,validation,29.976598639455784,0.11618174612522125,586.8623046875
15771,Electronic,0,validation,29.976598639455784,0.08364247530698776,586.86328125
15772,Electronic,0,validation,30.002721088435376,0.08736220747232437,587.3779296875
15773,Electronic,0,validation,29.976598639455784,0.08714936673641205,586.8671875
15880,International,5,training,29.976598639455784,0.05747690424323082,469.1142578125
16095,Pop,6,training,30.002721088435376,0.1476241946220398,704.7021484375
16155,Pop,6,training,30.002721088435376,0.10818462818861008,1174.142578125
16158,Pop,6,training,29.976598639455784,0.07148498296737671,1173.2021484375
16162,Hip-Hop,3,training,29.976598639455784,0.07495864480733871,1173.1201171875
16163,Pop,6,training,29.976598639455784,0.07971715182065964,1173.109375
16334,International,5,training,30.002721088435376,0.08675400912761688,587.4208984375
16337,Pop,6,test,29.976598639455784,0.14812585711479187,704.0927734375
16338,Pop,6,test,30.002721088435376,0.0991925522685051,704.7265625
16339,Pop,6,test,29.976598639455784,0.126331627368927,704.115234375
16340,Pop,6,test,30.002721088435376,0.14346228539943695,704.7412109375
16354,Rock,7,training,30.002721088435376,0.1577945500612259,704.7900390625
16743,International,5,training,29.976598639455784,0.09310922771692276,704.037109375
16744,International,5,training,30.002721088435376,0.10224910825490952,704.650390625
16745,International,5,training,30.002721088435376,0.09260466694831848,704.6484375
16747,International,5,training,29.976598639455784,0.17432254552841187,704.037109375
16819,Rock,7,training,29.976598639455784,0.14070193469524384,692.115234375
16820,Rock,7,training,29.976598639455784,0.1524287760257721,690.1748046875
16821,Rock,7,training,30.002721088435376,0.14195860922336578,689.671875
16822,Rock,7,training,29.976598639455784,0.06874287873506546,673.201171875
16878,Hip-Hop,3,training,30.002721088435376,0.29839766025543213,470.00390625
16879,Hip-Hop,3,training,29.976598639455784,0.22439925372600555,469.5830078125
16880,Hip-Hop,3,training,29.976598639455784,0.27855631709098816,469.5791015625
16895,Pop,6,validation,29.976598639455784,0.22068767249584198,704.0927734375
16994,Rock,7,test,29.976598639455784,0.11474845558404922,704.099609375
16995,Rock,7,test,29.976598639455784,0.11335835605859756,704.1015625
16997,Rock,7,test,29.976598639455784,0.13451986014842987,704.1044921875
17132,Folk,2,training,29.976598639455784,0.1766430288553238,704.078125
17344,Pop,6,validation,30.002721088435376,0.0666365921497345,587.3837890625
17345,Pop,6,validation,29.976598639455784,0.14608070254325867,586.8603515625
17462,Rock,7,training,29.976598639455784,0.1403927206993103,704.2294921875
17491,Hip-Hop,3,training,29.976598639455784,0.09715266525745392,1173.0009765625
17496,Hip-Hop,3,training,29.976598639455784,0.09250620752573013,1173.0078125
17499,Hip-Hop,3,training,29.976598639455784,0.12979398667812347,1172.99609375
17500,Hip-Hop,3,training,29.976598639455784,0.09035617858171463,1173.06640625
17573,Experimental,1,training,29.988979591836735,0.1504174768924713,587.0634765625
17588,Electronic,0,training,29.976598639455784,0.27017268538475037,938.4345703125
17605,International,5,training,30.002721088435376,0.07671120017766953,939.484375
17606,International,5,training,29.976598639455784,0.12804776430130005,938.6650390625
17607,International,5,training,29.976598639455784,0.17885097861289978,938.6630859375
17608,International,5,training,30.002721088435376,0.04294280707836151,939.48046875
17609,International,5,training,30.002721088435376,0.08741570264101028,938.818359375
17610,International,5,training,29.976598639455784,0.1015818864107132,938.705078125
17611,International,5,training,29.976598639455784,0.05176447704434395,938.689453125
17631,International,5,training,29.964580498866212,0.12387446314096451,584.4580078125
17632,International,5,training,29.990702947845804,0.12683317065238953,584.740234375
17633,International,5,training,29.990702947845804,0.11901817470788956,584.9658203125
17634,International,5,training,29.964580498866212,0.11595407873392105,584.560546875
17635,International,5,training,29.964580498866212,0.1441083550453186,584.6123046875
17636,International,5,training,29.964580498866212,0.08381876349449158,585.4501953125
17637,International,5,training,29.964580498866212,0.11392974108457565,585.2822265625
17644,Experimental,1,training,30.002721088435376,0.10775117576122284,814.140625
17735,Rock,7,training,30.002721088435376,0.2799062132835388,587.3603515625
17782,Hip-Hop,3,training,29.976598639455784,0.2087775319814682,704.140625
17884,Electronic,0,training,29.976598639455784,0.3548557162284851,743.7802734375
17906,Pop,6,training,30.002721088435376,0.09712526202201843,1174.138671875
18031,International,5,training,30.002721088435376,0.1277860850095749,939.55859375
18032,International,5,training,29.976598639455784,0.11615177243947983,938.7431640625
18033,International,5,training,30.002721088435376,0.1299397051334381,939.55859375
18034,International,5,training,30.002721088435376,0.09131628274917603,939.55859375
18037,International,5,validation,29.976598639455784,0.05384005978703499,938.70703125
18038,International,5,validation,30.002721088435376,0.0320340059697628,939.5234375
18039,International,5,validation,30.002721088435376,0.04560177028179169,939.5234375
18043,International,5,training,29.976598639455784,0.05982512608170509,938.7236328125
18044,International,5,training,29.976598639455784,0.07450851052999496,938.7236328125
18112,Experimental,1,test,29.976598639455784,0.14274568855762482,938.4677734375
18124,Experimental,1,training,29.976598639455784,0.32576096057891846,1172.767578125
18144,Pop,6,training,30.002721088435376,0.2019607573747635,587.3583984375
18145,Pop,6,training,30.002721088435376,0.28920653462409973,587.3681640625
18146,Pop,6,training,29.976598639455784,0.2267407327890396,586.841796875
18159,Folk,2,training,29.976598639455784,0.1674099713563919,937.5625
18197,Rock,7,training,29.976598639455784,0.16743315756320953,938.5966796875
18350,Folk,2,test,29.976598639455784,0.15423300862312317,938.6533203125
18607,Rock,7,training,30.002721088435376,0.25308001041412354,939.447265625
18611,Rock,7,training,29.976598639455784,0.23942087590694427,938.6416015625
18876,Experimental,1,training,30.002721088435376,0.21880881488323212,469.8203125
18877,Experimental,1,training,30.002721088435376,0.22164641320705414,469.8427734375
18887,Rock,7,training,30.002721088435376,0.13151296973228455,1174.0537109375
19073,Pop,6,training,30.002721088435376,0.04836905747652054,939.46875
19074,Pop,6,training,29.976598639455784,0.10431800782680511,938.6552734375
19179,Rock,7,training,29.976598639455784,0.13195271790027618,704.1318359375
19184,Rock,7,training,29.976598639455784,0.16550365090370178,704.1513671875
19187,Rock,7,training,29.976598639455784,0.15469662845134735,704.126953125
19192,Experimental,1,training,30.002721088435376,0.36211663484573364,587.4228515625
19412,Pop,6,training,29.976598639455784,0.12611451745033264,1173.1279296875
19413,Pop,6,training,29.976598639455784,0.12760192155838013,1173.1328125
19415,Pop,6,training,29.976598639455784,0.17513160407543182,1173.125
19416,Pop,6,training,29.976598639455784,0.1488598734140396,1173.123046875
19417,Pop,6,training,29.976598639455784,0.12536469101905823,1173.12890625
19418,Pop,6,training,29.976598639455784,0.13676944375038147,1173.16015625
19420,Pop,6,training,29.976598639455784,0.09911222010850906,1173.1904296875
19422,Pop,6,training,29.976598639455784,0.10962609201669693,1173.1357421875
19423,Pop,6,training,30.002721088435376,0.23895424604415894,1174.142578125
19425,Pop,6,training,30.002721088435376,0.10567163676023483,1174.1201171875
19438,Hip-Hop,3,training,30.002721088435376,0.05932336300611496,1174.1083984375
19439,Hip-Hop,3,test,29.976598639455784,0.090939000248909,1173.0732421875
19441,Pop,6,training,30.002721088435376,0.10315590351819992,1174.1591796875
19442,Pop,6,training,30.002721088435376,0.07385525852441788,1174.080078125
19459,International,5,training,30.002721088435376,0.18687526881694794,939.4375
19673,International,5,validation,30.002721088435376,0.10514188557863235,939.505859375
19674,International,5,validation,29.976598639455784,0.054293449968099594,938.7060546875
19685,Rock,7,test,29.976598639455784,0.21708621084690094,703.98828125
19689,Pop,6,validation,30.002721088435376,0.14087319374084473,1174.095703125
19707,Folk,2,training,30.002721088435376,0.18396849930286407,704.64453125
19708,Folk,2,training,29.976598639455784,0.12584494054317474,704.0458984375
19729,Hip-Hop,3,training,29.988979591836735,0.25983303785324097,1173.443359375
19758,Pop,6,training,29.976598639455784,0.09412731230258942,1173.0546875
19759,Pop,6,training,30.002721088435376,0.13740719854831696,1174.0830078125
19760,Pop,6,training,29.976598639455784,0.05591968074440956,1173.0751953125
19889,International,5,training,29.976598639455784,0.28092581033706665,586.8916015625
19890,International,5,training,29.976598639455784,0.1215180903673172,586.9228515625
19891,International,5,training,30.002721088435376,0.19824039936065674,587.396484375
20050,Rock,7,training,30.002721088435376,0.1952042281627655,1174.1015625
20296,Experimental,1,test,29.976598639455784,0.0834955945611,1173.0986328125
20361,Instrumental,4,training,30.002721088435376,0.08099492639303207,1173.6298828125
20362,Instrumental,4,training,29.976598639455784,0.11899470537900925,1172.609375
20364,Instrumental,4,training,30.002721088435376,0.04666022211313248,1173.6376953125
20365,Instrumental,4,training,30.002721088435376,0.11182202398777008,1173.6337890625
20366,Instrumental,4,training,29.976598639455784,0.04736977070569992,1172.6083984375
20369,Instrumental,4,training,30.002721088435376,0.028888853266835213,1173.6328125
20372,Instrumental,4,training,30.002721088435376,0.0307906661182642,1173.6279296875
20373,Instrumental,4,training,29.976598639455784,0.10662513226270676,1172.607421875
20374,Instrumental,4,training,29.976598639455784,0.1160723939538002,1172.6083984375
20375,Instrumental,4,training,29.976598639455784,0.11861958354711533,1172.6171875
20376,Instrumental,4,training,30.002721088435376,0.11222631484270096,1173.6279296875
20424,Experimental,1,training,30.002721088435376,0.051520127803087234,704.54296875
20432,International,5,training,29.976598639455784,0.2187509983778,1172.7080078125
20469,Hip-Hop,3,training,30.002721088435376,0.28933438658714294,499.390625
20667,Electronic,0,test,29.976598639455784,0.374365895986557,469.662109375
20704,Pop,6,training,30.002721088435376,0.30648306012153625,939.392578125
20818,Experimental,1,validation,29.976598639455784,0.2833208739757538,938.6015625
21058,Experimental,1,training,29.976598639455784,0.023832669481635094,704.1103515625
21085,Electronic,0,training,29.976598639455784,0.3464571535587311,1173.12890625
21087,Folk,2,training,30.002721088435376,0.01864943839609623,939.2197265625
21167,Electronic,0,training,29.976598639455784,0.33560702204704285,552.1376953125
21228,Hip-Hop,3,training,29.976598639455784,0.2205730676651001,888.697265625
21231,Pop,6,training,30.002721088435376,0.22703130543231964,704.7509765625
21232,Pop,6,training,29.976598639455784,0.25945398211479187,1173.037109375
21400,Pop,6,training,29.976598639455784,0.22939369082450867,938.654296875
21401,Pop,6,training,30.002721088435376,0.13810914754867554,939.435546875
21402,Pop,6,training,29.976598639455784,0.09220927953720093,938.6083984375
21403,Pop,6,training,30.002721088435376,0.1597672551870346,939.4287109375
21404,Pop,6,training,29.976598639455784,0.24305573105812073,938.5986328125
21409,Pop,6,training,30.002721088435376,0.18623709678649902,939.4814453125
21422,Electronic,0,training,29.976598639455784,0.26693257689476013,938.6787109375
21565,Pop,6,validation,29.976598639455784,0.19432024657726288,938.103515625
21587,Pop,6,validation,30.002721088435376,0.10529763251543045,938.9228515625
21657,Pop,6,training,29.976598639455784,0.3108856976032257,469.76171875
21672,Pop,6,training,30.002721088435376,0.26610612869262695,1173.7099609375
21676,Pop,6,training,29.976598639455784,0.1614372432231903,1173.1142578125
21677,Pop,6,training,30.002721088435376,0.13467682898044586,1173.8251953125
21707,Folk,2,training,30.002721088435376,0.11116340756416321,704.888671875
21774,Experimental,1,training,29.976598639455784,0.03963477909564972,938.6357421875
21842,Electronic,0,training,30.002721088435376,0.04902086779475212,939.3427734375
21859,Rock,7,training,29.976598639455784,0.2360069751739502,1172.6533203125
21860,Rock,7,training,30.002721088435376,0.25011542439460754,1173.6748046875
21891,Electronic,0,training,30.002721088435376,0.39125895500183105,1174.0791015625
21895,Electronic,0,training,30.002721088435376,0.36114683747291565,1174.0703125
21995,Pop,6,test,29.976598639455784,0.2854270935058594,938.384765625
21996,Pop,6,test,29.976598639455784,0.18679337203502655,938.3623046875
21997,Pop,6,test,29.976598639455784,0.2349589765071869,938.37109375
21998,Pop,6,test,30.002721088435376,0.23826298117637634,939.1943359375
21999,Pop,6,test,29.976598639455784,0.3155727982521057,938.3671875
22000,Pop,6,test,29.976598639455784,0.2529386579990387,938.3662109375
22001,Pop,6,test,30.002721088435376,0.37644559144973755,821.8671875
22088,Hip-Hop,3,training,30.002721088435376,0.12639890611171722,1174.2099609375
22091,Hip-Hop,3,training,30.002721088435376,0.09757281094789505,1174.2490234375
22093,Rock,7,training,30.002721088435376,0.09326338022947311,1174.166015625
22094,Hip-Hop,3,training,30.002721088435376,0.10937445610761642,1174.1015625
22095,Electronic,0,training,30.002721088435376,0.17501354217529297,1174.1767578125
22097,Pop,6,training,30.002721088435376,0.07684798538684845,1174.1357421875
22150,Experimental,1,validation,29.976598639455784,0.17587202787399292,1173.0869140625
22295,Hip-Hop,3,training,30.002721088435376,0.1908678412437439,884.3916015625
22296,Hip-Hop,3,validation,29.976598639455784,0.16610310971736908,938.6787109375
22315,International,5,validation,29.976598639455784,0.1634277105331421,938.4677734375
22348,Pop,6,training,29.976598639455784,0.12513919174671173,820.7275390625
22472,Pop,6,training,30.002721088435376,0.056811947375535965,1173.9912109375
22473,Pop,6,training,30.002721088435376,0.07610835880041122,1173.9873046875
22474,Pop,6,training,30.002721088435376,0.08062680065631866,1173.9892578125
22475,Pop,6,training,30.002721088435376,0.06425143778324127,1173.9833984375
22476,Pop,6,training,29.976598639455784,0.12182813137769699,1173.0029296875
22477,Pop,6,training,30.002721088435376,0.07049699127674103,1173.984375
22478,Pop,6,training,30.002721088435376,0.1161724179983139,1173.9931640625
22479,Pop,6,training,29.976598639455784,0.09272482246160507,1172.9580078125
22480,Pop,6,training,29.976598639455784,0.10309545695781708,1172.953125
22481,Pop,6,training,29.976598639455784,0.09022064507007599,1172.9658203125
23010,Electronic,0,test,29.976598639455784,0.12512005865573883,1172.7900390625
23013,Electronic,0,training,29.976598639455784,0.23605835437774658,777.1298828125
23014,Folk,2,validation,30.002721088435376,0.25381311774253845,621.7705078125
23015,Folk,2,training,29.976598639455784,0.2229553759098053,647.5888671875
23016,Electronic,0,training,30.002721088435376,0.1581985503435135,1173.6923828125
23037,Rock,7,training,29.976598639455784,0.08235225081443787,1173.0830078125
23039,Pop,6,training,30.002721088435376,0.06748504191637039,1174.134765625
23041,Rock,7,test,30.002721088435376,0.0606260821223259,1174.1298828125
23063,Experimental,1,test,30.002721088435376,0.18569234013557434,703.232421875
23155,International,5,training,30.002721088435376,0.18221046030521393,789.79296875
23156,International,5,training,29.976598639455784,0.15932078659534454,807.21875
23172,Rock,7,training,30.002721088435376,0.14037257432937622,814.828125
23329,Experimental,1,validation,29.976598639455784,0.025759724900126457,938.18359375
23353,Electronic,0,training,30.002721088435376,0.026699142530560493,592.6640625
23355,Electronic,0,validation,30.002721088435376,0.19534260034561157,1173.685546875
23371,Folk,2,training,30.002721088435376,0.13088147342205048,553.75390625
23372,Electronic,0,training,30.002721088435376,0.27850666642189026,704.2275390625
23505,Electronic,0,training,29.976598639455784,0.1953742653131485,1172.6025390625
23862,Electronic,0,test,30.002721088435376,0.364948034286499,578.7919921875
24216,Experimental,1,training,29.976598639455784,0.12980839610099792,469.6279296875
24217,Experimental,1,training,30.002721088435376,0.08196267485618591,470.0244140625
24218,Experimental,1,training,30.002721088435376,0.11159801483154297,470.0478515625
24362,International,5,training,30.002721088435376,0.13092057406902313,469.6650390625
24363,International,5,training,29.976598639455784,0.09793315082788467,469.255859375
24364,International,5,training,29.976598639455784,0.08707478642463684,469.2685546875
24365,International,5,training,29.976598639455784,0.10163138061761856,469.26953125
24366,International,5,training,30.002721088435376,0.0724392980337143,469.685546875
24367,International,5,training,29.976598639455784,0.07563500106334686,469.2685546875
24368,International,5,training,30.002721088435376,0.1080346554517746,469.6689453125
24369,International,5,training,29.976598639455784,0.11088554561138153,469.2646484375
24370,International,5,training,29.976598639455784,0.09343378990888596,469.26171875
24371,International,5,training,30.002721088435376,0.1285306215286255,469.6669921875
24418,Hip-Hop,3,training,30.002721088435376,0.49533286690711975,469.947265625
24420,Hip-Hop,3,training,30.002721088435376,0.3923121690750122,469.9384765625
24421,Hip-Hop,3,training,29.976598639455784,0.5782704949378967,469.5478515625
24422,Hip-Hop,3,training,29.976598639455784,0.4656693935394287,469.546875
24423,Hip-Hop,3,training,29.976598639455784,0.38097211718559265,469.5419921875
24424,Hip-Hop,3,training,30.002721088435376,0.45253419876098633,469.9482421875
24425,Hip-Hop,3,training,30.002721088435376,0.2695459723472595,469.955078125
24426,Hip-Hop,3,training,29.976598639455784,0.42188653349876404,469.5771484375
24427,Hip-Hop,3,training,30.002721088435376,0.38741129636764526,469.96875
24428,Hip-Hop,3,training,30.002721088435376,0.49913638830184937,469.9443359375
24429,Hip-Hop,3,training,29.976598639455784,0.4090852737426758,469.5380859375
24430,Hip-Hop,3,training,30.002721088435376,0.3662363588809967,469.935546875
24431,Hip-Hop,3,training,29.976598639455784,0.4456325173377991,469.55078125
24432,Hip-Hop,3,training,29.976598639455784,0.45241934061050415,469.5576171875
24512,Experimental,1,training,29.976598639455784,0.20347262918949127,1172.0908203125
24515,Experimental,1,training,30.002721088435376,0.06569844484329224,1173.1044921875
24521,Experimental,1,training,30.002721088435376,0.10118331015110016,1173.15625
24524,Experimental,1,training,29.976598639455784,0.0688820406794548,1172.09765625
24698,International,5,training,30.002721088435376,0.07053107023239136,939.521484375
24699,International,5,training,30.002721088435376,0.09537134319543839,939.5234375
24700,International,5,training,29.976598639455784,0.07245374470949173,938.6953125
24701,International,5,training,29.976598639455784,0.04243642836809158,938.685546875
24702,International,5,training,30.002721088435376,0.07686606794595718,939.51171875
24717,International,5,training,29.976598639455784,0.03425554558634758,938.6279296875
24720,International,5,training,29.976598639455784,0.03337413817644119,938.7314453125
24739,International,5,training,30.002721088435376,0.0011882383842021227,939.53515625
24741,International,5,training,30.002721088435376,0.0012851241044700146,939.5556640625
24742,International,5,training,30.002721088435376,0.001159120467491448,939.5224609375
24745,International,5,training,29.976598639455784,0.0021059445571154356,938.6484375
24746,International,5,training,29.976598639455784,0.0016520315548405051,938.6767578125
24747,International,5,training,29.976598639455784,0.0013423650525510311,938.716796875
24748,International,5,training,30.002721088435376,0.0013567268615588546,939.462890625
24749,International,5,training,30.002721088435376,0.0019926992245018482,939.4580078125
24842,International,5,training,29.976598639455784,0.018435044214129448,937.6923828125
24898,Experimental,1,training,29.976598639455784,0.037082694470882416,938.3486328125
24899,Experimental,1,training,30.002721088435376,0.1222306564450264,939.1708984375
24901,Experimental,1,training,30.002721088435376,0.006760769989341497,939.1728515625
24912,Experimental,1,training,30.002721088435376,0.05861799418926239,939.1630859375
24915,Experimental,1,training,29.976598639455784,0.03833230584859848,938.34765625
24917,Experimental,1,training,30.002721088435376,0.007096908055245876,939.173828125
24963,Experimental,1,training,30.002721088435376,0.27459096908569336,704.798828125
24975,Experimental,1,training,29.976598639455784,0.11761602014303207,704.197265625
24983,Experimental,1,training,29.976598639455784,0.26174837350845337,704.2431640625
25028,International,5,validation,29.976598639455784,0.0014334057923406363,938.423828125
25030,International,5,validation,29.976598639455784,0.001624577329494059,938.3720703125
25031,International,5,validation,29.976598639455784,0.0011567736510187387,938.6435546875
25032,International,5,validation,29.976598639455784,0.0015354030765593052,938.3662109375
25055,Pop,6,test,30.002721088435376,0.09433078020811081,704.6552734375
25063,Experimental,1,training,29.976598639455784,0.22295840084552765,703.6572265625
25066,Electronic,0,training,29.976598639455784,0.2498883306980133,1172.609375
25104,Pop,6,training,30.002721088435376,0.18371017277240753,946.85546875
25124,Pop,6,training,29.976598639455784,0.14896100759506226,973.3408203125
25215,International,5,training,30.002721088435376,0.0020393789745867252,938.9736328125
25216,International,5,training,29.976598639455784,0.0016629380406811833,938.7392578125
25324,Experimental,1,training,29.976598639455784,0.11685918271541595,1172.7392578125
25378,Electronic,0,training,29.988979591836735,0.19494210183620453,797.1533203125
25601,International,5,training,29.976598639455784,0.23049777746200562,1172.302734375
25603,International,5,training,29.976598639455784,0.18304331600666046,1172.2314453125
25605,International,5,training,29.976598639455784,0.1675351858139038,1172.2470703125
25606,International,5,training,29.976598639455784,0.13651272654533386,1172.2041015625
25608,International,5,training,29.976598639455784,0.14898960292339325,1172.244140625
25609,International,5,training,30.002721088435376,0.16855783760547638,1173.220703125
25668,International,5,validation,29.976598639455784,0.18801766633987427,1172.1240234375
25669,International,5,validation,29.976598639455784,0.17912910878658295,1172.1064453125
25670,International,5,validation,29.976598639455784,0.12026996165513992,1172.0703125
25795,International,5,training,30.002721088435376,0.19150540232658386,704.81640625
25796,International,5,training,30.002721088435376,0.15691426396369934,704.8056640625
25797,International,5,training,29.976598639455784,0.24036024510860443,704.1943359375
25802,International,5,training,30.002721088435376,0.20474252104759216,704.810546875
25804,International,5,training,30.002721088435376,0.1945442259311676,704.8251953125
26007,Hip-Hop,3,training,29.976598639455784,0.18577004969120026,794.4423828125
26008,Hip-Hop,3,training,29.976598639455784,0.12778596580028534,845.9755859375
26010,Hip-Hop,3,training,29.976598639455784,0.18411743640899658,919.8994140625
26011,Hip-Hop,3,training,29.976598639455784,0.20593109726905823,891.01171875
26012,Hip-Hop,3,training,30.002721088435376,0.16914524137973785,917.1162109375
26013,Hip-Hop,3,training,30.002721088435376,0.20432637631893158,863.08984375
26014,Hip-Hop,3,training,29.976598639455784,0.18658272922039032,957.9345703125
26016,Hip-Hop,3,training,30.002721088435376,0.2677910625934601,819.39453125
26017,Hip-Hop,3,training,29.976598639455784,0.1932327151298523,897.4423828125
26020,Hip-Hop,3,training,30.002721088435376,0.18932679295539856,874.1669921875
26021,Hip-Hop,3,training,29.976598639455784,0.20015031099319458,904.8017578125
26022,Hip-Hop,3,training,29.976598639455784,0.2037818729877472,784.58984375
26025,Hip-Hop,3,training,29.976598639455784,0.1563546061515808,912.626953125
26026,Hip-Hop,3,training,29.976598639455784,0.15384504199028015,941.25390625
26034,Hip-Hop,3,training,30.002721088435376,0.25827163457870483,469.8984375
26035,Hip-Hop,3,training,30.002721088435376,0.1480644941329956,704.5869140625
26036,Hip-Hop,3,training,30.002721088435376,0.12661287188529968,670.224609375
26169,Pop,6,training,30.002721088435376,0.2168201059103012,470.017578125
26174,Pop,6,training,29.976598639455784,0.24205030500888824,469.201171875
26298,Pop,6,training,29.976598639455784,0.260320246219635,586.7861328125
26301,Experimental,1,training,30.002721088435376,0.15637512505054474,587.3515625
26302,Folk,2,training,30.002721088435376,0.1719021052122116,587.18359375
26307,Experimental,1,training,30.002721088435376,0.2880232036113739,704.5732421875
26322,Experimental,1,training,30.002721088435376,0.1218017116189003,704.4755859375
26464,Folk,2,training,29.976598639455784,0.042049016803503036,737.4052734375
26465,Folk,2,training,30.002721088435376,0.041588231921195984,769.640625
26466,Folk,2,training,29.976598639455784,0.02300642803311348,849.0166015625
26583,Experimental,1,training,30.002721088435376,0.10370095074176788,1175.0341796875
26600,Experimental,1,training,29.976598639455784,0.09732411801815033,1173.3154296875
26605,Experimental,1,training,29.976598639455784,0.1251654326915741,1173.2255859375
26629,Electronic,0,training,30.002721088435376,0.2680308222770691,1174.0712890625
26638,Rock,7,training,29.976598639455784,0.24485118687152863,795.0888671875
26639,Rock,7,training,30.002721088435376,0.19240055978298187,560.3505859375
26640,Rock,7,training,29.976598639455784,0.13817282021045685,563.4609375
26641,Rock,7,training,29.976598639455784,0.14933963119983673,541.0400390625
26642,Rock,7,training,29.976598639455784,0.1233217790722847,574.79296875
26643,Rock,7,training,30.002721088435376,0.20837661623954773,527.7822265625
26651,Electronic,0,training,30.002721088435376,0.17120817303657532,704.330078125
26652,Electronic,0,training,30.002721088435376,0.2027699500322342,719.4921875
26653,Electronic,0,training,29.976598639455784,0.1746867299079895,786.4013671875
26654,Electronic,0,training,29.976598639455784,0.24216575920581818,732.2421875
26655,Electronic,0,training,30.002721088435376,0.30264538526535034,791.1162109375
26656,Electronic,0,training,29.976598639455784,0.2410387545824051,695.125
26657,Electronic,0,training,30.002721088435376,0.16548936069011688,687.216796875
26658,Electronic,0,training,29.976598639455784,0.17340348660945892,772.4345703125
26659,Electronic,0,training,29.976598639455784,0.13890254497528076,661.986328125
26674,Rock,7,training,29.976598639455784,0.16438443958759308,937.578125
26681,Rock,7,training,29.976598639455784,0.11700824648141861,937.576171875
26754,Pop,6,training,29.976598639455784,0.13159668445587158,704.134765625
26765,Pop,6,training,30.002721088435376,0.025524528697133064,704.7607421875
26859,Electronic,0,test,30.002721088435376,0.11886190623044968,470.0244140625
26861,Electronic,0,test,30.002721088435376,0.15771538019180298,939.4169921875
26902,Electronic,0,test,29.976598639455784,0.23004020750522614,1173.0
26904,Electronic,0,test,30.002721088435376,0.13348351418972015,1174.056640625
26905,Electronic,0,test,29.976598639455784,0.19623984396457672,1173.09375
26906,Electronic,0,test,29.976598639455784,0.20911362767219543,1173.0087890625
27164,Pop,6,training,29.976598639455784,0.14917859435081482,1173.11328125
27177,Electronic,0,training,30.002721088435376,0.31612491607666016,704.6015625
27194,International,5,training,29.976598639455784,0.10618513077497482,1172.3017578125
27195,International,5,training,30.002721088435376,0.07604162395000458,1173.3212890625
27197,International,5,training,29.976598639455784,0.09447956085205078,1172.3017578125
27198,International,5,training,29.976598639455784,0.08239148557186127,1172.3017578125
27258,Folk,2,training,29.976598639455784,0.1532927006483078,988.404296875
27406,Electronic,0,training,29.976598639455784,0.28884652256965637,938.5234375
27454,Experimental,1,training,30.002721088435376,0.08581284433603287,1173.119140625
27455,Experimental,1,training,29.976598639455784,0.08442852646112442,1172.099609375
27456,Experimental,1,training,29.976598639455784,0.07405055314302444,1172.099609375
27547,Pop,6,training,29.976598639455784,0.057554036378860474,469.5771484375
27548,Pop,6,training,30.002721088435376,0.10267740488052368,470.005859375
27549,Pop,6,training,30.002721088435376,0.1361895352602005,469.990234375
27550,Pop,6,training,29.976598639455784,0.09778537601232529,469.666015625
27551,Pop,6,training,30.002721088435376,0.1432037204504013,470.0029296875
27552,Pop,6,training,29.976598639455784,0.1193479597568512,469.568359375
27609,International,5,training,29.976598639455784,0.13364607095718384,930.583984375
27610,International,5,training,29.976598639455784,0.09935624152421951,915.4990234375
27611,International,5,training,29.976598639455784,0.22317223250865936,928.5439453125
27612,International,5,training,30.002721088435376,0.1098196730017662,929.6630859375
27613,International,5,training,30.002721088435376,0.17659448087215424,921.9150390625
27667,Electronic,0,training,29.976598639455784,0.14562572538852692,1173.0390625
27673,Electronic,0,training,29.976598639455784,0.2865641117095947,586.6611328125
27797,Pop,6,training,29.976598639455784,0.20411579310894012,754.5859375
27798,Electronic,0,validation,29.976598639455784,0.22408969700336456,704.22265625
27799,Hip-Hop,3,training,30.002721088435376,0.1715431958436966,704.7158203125
27802,Pop,6,training,29.988979591836735,0.18235982954502106,1173.5185546875
27803,Experimental,1,training,29.976598639455784,0.16854196786880493,704.1357421875
27804,Folk,2,training,29.976598639455784,0.19440177083015442,778.7216796875
27805,Pop,6,training,29.976598639455784,0.123846136033535,1173.1337890625
27855,Folk,2,training,29.976598639455784,0.14930619299411774,469.623046875
27856,Folk,2,training,29.976598639455784,0.12933039665222168,469.4013671875
27866,Experimental,1,training,30.002721088435376,0.05355551838874817,469.986328125
27945,Experimental,1,training,30.002721088435376,0.056874193251132965,469.8291015625
27953,International,5,training,29.976598639455784,0.029211394488811493,469.4208984375
27975,International,5,training,29.976598639455784,0.10287787765264511,920.6875
27978,International,5,training,29.976598639455784,0.09719531983137131,920.3740234375
27981,International,5,training,30.002721088435376,0.0878058522939682,919.5966796875
27987,International,5,training,29.976598639455784,0.05315239727497101,875.2041015625
28070,Rock,7,test,29.976598639455784,0.1625979095697403,938.44921875
28072,Rock,7,test,30.002721088435376,0.17675858736038208,939.271484375
28179,Electronic,0,test,30.002721088435376,0.3918680250644684,1174.1240234375
28241,Experimental,1,training,29.976598639455784,0.12237022817134857,1173.0947265625
28260,Rock,7,training,29.976598639455784,0.29729488492012024,1173.166015625
28266,Rock,7,test,29.976598639455784,0.24644294381141663,1173.15234375
28274,Rock,7,validation,30.002721088435376,0.10093638300895691,1174.244140625
28375,Experimental,1,validation,29.976598639455784,0.0855548232793808,1173.0986328125
28376,Experimental,1,validation,29.976598639455784,0.11077594757080078,1173.109375
28477,Pop,6,training,30.002721088435376,0.2722736895084381,1089.953125
28478,Pop,6,training,30.002721088435376,0.15114985406398773,858.48828125
28479,Pop,6,training,29.976598639455784,0.28686457872390747,1100.869140625
28480,Pop,6,training,30.002721088435376,0.3258207142353058,971.1953125
28481,Pop,6,training,30.002721088435376,0.15049178898334503,865.1748046875
28482,Pop,6,training,29.976598639455784,0.2885865867137909,985.423828125
28483,Pop,6,training,29.976598639455784,0.22876770794391632,891.3466796875
28484,Pop,6,training,30.002721088435376,0.21222499012947083,1027.833984375
28485,Pop,6,training,29.976598639455784,0.28070521354675293,1057.3251953125
28546,Electronic,0,training,29.976598639455784,0.1623191237449646,586.92578125
28548,Electronic,0,training,30.002721088435376,0.16869883239269257,692.01171875
28553,Electronic,0,training,30.002721088435376,0.09705790132284164,468.837890625
28571,Experimental,1,training,29.976598639455784,0.16938650608062744,469.6376953125
28608,Pop,6,training,29.976598639455784,0.07930468767881393,1171.939453125
28692,Rock,7,test,30.002721088435376,0.7084863781929016,468.9453125
28802,Pop,6,test,30.002721088435376,0.5444416999816895,469.984375
29037,Electronic,0,validation,30.002721088435376,0.2050962746143341,704.857421875
29039,Electronic,0,validation,30.002721088435376,0.17791347205638885,704.8544921875
29040,Electronic,0,validation,29.976598639455784,0.17681126296520233,704.244140625
29041,Electronic,0,validation,29.976598639455784,0.22472761571407318,704.2470703125
29042,Electronic,0,validation,30.002721088435376,0.12642596662044525,704.83984375
29043,Electronic,0,validation,30.002721088435376,0.1981564611196518,704.8271484375
29044,Electronic,0,validation,30.002721088435376,0.22655320167541504,704.880859375
29045,Pop,6,training,29.976598639455784,0.17292065918445587,469.609375
29128,Pop,6,training,29.976598639455784,0.4446255564689636,486.365234375
29180,Pop,6,training,30.002721088435376,0.06351950764656067,587.3798828125
29243,Pop,6,training,29.976598639455784,0.08310073614120483,469.6494140625
29245,Pop,6,training,30.002721088435376,0.11000220477581024,470.0390625
29255,Pop,6,training,30.002721088435376,0.08261459320783615,470.0546875
29271,Pop,6,training,29.976598639455784,0.09639083594083786,1173.1513671875
29272,Experimental,1,training,29.976598639455784,0.09174162894487381,1173.1640625
29350,International,5,validation,29.990702947845804,0.12942717969417572,587.3720703125
29351,International,5,test,29.990702947845804,0.22071649134159088,587.361328125
29355,International,5,training,29.990702947845804,0.3178361654281616,587.3271484375
29465,Experimental,1,training,30.002721088435376,0.14935438334941864,1173.1064453125
29480,Folk,2,training,30.002721088435376,0.21396608650684357,704.6142578125
29526,Electronic,0,validation,29.976598639455784,0.1133584976196289,704.109375
29528,Electronic,0,validation,30.002721088435376,0.14086543023586273,587.490234375
29530,Electronic,0,validation,29.976598639455784,0.1061081737279892,704.126953125
29587,Hip-Hop,3,training,30.002721088435376,0.2000940889120102,713.99609375
29602,Hip-Hop,3,training,29.976598639455784,0.25760746002197266,704.1171875
29673,Electronic,0,training,30.002721088435376,0.14420047402381897,1174.318359375
29718,Hip-Hop,3,training,29.976598639455784,0.2193530946969986,1172.109375
29719,Hip-Hop,3,training,29.976598639455784,0.18116387724876404,1172.09375
29720,Hip-Hop,3,training,30.002721088435376,0.1729244440793991,1173.09765625
29721,Hip-Hop,3,training,30.002721088435376,0.21120180189609528,1173.154296875
29738,Experimental,1,training,29.976598639455784,0.16599950194358826,538.47265625
29739,Experimental,1,training,30.002721088435376,0.1515125334262848,704.7529296875
29740,Experimental,1,training,29.976598639455784,0.19007600843906403,532.251953125
29741,Experimental,1,training,29.976598639455784,0.16513796150684357,592.744140625
29742,Experimental,1,training,30.002721088435376,0.14277973771095276,621.53125
29744,Experimental,1,training,29.976598639455784,0.18823815882205963,703.9658203125
29745,Experimental,1,training,29.976598639455784,0.08291614055633545,541.240234375
29746,Experimental,1,training,30.002721088435376,0.1005084365606308,645.21875
29747,Experimental,1,training,30.002721088435376,0.23236273229122162,673.009765625
29750,Experimental,1,training,29.976598639455784,0.09489593654870987,525.298828125
29752,Experimental,1,training,30.002721088435376,0.16440272331237793,736.30859375
29807,Rock,7,training,30.002721088435376,0.19125811755657196,939.37890625
29813,Rock,7,training,30.002721088435376,0.19427254796028137,939.34375
29816,Electronic,0,training,30.002721088435376,0.11741535365581512,939.267578125
29961,Hip-Hop,3,training,29.976598639455784,0.13298243284225464,1171.8740234375
29971,Folk,2,training,29.976598639455784,0.08431902527809143,469.662109375
30041,Hip-Hop,3,training,29.976598639455784,0.3902016878128052,821.2568359375
30043,Hip-Hop,3,training,29.976598639455784,0.3248943090438843,821.236328125
30050,Hip-Hop,3,training,29.976598639455784,0.3246338963508606,704.1123046875
30056,Hip-Hop,3,training,29.976598639455784,0.4815632104873657,704.1044921875
30058,Hip-Hop,3,training,30.002721088435376,0.4340176582336426,704.724609375
30059,Hip-Hop,3,training,29.976598639455784,0.2750692367553711,704.1298828125
30090,Experimental,1,training,30.002721088435376,0.18437382578849792,1173.9306640625
30095,Experimental,1,training,29.976598639455784,0.11983399838209152,1172.9072265625
30120,Experimental,1,training,30.002721088435376,0.052427370101213455,1174.1279296875
30196,Instrumental,4,training,29.976598639455784,0.09588590264320374,618.7861328125
30198,Experimental,1,training,29.976598639455784,0.1119290217757225,712.8916015625
30230,Hip-Hop,3,training,29.976598639455784,0.23322509229183197,1174.5224609375
30316,Experimental,1,test,30.002721088435376,0.06616853922605515,939.23046875
30486,Pop,6,training,29.976598639455784,0.2655789852142334,704.0966796875
30487,Pop,6,training,29.976598639455784,0.23752422630786896,704.126953125
30488,Pop,6,training,30.002721088435376,0.3602321445941925,1174.10546875
30519,Electronic,0,training,29.976598639455784,0.2268005907535553,704.169921875
30520,Electronic,0,training,29.976598639455784,0.16156870126724243,704.185546875
30521,Electronic,0,training,30.002721088435376,0.2265099138021469,704.7919921875
30522,Electronic,0,training,29.976598639455784,0.2433491051197052,704.181640625
30636,Experimental,1,training,30.002721088435376,0.01681225188076496,586.916015625
30682,Experimental,1,validation,30.002721088435376,0.09094325453042984,1173.9833984375
30690,Experimental,1,training,30.002721088435376,0.08583308011293411,1174.1357421875
30702,Experimental,1,validation,29.976598639455784,0.05928126350045204,1173.1318359375
30740,Experimental,1,training,30.002721088435376,0.061573326587677,685.5498046875
30895,Electronic,0,validation,29.976598639455784,0.28289666771888733,1172.9892578125
31040,Electronic,0,training,30.002721088435376,0.1751154363155365,1067.0537109375
31041,Electronic,0,training,30.002721088435376,0.13533656299114227,902.9296875
31042,Electronic,0,training,30.002721088435376,0.17511817812919617,872.7578125
31043,Electronic,0,training,29.976598639455784,0.14955662190914154,912.365234375
31044,Electronic,0,training,29.976598639455784,0.21397076547145844,1062.607421875
31165,International,5,training,29.976598639455784,0.24769210815429688,704.2021484375
31356,Folk,2,training,29.976598639455784,0.07969794422388077,938.5673828125
31389,Folk,2,training,29.976598639455784,0.0874781683087349,938.5576171875
31390,Folk,2,training,30.002721088435376,0.08912977576255798,939.3740234375
31391,Folk,2,training,30.002721088435376,0.10489214956760406,939.3671875
31392,Folk,2,training,30.002721088435376,0.0848764032125473,939.369140625
31568,Electronic,0,validation,29.976598639455784,0.1569167971611023,1173.171875
31807,Folk,2,training,29.976598639455784,0.23738603293895721,1173.10546875
31887,International,5,training,29.976598639455784,0.15189585089683533,938.7216796875
31888,International,5,training,30.002721088435376,0.1154642328619957,939.5390625
31889,International,5,training,30.002721088435376,0.11120083928108215,939.5615234375
31999,Rock,7,training,29.976598639455784,0.10310210287570953,1173.0439453125
32001,Rock,7,training,29.976598639455784,0.19796615839004517,1173.0634765625
32021,Rock,7,training,30.002721088435376,0.13770326972007751,939.474609375
32075,Rock,7,training,30.002721088435376,0.17637532949447632,939.4716796875
32081,Rock,7,training,30.002721088435376,0.11329717189073563,939.4384765625
32218,Electronic,0,training,29.976598639455784,0.2692109942436218,1172.9560546875
32325,Pop,6,training,29.976598639455784,0.04468536749482155,1172.95703125
32326,Pop,6,training,30.002721088435376,0.03858101740479469,1173.984375
32327,Pop,6,training,29.976598639455784,0.05286357179284096,1173.009765625
32328,Pop,6,training,29.976598639455784,0.062470439821481705,1172.9765625
32329,Pop,6,training,30.002721088435376,0.059758640825748444,1173.9951171875
32330,Pop,6,training,30.002721088435376,0.061946045607328415,1174.025390625
32331,Pop,6,training,30.002721088435376,0.04569045081734657,1173.998046875
32332,Pop,6,training,29.976598639455784,0.03954865410923958,1172.9541015625
32333,Pop,6,training,29.976598639455784,0.03171544149518013,1172.9775390625
32334,Pop,6,training,30.002721088435376,0.0857904925942421,1173.9970703125
32335,Pop,6,training,30.002721088435376,0.04947752133011818,1174.0087890625
32336,Pop,6,training,29.976598639455784,0.054081160575151443,1172.98828125
32337,Pop,6,training,30.002721088435376,0.04511626064777374,1174.0107421875
32338,Pop,6,training,30.002721088435376,0.02205405943095684,1173.982421875
32339,Pop,6,training,30.002721088435376,0.052641063928604126,1173.9951171875
32340,Pop,6,training,29.976598639455784,0.09788881242275238,1172.982421875
32433,Electronic,0,training,29.976598639455784,0.18842056393623352,938.7001953125
32435,Electronic,0,test,29.976598639455784,0.08414537459611893,938.6962890625
32437,Electronic,0,training,30.002721088435376,0.28358492255210876,939.5224609375
32438,Electronic,0,training,29.976598639455784,0.3452194631099701,938.7294921875
32439,Electronic,0,training,29.976598639455784,0.2659716010093689,938.7490234375
32525,Pop,6,training,30.002721088435376,0.08284640312194824,939.498046875
32686,Hip-Hop,3,training,29.976598639455784,0.1655527800321579,1171.9716796875
32687,Hip-Hop,3,training,29.976598639455784,0.17710758745670319,1171.98046875
32689,Hip-Hop,3,training,30.002721088435376,0.16697350144386292,1173.001953125
32693,Hip-Hop,3,training,29.976598639455784,0.11453242599964142,1171.974609375
32694,Hip-Hop,3,training,29.976598639455784,0.12940840423107147,1172.03125
32695,Hip-Hop,3,training,30.002721088435376,0.22278106212615967,1173.001953125
32755,Hip-Hop,3,training,30.002721088435376,0.13644105195999146,1174.1943359375
32756,Folk,2,validation,29.976598639455784,0.09288091212511063,1173.1650390625
32759,Pop,6,training,30.002721088435376,0.07800377905368805,1174.267578125
32760,Pop,6,training,30.002721088435376,0.08793379366397858,1174.20703125
32800,Folk,2,training,30.002721088435376,0.14962269365787506,1173.1728515625
32882,Hip-Hop,3,training,30.002721088435376,0.28228235244750977,704.7724609375
33020,Rock,7,training,30.002721088435376,0.12326236069202423,703.72265625
33049,Folk,2,training,30.002721088435376,0.17142660915851593,939.4814453125
33050,Folk,2,training,29.976598639455784,0.2140216827392578,938.6689453125
33064,Electronic,0,training,30.002721088435376,0.3791727125644684,523.95703125
33067,International,5,training,29.976598639455784,0.13489075005054474,938.703125
33068,International,5,training,30.002721088435376,0.13099145889282227,939.482421875
33069,International,5,training,30.002721088435376,0.1408461034297943,939.5341796875
33070,International,5,training,29.976598639455784,0.12632033228874207,938.708984375
33071,International,5,training,29.976598639455784,0.125912606716156,938.7216796875
33072,International,5,training,29.976598639455784,0.15930724143981934,938.7001953125
33123,Electronic,0,training,30.002721088435376,0.27706098556518555,1174.1103515625
33124,Electronic,0,training,30.002721088435376,0.04727679118514061,1174.1240234375
33203,Electronic,0,training,30.002721088435376,0.05866875872015953,1174.01953125
33216,Electronic,0,training,29.976598639455784,0.2582314610481262,1173.1123046875
33221,Electronic,0,training,29.976598639455784,0.12481449544429779,1173.0810546875
33278,Experimental,1,training,29.976598639455784,0.2117631584405899,1173.001953125
33415,International,5,training,29.976598639455784,0.030148813501000404,938.630859375
33422,International,5,training,30.002721088435376,0.16053062677383423,939.4970703125
33424,International,5,training,30.002721088435376,0.11223207414150238,939.4072265625
33426,International,5,training,29.976598639455784,0.11648797243833542,938.6318359375
33446,Folk,2,training,30.002721088435376,0.29757392406463623,1172.869140625
33459,Rock,7,training,30.002721088435376,0.12698906660079956,939.5029296875
33460,Rock,7,training,29.976598639455784,0.055871620774269104,938.6748046875
33461,Rock,7,training,29.976598639455784,0.11690619587898254,938.6865234375
33465,Rock,7,training,30.002721088435376,0.06764175742864609,939.51953125
33477,Experimental,1,training,29.976598639455784,0.09550361335277557,1173.2802734375
33486,Experimental,1,validation,30.002721088435376,0.00616344902664423,704.76953125
33538,Rock,7,training,29.976598639455784,0.12521076202392578,1173.099609375
33992,Rock,7,test,30.002721088435376,0.27825942635536194,704.8955078125
34003,Experimental,1,training,30.002721088435376,0.13148558139801025,1174.06640625
34147,Folk,2,training,29.976598639455784,0.0891653299331665,1172.1513671875
34167,Hip-Hop,3,training,30.002721088435376,0.10968856513500214,704.826171875
34257,Experimental,1,training,29.976598639455784,0.07429564744234085,938.6806640625
34258,Experimental,1,training,29.976598639455784,0.1579955518245697,938.6787109375
34263,Experimental,1,training,29.976598639455784,0.21226349472999573,938.693359375
34484,Folk,2,training,29.976598639455784,0.09657245874404907,1173.0791015625
34510,Experimental,1,training,29.976598639455784,0.0065322145819664,1146.642578125
34511,Pop,6,training,29.976598639455784,0.05897945165634155,586.8330078125
34994,Experimental,1,training,29.976598639455784,0.10052338987588882,1173.1083984375
34996,Experimental,1,training,30.002721088435376,0.13890793919563293,1174.1376953125
35007,Experimental,1,training,29.976598639455784,0.2752927243709564,1173.16796875
35008,Experimental,1,validation,30.002721088435376,0.0773155465722084,1174.126953125
35182,Pop,6,test,29.976598639455784,0.07830860465765,1173.025390625
35184,Pop,6,test,29.976598639455784,0.11259667575359344,1172.994140625
35198,Experimental,1,test,30.002721088435376,0.3208380341529846,1174.11328125
35199,Experimental,1,test,30.002721088435376,0.3345644772052765,1174.0830078125
35204,Experimental,1,test,29.976598639455784,0.14157427847385406,1173.083984375
35296,Electronic,0,training,29.976598639455784,0.08948829770088196,1173.1689453125
35299,Electronic,0,training,30.002721088435376,0.3338801860809326,1174.13671875
35443,Folk,2,training,29.976598639455784,0.1887262910604477,1173.037109375
35444,Experimental,1,training,30.002721088435376,0.11202782392501831,938.4453125
35462,Experimental,1,validation,29.976598639455784,0.18765102326869965,777.482421875
35527,Rock,7,training,29.976598639455784,0.26278647780418396,1173.484375
35534,Rock,7,training,29.976598639455784,0.28348058462142944,1173.38671875
35535,Rock,7,training,29.976598639455784,0.32085421681404114,1173.451171875
35537,Rock,7,training,30.002721088435376,0.35582441091537476,1174.5556640625
35539,Rock,7,training,30.002721088435376,0.2634570896625519,1174.60546875
35541,Rock,7,training,29.976598639455784,0.22172605991363525,1173.740234375
35543,Rock,7,training,29.976598639455784,0.19747957587242126,1173.5166015625
35544,Pop,6,test,29.976598639455784,0.07100147753953934,1173.119140625
35545,Pop,6,test,30.002721088435376,0.05772102624177933,1174.1162109375
35549,Pop,6,test,30.002721088435376,0.19514192640781403,1174.12890625
35550,Pop,6,test,29.976598639455784,0.09312622994184494,1173.0986328125
35569,Electronic,0,test,30.002721088435376,0.397960364818573,1174.0986328125
35571,Rock,7,training,29.976598639455784,0.21236896514892578,1173.2509765625
35608,Pop,6,test,30.002721088435376,0.23448053002357483,1174.125
35734,Folk,2,training,30.002721088435376,0.12255822867155075,939.4306640625
36096,Electronic,0,test,30.002721088435376,0.15748797357082367,939.388671875
36097,Electronic,0,test,29.976598639455784,0.14091569185256958,938.5625
36099,Electronic,0,test,29.976598639455784,0.2822481095790863,938.5556640625
36143,Electronic,0,training,30.002721088435376,0.14869338274002075,1174.14453125
36144,Electronic,0,training,30.002721088435376,0.1211349219083786,1174.087890625
36145,Electronic,0,training,29.976598639455784,0.07723358273506165,1173.099609375
36146,Electronic,0,training,29.976598639455784,0.14685086905956268,1173.0751953125
36147,Electronic,0,training,29.976598639455784,0.11689943820238113,1173.1533203125
36245,Electronic,0,validation,29.976598639455784,0.14310574531555176,1173.0615234375
36257,Electronic,0,validation,29.976598639455784,0.04989122971892357,1173.0791015625
36258,Electronic,0,validation,29.976598639455784,0.09312454611063004,1173.0595703125
36261,Electronic,0,validation,30.002721088435376,0.13959065079689026,1174.08203125
36272,International,5,training,29.988979591836735,0.047603949904441833,939.0234375
36273,International,5,training,29.988979591836735,0.11182746291160583,939.0185546875
36275,International,5,training,29.988979591836735,0.08778554946184158,939.0126953125
36277,International,5,training,29.988979591836735,0.14042766392230988,939.0126953125
36302,Hip-Hop,3,test,29.976598639455784,0.09100164473056793,1173.1142578125
36304,Hip-Hop,3,training,29.976598639455784,0.11681776493787766,1173.083984375
36322,Folk,2,training,30.002721088435376,0.24604418873786926,1174.109375
36333,Folk,2,training,29.976598639455784,0.2294168472290039,1173.076171875
36371,Pop,6,training,29.976598639455784,0.25344160199165344,1173.1201171875
36380,Electronic,0,training,30.002721088435376,0.30959033966064453,1174.146484375
36388,Pop,6,training,30.002721088435376,0.2581144869327545,1174.1015625
36428,Electronic,0,training,29.976598639455784,0.21326470375061035,1173.099609375
36435,Electronic,0,training,30.002721088435376,0.3554254472255707,1173.90234375
36481,Rock,7,training,30.002721088435376,0.36225369572639465,1174.1181640625
36526,Rock,7,training,29.976598639455784,0.13023005425930023,469.8212890625
36560,Pop,6,validation,30.002721088435376,0.18968676030635834,704.6962890625
36567,Experimental,1,training,29.976598639455784,0.1153903678059578,1173.080078125
36614,Pop,6,training,29.976598639455784,0.1767195761203766,938.6171875
36615,Pop,6,training,30.002721088435376,0.18761971592903137,939.435546875
36616,Pop,6,training,30.002721088435376,0.12273195385932922,939.4345703125
36618,Pop,6,training,30.002721088435376,0.1513519585132599,939.4619140625
36643,Pop,6,training,29.976598639455784,0.16939429938793182,938.64453125
36659,Electronic,0,training,29.976598639455784,0.10605007410049438,1173.0546875
36799,Experimental,1,test,30.002721088435376,0.09234686195850372,1174.138671875
36959,Pop,6,test,29.976598639455784,0.0502045676112175,1173.1865234375
36961,Pop,6,test,29.976598639455784,0.059085067361593246,1173.16015625
36965,Pop,6,test,30.002721088435376,0.06592291593551636,1174.1962890625
36966,Pop,6,test,29.976598639455784,0.11035813391208649,1173.2109375
36983,Hip-Hop,3,training,29.976598639455784,0.2850734293460846,469.369140625
36984,Hip-Hop,3,training,29.976598639455784,0.27966734766960144,469.3798828125
36985,Hip-Hop,3,training,29.976598639455784,0.5043317079544067,469.384765625
36986,Hip-Hop,3,training,29.976598639455784,0.43580737709999084,469.373046875
36987,Hip-Hop,3,training,29.976598639455784,0.27820032835006714,469.419921875
36988,Hip-Hop,3,training,30.002721088435376,0.47110772132873535,469.783203125
36990,Hip-Hop,3,training,30.002721088435376,0.4208601415157318,469.79296875
36992,Hip-Hop,3,training,29.976598639455784,0.5168110728263855,469.3876953125
36994,Hip-Hop,3,training,29.976598639455784,0.3830515742301941,469.3916015625
36997,Hip-Hop,3,training,30.002721088435376,0.25293445587158203,469.8330078125
36998,Electronic,0,test,30.002721088435376,0.37108662724494934,1174.08984375
36999,International,5,training,29.988979591836735,0.10095719993114471,938.9833984375
37041,Experimental,1,training,29.976598639455784,0.261197566986084,956.830078125
37111,Instrumental,4,training,30.002721088435376,0.05194295942783356,704.783203125
37113,Instrumental,4,training,29.976598639455784,0.1370226889848709,704.2021484375
37119,Instrumental,4,training,29.976598639455784,0.14554232358932495,704.1328125
37121,Experimental,1,training,30.002721088435376,0.024291329085826874,704.841796875
37131,Electronic,0,training,29.976598639455784,0.22679784893989563,704.236328125
37136,Pop,6,training,29.976598639455784,0.14111855626106262,704.2431640625
37141,Instrumental,4,training,30.002721088435376,0.11394874006509781,704.7958984375
37147,Rock,7,training,29.976598639455784,0.1797575056552887,469.5576171875
37324,Pop,6,training,29.976598639455784,0.10131800174713135,1173.205078125
37325,Pop,6,training,29.976598639455784,0.07317545264959335,1173.212890625
37368,Pop,6,training,29.976598639455784,0.2619536519050598,1173.0185546875
37369,Pop,6,training,29.976598639455784,0.21169398725032806,1173.025390625
37416,Hip-Hop,3,training,29.976598639455784,0.25542202591896057,1173.158203125
37417,Hip-Hop,3,training,30.002721088435376,0.25055548548698425,1174.1865234375
37423,Hip-Hop,3,training,30.002721088435376,0.17945091426372528,1174.1845703125
37538,Experimental,1,training,29.976598639455784,0.08966565877199173,1173.0029296875
37592,Rock,7,training,29.976598639455784,0.16679315268993378,938.75390625
37725,Rock,7,training,30.002721088435376,0.13597820699214935,939.2529296875
37727,Rock,7,training,29.976598639455784,0.14476445317268372,938.43359375
37730,Rock,7,training,29.976598639455784,0.14723175764083862,938.435546875
37731,Rock,7,training,30.002721088435376,0.16387389600276947,939.2373046875
37779,Experimental,1,training,29.976598639455784,0.1745516061782837,1173.13671875
37781,Experimental,1,training,29.976598639455784,0.1479286104440689,704.1826171875
37784,Experimental,1,training,30.002721088435376,0.09000393003225327,704.7763671875
37859,Rock,7,training,30.002721088435376,0.15148654580116272,1174.177734375
37911,Instrumental,4,training,29.976598639455784,0.12132815271615982,704.169921875
37920,Electronic,0,training,30.002721088435376,0.14568299055099487,1174.0791015625
38312,Experimental,1,training,29.976598639455784,0.11473190784454346,1173.0048828125
38321,International,5,training,30.002721088435376,0.0759689211845398,1173.1220703125
38323,International,5,training,29.976598639455784,0.0894254595041275,1172.1328125
38326,International,5,training,30.002721088435376,0.11904286593198776,1173.171875
38351,International,5,training,30.002721088435376,0.1377553790807724,1174.1953125
38352,International,5,training,30.002721088435376,0.14783288538455963,1174.216796875
38353,International,5,training,29.976598639455784,0.12529271841049194,1173.1884765625
38354,International,5,training,29.976598639455784,0.10231340676546097,1173.3076171875
38361,Folk,2,training,29.976598639455784,0.1841571033000946,938.548828125
38362,Folk,2,training,30.002721088435376,0.14793722331523895,939.369140625
38363,Folk,2,training,30.002721088435376,0.2605520486831665,939.365234375
38365,International,5,training,29.976598639455784,0.09475088119506836,1173.2958984375
38399,Folk,2,training,30.002721088435376,0.11954056471586227,1173.21875
38435,Rock,7,training,29.988979591836735,0.1288890540599823,938.896484375
38450,Experimental,1,training,29.976598639455784,0.1391514390707016,704.19140625
38522,Rock,7,training,29.976598639455784,0.0950360968708992,704.1025390625
38557,Rock,7,training,30.002721088435376,0.25327348709106445,704.828125
38560,International,5,training,30.002721088435376,0.07347561419010162,704.8525390625
38775,International,5,test,29.976598639455784,0.2252282351255417,1170.8291015625
38776,International,5,test,30.002721088435376,0.2587363123893738,1169.5830078125
38777,International,5,test,30.002721088435376,0.2084885835647583,1171.23828125
38778,International,5,test,30.002721088435376,0.18997442722320557,1167.4208984375
38779,International,5,test,29.976598639455784,0.13647083938121796,1170.205078125
38780,International,5,test,30.002721088435376,0.2710346281528473,1166.7392578125
38781,International,5,test,30.002721088435376,0.22372443974018097,1170.833984375
38782,International,5,test,29.976598639455784,0.19127845764160156,1170.619140625
38783,International,5,test,30.002721088435376,0.17907513678073883,1161.7138671875
38784,International,5,test,29.976598639455784,0.22124384343624115,1162.03515625
38785,International,5,test,30.002721088435376,0.1737934648990631,1170.8349609375
38817,International,5,test,30.002721088435376,0.08242817968130112,1172.505859375
38818,International,5,test,30.002721088435376,0.10530237853527069,1172.6826171875
38819,International,5,test,30.002721088435376,0.07535124570131302,1172.4833984375
38820,International,5,test,30.002721088435376,0.07719098031520844,1172.677734375
38821,International,5,test,29.976598639455784,0.10143470764160156,1170.7158203125
38822,International,5,test,30.002721088435376,0.1114281713962555,1171.869140625
38823,International,5,test,29.976598639455784,0.04954373836517334,1171.271484375
38824,International,5,test,30.002721088435376,0.11244692653417587,1173.10546875
38825,International,5,test,29.976598639455784,0.0409281961619854,1168.419921875
38826,International,5,test,29.976598639455784,0.08300855755805969,1172.0947265625
38827,International,5,test,30.002721088435376,0.08910761028528214,1172.9384765625
38828,International,5,test,29.976598639455784,0.13367381691932678,1171.33203125
38829,International,5,test,29.976598639455784,0.05510835349559784,1172.033203125
38830,International,5,test,30.002721088435376,0.0798138976097107,1172.3349609375
38833,International,5,test,30.002721088435376,0.10698941349983215,1170.853515625
38834,International,5,test,30.002721088435376,0.08258092403411865,1160.232421875
38847,Experimental,1,training,30.002721088435376,0.12134665995836258,1174.1962890625
38859,Experimental,1,validation,29.976598639455784,0.08867824822664261,1173.09375
38878,Electronic,0,training,30.002721088435376,0.26192739605903625,1174.0458984375
38879,Experimental,1,validation,30.002721088435376,0.051695480942726135,680.759765625
38880,Experimental,1,validation,29.976598639455784,0.05871834233403206,735.2666015625
38881,Experimental,1,validation,29.976598639455784,0.05926400050520897,792.2646484375
38882,Experimental,1,validation,29.976598639455784,0.06778473407030106,706.4267578125
38884,Experimental,1,validation,29.976598639455784,0.04093568027019501,782.634765625
38886,Experimental,1,validation,29.976598639455784,0.048084430396556854,835.00390625
38887,Experimental,1,validation,29.976598639455784,0.054906949400901794,844.8359375
38888,Experimental,1,validation,29.976598639455784,0.04195687547326088,787.0087890625
38890,Experimental,1,validation,29.976598639455784,0.028427230194211006,847.3232421875
38891,Experimental,1,validation,30.002721088435376,0.028169158846139908,713.50390625
38892,Experimental,1,validation,30.002721088435376,0.020059531554579735,834.4091796875
38893,Experimental,1,validation,29.976598639455784,0.020698972046375275,778.544921875
38894,Experimental,1,validation,29.976598639455784,0.03863288834691048,781.3955078125
38895,Experimental,1,validation,29.976598639455784,0.0228152796626091,814.4609375
38896,Experimental,1,validation,30.002721088435376,0.01889263279736042,937.765625
38898,Experimental,1,validation,29.976598639455784,0.02046332135796547,818.20703125
38899,Experimental,1,validation,29.976598639455784,0.07314097136259079,861.0205078125
38900,Experimental,1,validation,30.002721088435376,0.1128430962562561,885.5458984375
38901,Experimental,1,validation,29.976598639455784,0.03641410544514656,806.3359375
38902,Experimental,1,validation,29.976598639455784,0.06334759294986725,865.033203125
38904,Experimental,1,validation,29.976598639455784,0.07685830444097519,670.251953125
38905,Experimental,1,validation,30.002721088435376,0.02639748714864254,753.3681640625
38906,Experimental,1,validation,29.976598639455784,0.020399630069732666,780.25
38907,Experimental,1,validation,30.002721088435376,0.021102624014019966,996.6328125
38908,Experimental,1,validation,30.002721088435376,0.049662720412015915,784.916015625
38910,Experimental,1,validation,30.002721088435376,0.0162736177444458,788.2783203125
38911,Experimental,1,validation,30.002721088435376,0.06577304005622864,769.57421875
38912,Experimental,1,validation,29.976598639455784,0.03709409013390541,769.1171875
38914,Experimental,1,validation,29.976598639455784,0.055414874106645584,778.4599609375
38955,Pop,6,training,29.976598639455784,0.26196128129959106,1173.2197265625
38961,Pop,6,training,29.976598639455784,0.22073513269424438,1173.1787109375
38964,Experimental,1,training,30.002721088435376,0.030209051445126534,1173.9658203125
38965,Experimental,1,training,29.976598639455784,0.04116790369153023,1172.939453125
38966,Experimental,1,training,29.976598639455784,0.04010019823908806,1172.947265625
38967,Experimental,1,training,30.002721088435376,0.08624491840600967,1173.95703125
39188,Experimental,1,training,30.002721088435376,0.11753839254379272,704.9248046875
39259,Experimental,1,training,29.976598639455784,0.058733981102705,469.658203125
39278,Experimental,1,training,30.002721088435376,0.07752983272075653,704.822265625
39291,Electronic,0,training,30.002721088435376,0.10535834729671478,704.60546875
39298,Rock,7,training,30.002721088435376,0.20038950443267822,686.0771484375
39316,Experimental,1,test,30.002721088435376,0.3129403293132782,939.5546875
39317,Experimental,1,test,29.976598639455784,0.448367178440094,938.7431640625
39318,Experimental,1,test,30.002721088435376,0.32428035140037537,939.5869140625
39357,International,5,training,29.976598639455784,0.15549559891223907,704.1318359375
39359,Rock,7,training,29.976598639455784,0.14972123503684998,597.568359375
39378,Experimental,1,training,30.002721088435376,0.08912646770477295,704.849609375
39484,Experimental,1,training,29.976598639455784,0.10082592070102692,704.197265625
39488,Folk,2,training,30.002721088435376,0.1464441865682602,711.1572265625
39530,Pop,6,training,29.976598639455784,0.26193249225616455,1173.048828125
39605,Electronic,0,test,29.976598639455784,0.12852603197097778,1172.0
39607,Electronic,0,test,29.976598639455784,0.18042229115962982,1171.6767578125
39658,Pop,6,training,30.002721088435376,0.07051366567611694,939.435546875
39659,Pop,6,training,29.976598639455784,0.058796852827072144,938.6171875
39660,Pop,6,training,29.976598639455784,0.07779844105243683,938.6064453125
39661,Pop,6,training,29.976598639455784,0.048469990491867065,938.603515625
39662,Pop,6,training,30.002721088435376,0.04842953756451607,939.4296875
39663,Pop,6,training,30.002721088435376,0.06406102329492569,939.451171875
39664,Pop,6,training,29.976598639455784,0.0679091140627861,938.611328125
39665,Pop,6,training,30.002721088435376,0.0712675005197525,939.4501953125
39666,Pop,6,training,30.002721088435376,0.07236827164888382,939.443359375
39667,Pop,6,training,29.988979591836735,0.037069618701934814,938.9423828125
39875,Experimental,1,training,30.002721088435376,0.059079576283693314,939.4013671875
39900,Experimental,1,training,30.002721088435376,0.08860991150140762,939.3955078125
39904,Experimental,1,training,29.976598639455784,0.1028880849480629,938.6220703125
40121,Experimental,1,training,30.002721088435376,0.2059852033853531,1173.8583984375
40122,Experimental,1,training,29.976598639455784,0.23217329382896423,1172.8271484375
40123,Experimental,1,training,30.002721088435376,0.1803092211484909,1173.8623046875
40133,Rock,7,training,30.002721088435376,0.1932288110256195,704.7724609375
40134,Rock,7,training,29.976598639455784,0.15617617964744568,704.15234375
40139,Rock,7,training,29.976598639455784,0.2874225378036499,586.875
40141,Rock,7,training,29.976598639455784,0.2600184977054596,586.859375
40147,Experimental,1,training,30.002721088435376,0.18284127116203308,704.732421875
40161,Experimental,1,training,29.976598639455784,0.11917708814144135,704.1328125
40180,Experimental,1,training,29.976598639455784,0.1980207860469818,469.6240234375
40182,Experimental,1,training,29.976598639455784,0.16128617525100708,469.6328125
40229,Folk,2,test,30.002721088435376,0.2438247799873352,939.3076171875
40230,Folk,2,test,29.976598639455784,0.23557081818580627,938.5107421875
40231,Folk,2,test,29.976598639455784,0.21905550360679626,938.4921875
40232,Folk,2,test,29.976598639455784,0.174026221036911,938.48828125
40233,Folk,2,test,30.002721088435376,0.19992469251155853,939.2978515625
40234,Folk,2,test,30.002721088435376,0.08218623697757721,939.2900390625
40235,Folk,2,test,30.002721088435376,0.1122366413474083,939.400390625
40236,Folk,2,test,30.002721088435376,0.13672679662704468,939.29296875
40237,Folk,2,test,30.002721088435376,0.09553711116313934,939.287109375
40238,Folk,2,test,30.002721088435376,0.1413164585828781,939.294921875
40239,Folk,2,test,29.976598639455784,0.2483646720647812,938.5712890625
40240,Folk,2,test,29.976598639455784,0.2632899284362793,938.482421875
40241,Folk,2,test,30.002721088435376,0.24367929995059967,939.29296875
40242,Folk,2,test,29.976598639455784,0.2720019817352295,938.48046875
40243,Folk,2,test,29.976598639455784,0.22861698269844055,938.482421875
40244,Folk,2,test,30.002721088435376,0.23675678670406342,939.296875
40245,Folk,2,test,29.976598639455784,0.23883560299873352,938.48828125
40250,Instrumental,4,training,29.976598639455784,0.12292163819074631,1172.1337890625
40509,Experimental,1,training,29.976598639455784,0.1487543284893036,952.9365234375
40525,Hip-Hop,3,training,29.976598639455784,0.2512626647949219,1172.9921875
40541,Hip-Hop,3,training,29.988979591836735,0.21688640117645264,1173.390625
40542,Hip-Hop,3,training,29.988979591836735,0.21688681840896606,1173.4150390625
40598,Experimental,1,training,30.002721088435376,0.20811694860458374,939.44921875
40654,Instrumental,4,validation,30.002721088435376,0.131741464138031,1174.0537109375
40655,Instrumental,4,validation,30.002721088435376,0.043722137808799744,1174.0146484375
40656,Instrumental,4,validation,29.976598639455784,0.13796205818653107,1173.00390625
40657,Instrumental,4,validation,29.976598639455784,0.11859644949436188,1172.984375
40658,Instrumental,4,validation,29.976598639455784,0.08202105015516281,1173.0
40659,Instrumental,4,validation,30.002721088435376,0.09366058558225632,1174.0205078125
40660,Instrumental,4,validation,30.002721088435376,0.10509903728961945,1174.0087890625
40683,Electronic,0,training,29.976598639455784,0.054714154452085495,1172.9404296875
40725,Electronic,0,training,29.976598639455784,0.07123719900846481,1173.1953125
40842,Electronic,0,training,29.976598639455784,0.2471419870853424,1173.1533203125
40843,Electronic,0,training,29.976598639455784,0.20691853761672974,1173.16796875
40844,Electronic,0,test,30.002721088435376,0.2891068160533905,1174.1796875
40845,Electronic,0,test,29.976598639455784,0.2404400259256363,1173.162109375
40851,Electronic,0,training,29.976598639455784,0.0880371481180191,938.4658203125
40903,Rock,7,training,30.002721088435376,0.2023964524269104,1174.1708984375
40908,Experimental,1,training,29.976598639455784,0.03327512741088867,1173.0439453125
40909,Experimental,1,training,29.976598639455784,0.08406917005777359,1173.0263671875
40938,Rock,7,training,29.976598639455784,0.29241102933883667,704.0576171875
40940,Rock,7,training,29.976598639455784,0.26394742727279663,704.138671875
40984,Rock,7,validation,29.976598639455784,0.17867739498615265,1172.9521484375
40985,Rock,7,training,30.002721088435376,0.20876635611057281,1174.130859375
40986,Rock,7,training,29.976598639455784,0.23972578346729279,1172.9619140625
41018,International,5,training,30.002721088435376,0.2002105563879013,1174.259765625
41019,International,5,test,29.976598639455784,0.153734028339386,1173.1875
41020,International,5,validation,29.976598639455784,0.23787589371204376,1173.21484375
41054,Experimental,1,training,30.002721088435376,0.297843337059021,1174.0859375
41095,Rock,7,training,30.002721088435376,0.1747320294380188,1174.0390625
41147,Electronic,0,training,29.976598639455784,0.10038527101278305,1172.947265625
41191,Folk,2,training,29.976598639455784,0.21843993663787842,1172.830078125
41192,Folk,2,training,29.976598639455784,0.20689967274665833,1172.84765625
41310,Folk,2,test,30.002721088435376,0.13902978599071503,925.8134765625
41381,Pop,6,validation,29.976598639455784,0.40069645643234253,469.58984375
41568,Pop,6,training,30.002721088435376,0.11721041798591614,1172.908203125
41570,Folk,2,training,29.976598639455784,0.20033837854862213,1172.14453125
41573,Instrumental,4,training,30.002721088435376,0.04702521488070488,1173.1357421875
41605,Experimental,1,training,29.976598639455784,0.020909953862428665,937.623046875
41709,Experimental,1,training,29.988979591836735,0.11783000081777573,469.7890625
41714,Experimental,1,training,29.988979591836735,0.15710319578647614,469.7724609375
41812,Rock,7,training,29.976598639455784,0.06575742363929749,704.341796875
41819,Pop,6,validation,30.002721088435376,0.16285784542560577,469.978515625
41820,Pop,6,validation,29.976598639455784,0.1307123899459839,469.5830078125
41825,Pop,6,validation,30.002721088435376,0.16465774178504944,470.0126953125
41961,Rock,7,training,30.002721088435376,0.17488332092761993,893.4267578125
41962,Rock,7,training,30.002721088435376,0.20409080386161804,885.7568359375
41965,Rock,7,training,30.002721088435376,0.19285637140274048,881.3369140625
41971,Instrumental,4,validation,29.988979591836735,0.4834190309047699,469.8154296875
41983,Instrumental,4,training,29.976598639455784,0.12814997136592865,586.875
42014,International,5,training,29.976598639455784,0.20940415561199188,1173.2607421875
42016,International,5,training,29.976598639455784,0.18085959553718567,1172.27734375
42017,International,5,training,29.976598639455784,0.3242243230342865,1172.232421875
42018,Electronic,0,test,29.976598639455784,0.23248347640037537,1173.2412109375
42019,Electronic,0,training,29.976598639455784,0.2752517759799957,1172.2529296875
42020,International,5,training,29.976598639455784,0.14096246659755707,1172.205078125
42023,International,5,training,30.002721088435376,0.16100242733955383,704.8388671875
42025,International,5,training,30.002721088435376,0.1606452912092209,1173.2392578125
42029,International,5,training,29.976598639455784,0.27969834208488464,1173.275390625
42030,International,5,training,30.002721088435376,0.1787818819284439,1173.228515625
42031,International,5,training,30.002721088435376,0.1502750664949417,939.576171875
42040,Hip-Hop,3,test,29.976598639455784,0.25931498408317566,1173.1533203125
42044,Rock,7,training,29.976598639455784,0.3692321181297302,1173.1201171875
42045,Hip-Hop,3,training,29.976598639455784,0.23682478070259094,1173.1337890625
42046,Hip-Hop,3,training,30.002721088435376,0.1586441844701767,1174.2578125
42048,Pop,6,training,29.976598639455784,0.22254545986652374,1173.1005859375
42119,Experimental,1,training,29.976598639455784,0.04608605057001114,469.6923828125
42126,Experimental,1,training,30.002721088435376,0.035271890461444855,470.0654296875
42129,Experimental,1,test,29.976598639455784,0.0895034670829773,1173.119140625
42135,Experimental,1,test,29.976598639455784,0.05426695570349693,1173.111328125
42138,Experimental,1,test,29.976598639455784,0.10802409797906876,1173.1259765625
42139,Experimental,1,test,29.976598639455784,0.07109726220369339,1173.1162109375
42141,Experimental,1,test,29.976598639455784,0.06136680766940117,1173.1396484375
42146,Experimental,1,test,30.002721088435376,0.07855427265167236,1174.150390625
42234,International,5,training,29.976598639455784,0.14826352894306183,938.5244140625
42235,International,5,training,29.976598639455784,0.08064773678779602,938.5234375
42236,International,5,training,30.002721088435376,0.15062300860881805,939.3447265625
42238,International,5,training,29.976598639455784,0.13504664599895477,938.5166015625
42240,International,5,training,29.976598639455784,0.1559521108865738,938.529296875
42241,International,5,training,30.002721088435376,0.14455515146255493,939.3447265625
42243,International,5,training,30.002721088435376,0.19296002388000488,939.341796875
42245,International,5,training,29.976598639455784,0.14913448691368103,938.5419921875
42247,International,5,training,29.976598639455784,0.11317987740039825,938.515625
42310,Rock,7,training,30.002721088435376,0.0670841708779335,1174.029296875
42372,Electronic,0,test,30.002721088435376,0.2762365937232971,1174.0830078125
42373,Electronic,0,test,30.002721088435376,0.1922556757926941,1174.07421875
42374,Electronic,0,test,29.976598639455784,0.10975953191518784,1173.04296875
42375,Electronic,0,test,30.002721088435376,0.2555714249610901,1174.0654296875
42376,Electronic,0,test,29.976598639455784,0.19907982647418976,1173.056640625
42377,Electronic,0,test,29.976598639455784,0.24199293553829193,1173.046875
42442,Rock,7,training,30.002721088435376,0.2124747484922409,939.427734375
42463,Folk,2,test,29.976598639455784,0.20795249938964844,938.6611328125
42475,Rock,7,training,29.976598639455784,0.20777229964733124,938.6572265625
42648,Folk,2,training,29.976598639455784,0.09203585982322693,938.6201171875
42659,Folk,2,training,29.976598639455784,0.08638536930084229,938.5986328125
42751,Pop,6,training,29.976598639455784,0.08525600284337997,938.541015625
42761,Rock,7,training,30.002721088435376,0.10259868204593658,1174.0078125
42789,Rock,7,training,30.002721088435376,0.16167894005775452,1174.017578125
42844,Rock,7,validation,29.976598639455784,0.41203561425209045,765.6103515625
42851,Rock,7,validation,29.976598639455784,0.07969145476818085,469.6552734375
42911,Pop,6,validation,30.002721088435376,0.2669202983379364,469.984375
42914,Pop,6,validation,30.002721088435376,0.25561612844467163,469.97265625
42915,Pop,6,validation,29.976598639455784,0.15699544548988342,469.5732421875
42966,Experimental,1,training,29.976598639455784,0.1003718450665474,704.12109375
42984,Experimental,1,training,29.976598639455784,0.19324854016304016,704.1259765625
43016,International,5,training,29.976598639455784,0.08163142204284668,938.478515625
43018,International,5,training,30.002721088435376,0.09756509959697723,939.29296875
43019,International,5,training,30.002721088435376,0.031273938715457916,939.291015625
43020,International,5,training,30.002721088435376,0.12484601885080338,939.28125
43021,International,5,training,29.976598639455784,0.042267896234989166,938.4755859375
43022,International,5,training,29.976598639455784,0.14129707217216492,938.470703125
43023,International,5,training,29.976598639455784,0.04417318105697632,938.4755859375
43024,International,5,training,29.976598639455784,0.11028394103050232,938.71484375
43025,International,5,training,29.976598639455784,0.0374298021197319,938.474609375
43026,International,5,training,30.002721088435376,0.1624811738729477,939.2958984375
43027,International,5,training,29.976598639455784,0.02937941625714302,938.4755859375
43028,International,5,training,30.002721088435376,0.1668003350496292,939.2919921875
43029,International,5,training,30.002721088435376,0.03736812621355057,939.2919921875
43030,International,5,training,29.976598639455784,0.17855392396450043,938.505859375
43063,Experimental,1,training,30.002721088435376,0.12124846130609512,704.7412109375
43172,International,5,training,29.976598639455784,0.10181679576635361,938.609375
43173,International,5,training,29.976598639455784,0.08776723593473434,938.6298828125
43516,International,5,test,29.976598639455784,0.12865284085273743,937.5830078125
43517,International,5,test,29.976598639455784,0.13094685971736908,938.7431640625
43518,International,5,test,29.976598639455784,0.15081898868083954,938.7509765625
43519,International,5,test,29.976598639455784,0.13749563694000244,938.6005859375
43520,International,5,test,30.002721088435376,0.058643460273742676,939.4140625
43521,International,5,test,29.976598639455784,0.12097553163766861,938.5908203125
43533,International,5,training,29.976598639455784,0.08030015975236893,938.4677734375
43534,International,5,training,30.002721088435376,0.08937816321849823,939.27734375
43535,International,5,training,30.002721088435376,0.0870208889245987,939.306640625
43536,International,5,training,30.002721088435376,0.08760114759206772,939.2880859375
43585,International,5,training,30.002721088435376,0.22486041486263275,939.435546875
43586,International,5,training,30.002721088435376,0.21614918112754822,939.4541015625
43587,International,5,training,30.002721088435376,0.13996902108192444,939.439453125
43588,International,5,training,30.002721088435376,0.20940665900707245,939.43359375
43589,International,5,training,29.976598639455784,0.22511212527751923,938.6201171875
43590,International,5,training,30.002721088435376,0.15248773992061615,939.3203125
43592,International,5,training,30.002721088435376,0.17604459822177887,939.232421875
43593,International,5,training,30.002721088435376,0.15971575677394867,939.232421875
43594,International,5,training,29.976598639455784,0.10353890061378479,938.4970703125
43595,International,5,training,30.002721088435376,0.20981037616729736,939.24609375
43596,International,5,training,29.976598639455784,0.20622093975543976,938.4111328125
43598,International,5,training,29.976598639455784,0.0810001939535141,469.537109375
43599,International,5,training,30.002721088435376,0.08143932372331619,469.947265625
43600,International,5,training,30.002721088435376,0.0784793496131897,469.9873046875
43608,Experimental,1,training,29.976598639455784,0.1800210177898407,469.6865234375
43621,Folk,2,training,30.002721088435376,0.04141756147146225,704.83984375
43623,Folk,2,training,29.976598639455784,0.05866767838597298,469.767578125
43691,Experimental,1,validation,29.976598639455784,0.05636824667453766,1173.0341796875
43695,International,5,training,29.976598639455784,0.36075183749198914,1173.05078125
43696,International,5,training,29.976598639455784,0.25340864062309265,1173.068359375
43697,International,5,training,30.002721088435376,0.28787341713905334,1174.0869140625
43698,International,5,training,29.976598639455784,0.3123202919960022,1173.0517578125
43699,International,5,training,30.002721088435376,0.34570351243019104,1174.0791015625
43761,Folk,2,training,29.976598639455784,0.25339820981025696,586.9326171875
43765,International,5,test,29.976598639455784,0.03803199902176857,938.46875
43766,International,5,test,30.002721088435376,0.032540787011384964,939.3037109375
43767,International,5,test,30.002721088435376,0.0254194438457489,939.333984375
43768,International,5,test,29.976598639455784,0.029072489589452744,938.4931640625
43773,Pop,6,training,29.976598639455784,0.24954329431056976,1172.9384765625
43796,Folk,2,training,29.976598639455784,0.31840991973876953,586.91796875
43842,Folk,2,training,30.002721088435376,0.0917840227484703,587.4189453125
43843,Folk,2,training,29.976598639455784,0.05472267419099808,586.9130859375
43844,Hip-Hop,3,training,30.002721088435376,0.2571769952774048,704.78125
43856,Hip-Hop,3,training,30.002721088435376,0.22684478759765625,939.4462890625
43857,Hip-Hop,3,training,30.002721088435376,0.2116350680589676,939.4560546875
43858,Hip-Hop,3,training,29.976598639455784,0.30171728134155273,938.6162109375
43859,Hip-Hop,3,test,29.976598639455784,0.2381405085325241,938.6904296875
43860,Hip-Hop,3,training,30.002721088435376,0.2250552624464035,939.4267578125
43861,Hip-Hop,3,training,30.002721088435376,0.15306325256824493,939.4423828125
43863,Hip-Hop,3,training,30.002721088435376,0.31270459294319153,939.44921875
43865,Hip-Hop,3,training,29.976598639455784,0.28604212403297424,938.611328125
43866,Hip-Hop,3,training,29.976598639455784,0.2007945477962494,938.6337890625
43867,Hip-Hop,3,training,30.002721088435376,0.24611595273017883,939.44921875
43868,Hip-Hop,3,training,29.976598639455784,0.18620243668556213,938.6240234375
43869,Hip-Hop,3,training,29.976598639455784,0.29598158597946167,938.650390625
43883,Experimental,1,training,29.988979591836735,0.10209915786981583,687.236328125
43886,Experimental,1,training,29.988979591836735,0.20441053807735443,809.677734375
43899,Hip-Hop,3,training,29.976598639455784,0.3241591155529022,586.7783203125
43911,Hip-Hop,3,training,30.002721088435376,0.1856221705675125,1174.0908203125
43962,Folk,2,training,30.002721088435376,0.1086355671286583,1174.2666015625
43965,Folk,2,training,29.976598639455784,0.2014094740152359,1173.19921875
44092,Electronic,0,training,29.976598639455784,0.13702401518821716,469.62109375
44110,Experimental,1,training,30.002721088435376,0.01682739146053791,646.0322265625
44169,Experimental,1,training,30.002721088435376,0.1969487965106964,587.1708984375
44236,Hip-Hop,3,training,29.976598639455784,0.14064136147499084,1173.0390625
44342,Experimental,1,training,29.976598639455784,0.04328841716051102,1173.20703125
44347,Experimental,1,training,29.976598639455784,0.12702035903930664,1173.2001953125
44354,Experimental,1,training,30.002721088435376,0.18712987005710602,1174.2373046875
44355,Experimental,1,validation,30.002721088435376,0.04340203106403351,1174.2119140625
44777,Folk,2,test,29.976598639455784,0.09263943880796432,1173.1416015625
44778,Experimental,1,training,30.002721088435376,0.0698266252875328,916.0458984375
44779,Experimental,1,training,29.976598639455784,0.16431528329849243,908.1123046875
44780,Experimental,1,training,29.976598639455784,0.10193672776222229,909.1630859375
44781,Experimental,1,training,29.976598639455784,0.08789423853158951,919.4716796875
44782,Experimental,1,training,30.002721088435376,0.11840277165174484,918.5703125
44791,Experimental,1,training,30.002721088435376,0.16616536676883698,1173.1728515625
44792,Experimental,1,training,30.002721088435376,0.2971639037132263,1173.150390625
44793,Experimental,1,training,29.976598639455784,0.15225307643413544,1172.1708984375
44794,Experimental,1,training,29.976598639455784,0.09565350413322449,1171.8837890625
44795,Experimental,1,training,29.976598639455784,0.08134129643440247,1172.0625
44796,Experimental,1,training,30.002721088435376,0.10252804309129715,1173.2099609375
44797,Experimental,1,training,29.976598639455784,0.09240107983350754,1172.111328125
44798,Experimental,1,training,29.976598639455784,0.22809410095214844,1172.2119140625
44799,Experimental,1,training,30.002721088435376,0.1417805254459381,1173.2021484375
44800,Experimental,1,test,29.976598639455784,0.17696158587932587,1172.2216796875
44801,Experimental,1,training,30.002721088435376,0.15507499873638153,1173.083984375
44802,Experimental,1,validation,30.002721088435376,0.1969028115272522,1172.8994140625
44803,Experimental,1,training,29.976598639455784,0.11525201052427292,1172.1103515625
44804,Experimental,1,training,29.988979591836735,0.22108839452266693,1173.44921875
44805,Pop,6,training,30.002721088435376,0.11857275664806366,587.3935546875
44806,Pop,6,training,29.976598639455784,0.10892476886510849,586.9375
44809,Pop,6,training,30.002721088435376,0.13295035064220428,587.4169921875
44820,International,5,training,29.976598639455784,0.28909993171691895,938.611328125
44821,International,5,training,29.976598639455784,0.27750420570373535,938.607421875
44822,International,5,training,29.976598639455784,0.2653561234474182,938.6220703125
44823,International,5,training,30.002721088435376,0.24184145033359528,939.4443359375
44848,Experimental,1,training,29.976598639455784,0.07186123728752136,760.1669921875
44849,Experimental,1,training,30.002721088435376,0.03044588677585125,786.283203125
44850,Experimental,1,training,30.002721088435376,0.06474532186985016,823.998046875
44851,Experimental,1,training,29.976598639455784,0.06960676610469818,766.2099609375
44853,Experimental,1,training,29.976598639455784,0.02644888497889042,796.701171875
44854,Experimental,1,training,29.976598639455784,0.390644907951355,1055.0107421875
44917,Rock,7,training,29.976598639455784,0.24767433106899261,1173.0712890625
44918,Rock,7,training,29.976598639455784,0.1835315078496933,1173.0654296875
44946,International,5,training,30.002721088435376,0.17313742637634277,805.5869140625
44947,International,5,training,29.976598639455784,0.17828936874866486,774.6201171875
44948,International,5,training,29.976598639455784,0.17455023527145386,739.791015625
44949,International,5,training,29.976598639455784,0.18815509974956512,759.3828125
44950,International,5,training,29.976598639455784,0.16666726768016815,687.787109375
44951,International,5,training,29.976598639455784,0.18206371366977692,757.3310546875
44952,International,5,training,29.976598639455784,0.19021780788898468,769.443359375
45055,Rock,7,validation,29.988979591836735,0.21142041683197021,1173.45703125
45099,Electronic,0,training,30.002721088435376,0.5663855671882629,704.7373046875
45100,Electronic,0,training,29.976598639455784,0.6337018013000488,704.154296875
45101,Electronic,0,training,29.976598639455784,0.5856932997703552,704.1376953125
45102,Electronic,0,training,29.976598639455784,0.51317298412323,704.13671875
45103,Electronic,0,training,30.002721088435376,0.5635741949081421,704.7412109375
45119,Pop,6,validation,29.976598639455784,0.15150822699069977,469.5927734375
45122,Pop,6,validation,30.002721088435376,0.18583744764328003,469.9931640625
45125,Pop,6,validation,30.002721088435376,0.13305166363716125,469.9892578125
45126,Pop,6,validation,30.002721088435376,0.21996362507343292,469.9951171875
45127,Pop,6,validation,30.002721088435376,0.29853418469429016,469.99609375
45128,Pop,6,validation,29.976598639455784,0.19003641605377197,469.58203125
45149,Electronic,0,test,30.002721088435376,0.24089431762695312,1173.1259765625
45150,Electronic,0,training,29.976598639455784,0.2657249867916107,1172.921875
45151,Electronic,0,training,30.002721088435376,0.2675430178642273,1173.943359375
45152,Electronic,0,test,30.002721088435376,0.43223077058792114,1173.9716796875
45153,Electronic,0,training,30.002721088435376,0.3238256871700287,1173.9189453125
45154,Electronic,0,training,29.976598639455784,0.3009919226169586,1172.9072265625
45335,Pop,6,training,30.002721088435376,0.16531938314437866,1174.09375
45387,Instrumental,4,training,30.002721088435376,0.08264017105102539,939.4501953125
45388,Instrumental,4,training,30.002721088435376,0.08045543730258942,939.462890625
45389,Instrumental,4,training,30.002721088435376,0.13242124021053314,939.43359375
45390,Instrumental,4,training,29.976598639455784,0.08528201282024384,938.6416015625
45391,Instrumental,4,training,29.976598639455784,0.08506983518600464,938.669921875
45392,Instrumental,4,training,30.002721088435376,0.10122787207365036,939.451171875
45393,Instrumental,4,training,29.976598639455784,0.0829254537820816,938.62109375
45474,Rock,7,training,29.976598639455784,0.1038975641131401,586.87890625
45475,Rock,7,training,29.976598639455784,0.07571127265691757,586.8662109375
45508,Electronic,0,training,30.002721088435376,0.1848827749490738,1174.134765625
45513,Folk,2,training,30.002721088435376,0.1426515281200409,1174.099609375
45514,Folk,2,training,29.976598639455784,0.08855769783258438,1173.0380859375
45515,Folk,2,training,30.002721088435376,0.221756249666214,1174.07421875
45516,Folk,2,training,29.976598639455784,0.11527690291404724,1173.072265625
45517,Folk,2,training,29.976598639455784,0.18755881488323212,1173.0439453125
45518,Folk,2,training,29.976598639455784,0.1548454612493515,1173.0419921875
45519,Folk,2,training,30.002721088435376,0.1981063038110733,1174.0625
45520,Folk,2,training,29.976598639455784,0.20880699157714844,1173.041015625
45521,Folk,2,training,30.002721088435376,0.15674148499965668,1174.060546875
45522,Folk,2,training,30.002721088435376,0.15426644682884216,1174.0654296875
45523,Folk,2,training,30.002721088435376,0.2824993431568146,1174.0810546875
45934,Experimental,1,test,30.002721088435376,0.06787462532520294,1174.2001953125
45941,Experimental,1,training,29.976598639455784,0.11633428186178207,1173.169921875
46024,Rock,7,training,29.976598639455784,0.23278594017028809,1173.138671875
46043,Experimental,1,training,29.976598639455784,0.10030489414930344,1173.1826171875
46058,Experimental,1,training,29.976598639455784,0.009694989770650864,1173.1884765625
46068,Experimental,1,training,29.976598639455784,0.37478676438331604,1173.203125
46078,Hip-Hop,3,training,30.002721088435376,0.2900981307029724,938.4248046875
46079,Experimental,1,training,29.976598639455784,0.30007651448249817,937.607421875
46157,Electronic,0,training,29.976598639455784,0.11437709629535675,1173.0126953125
46158,Electronic,0,training,30.002721088435376,0.19064146280288696,1174.0283203125
46159,Electronic,0,training,30.002721088435376,0.10192112624645233,1174.0966796875
46160,Electronic,0,training,29.976598639455784,0.10859835147857666,1173.03125
46161,Experimental,1,training,29.976598639455784,0.007118042092770338,1173.1142578125
46162,Experimental,1,training,30.002721088435376,0.05544370040297508,1174.1416015625
46238,Experimental,1,training,30.002721088435376,0.09128476679325104,704.73828125
46241,Experimental,1,training,29.976598639455784,0.1588679999113083,704.1015625
46525,Instrumental,4,training,30.002721088435376,0.16395333409309387,1173.9033203125
46611,Experimental,1,training,29.976598639455784,0.13559392094612122,704.0849609375
46711,Experimental,1,training,29.976598639455784,0.0037657800130546093,938.5009765625
46717,Experimental,1,test,29.976598639455784,0.0012388277100399137,938.4951171875
46718,Experimental,1,test,29.976598639455784,0.005401331931352615,938.4951171875
46720,Experimental,1,test,30.002721088435376,0.0013611118774861097,939.4208984375
46726,Hip-Hop,3,training,30.002721088435376,0.15740248560905457,1174.310546875
46732,Pop,6,training,29.976598639455784,0.21389088034629822,1173.2392578125
46733,Pop,6,training,29.976598639455784,0.11470116674900055,1173.21484375
46736,Pop,6,training,30.002721088435376,0.14677469432353973,1174.1826171875
46839,Pop,6,training,29.976598639455784,0.18133296072483063,1172.8740234375
46840,Pop,6,training,30.002721088435376,0.21689294278621674,1173.9091796875
46841,Pop,6,training,30.002721088435376,0.19311276078224182,1173.8779296875
46842,Pop,6,training,29.976598639455784,0.21151475608348846,1172.8701171875
46844,Pop,6,training,29.976598639455784,0.21596093475818634,1172.8857421875
46846,Pop,6,training,29.976598639455784,0.21185484528541565,1173.146484375
46854,Pop,6,training,30.002721088435376,0.2230633944272995,1174.119140625
46855,Pop,6,training,29.976598639455784,0.24365822970867157,1173.0908203125
46928,Pop,6,training,29.976598639455784,0.08567404001951218,1173.1181640625
46930,Pop,6,training,30.002721088435376,0.13818630576133728,1174.1240234375
47032,Rock,7,validation,29.976598639455784,0.3008991479873657,428.0458984375
47068,Electronic,0,training,30.002721088435376,0.16946887969970703,935.8681640625
47069,Electronic,0,training,29.976598639455784,0.14283587038516998,901.626953125
47070,Electronic,0,training,30.002721088435376,0.13860362768173218,919.8447265625
47071,Electronic,0,training,29.976598639455784,0.11497874557971954,941.5556640625
47072,Electronic,0,training,30.002721088435376,0.11331762373447418,895.9169921875
47073,Electronic,0,training,29.976598639455784,0.15063278377056122,966.150390625
47074,Electronic,0,training,29.976598639455784,0.12871363759040833,917.01953125
47075,Electronic,0,training,30.002721088435376,0.08358635753393173,940.134765625
47076,Electronic,0,training,30.002721088435376,0.11486567556858063,900.5712890625
47077,Electronic,0,training,29.976598639455784,0.10140275210142136,929.70703125
47100,Pop,6,validation,30.002721088435376,0.2078428864479065,821.9541015625
47192,Experimental,1,training,29.976598639455784,0.11937472224235535,1173.0595703125
47193,Experimental,1,training,30.002721088435376,0.213394433259964,1174.09375
47194,Experimental,1,training,30.002721088435376,0.1302216649055481,1174.09375
47195,Experimental,1,training,29.976598639455784,0.18610697984695435,1173.0654296875
47196,Experimental,1,training,30.002721088435376,0.1683196872472763,1174.095703125
47197,Experimental,1,training,30.002721088435376,0.18393456935882568,1174.0849609375
47198,Experimental,1,training,30.002721088435376,0.1823102831840515,1174.09765625
47199,Experimental,1,training,30.002721088435376,0.1500709056854248,1174.099609375
47200,Experimental,1,training,30.002721088435376,0.33347252011299133,1174.09765625
47201,Experimental,1,training,29.976598639455784,0.19169333577156067,1173.0859375
47202,Experimental,1,training,29.976598639455784,0.12488055229187012,1173.078125
47260,Electronic,0,training,29.976598639455784,0.08767849951982498,704.08984375
47471,Rock,7,test,30.002721088435376,0.09443260729312897,939.447265625
47506,Folk,2,training,29.976598639455784,0.23982618749141693,1172.05859375
47510,Rock,7,training,30.002721088435376,0.22574864327907562,955.3740234375
47526,Rock,7,test,30.002721088435376,0.1376115381717682,939.521484375
47628,Folk,2,test,30.002721088435376,0.18870042264461517,469.994140625
47657,Electronic,0,training,29.988979591836735,0.22722099721431732,1173.3720703125
47658,Electronic,0,training,29.988979591836735,0.17574463784694672,1173.3798828125
47659,Electronic,0,training,29.988979591836735,0.18232318758964539,1173.4052734375
47660,Electronic,0,training,29.988979591836735,0.149248406291008,1173.396484375
47661,Folk,2,training,30.002721088435376,0.2505735456943512,939.384765625
47662,Folk,2,training,30.002721088435376,0.26902201771736145,939.3623046875
47663,Folk,2,training,30.002721088435376,0.2934148907661438,939.435546875
47665,Pop,6,training,29.988979591836735,0.09656236320734024,1173.3671875
47666,Pop,6,training,29.988979591836735,0.12840254604816437,469.671875
47670,Pop,6,training,29.976598639455784,0.12088139355182648,704.087890625
47671,Pop,6,training,29.976598639455784,0.04450959712266922,704.115234375
47707,Experimental,1,training,29.976598639455784,0.3092888295650482,707.4287109375
47826,Experimental,1,training,29.976598639455784,0.049984849989414215,704.310546875
47835,Pop,6,training,29.976598639455784,0.16298538446426392,704.3505859375
47865,Folk,2,training,30.002721088435376,0.15702871978282928,939.3681640625
47868,Folk,2,training,29.976598639455784,0.10649514198303223,938.5419921875
47894,Pop,6,training,30.002721088435376,0.2594229280948639,1174.1650390625
47895,Pop,6,training,30.002721088435376,0.2627553641796112,1174.1513671875
47896,Pop,6,training,29.976598639455784,0.25726085901260376,1173.1357421875
47897,Pop,6,training,30.002721088435376,0.2770337462425232,1174.16015625
47916,Rock,7,training,29.976598639455784,0.2926742136478424,1173.05859375
47921,Rock,7,training,30.002721088435376,0.3301875591278076,1174.1064453125
48015,Rock,7,training,30.002721088435376,0.11194095760583878,1174.2373046875
48042,Experimental,1,training,29.976598639455784,0.04600369185209274,721.2333984375
48043,Experimental,1,training,29.976598639455784,0.07929006963968277,806.4287109375
48044,Experimental,1,training,30.002721088435376,0.07840250432491302,796.548828125
48046,Experimental,1,training,30.002721088435376,0.04260368272662163,806.9814453125
48269,Experimental,1,training,30.002721088435376,0.129444420337677,1173.087890625
48293,Electronic,0,test,29.976598639455784,0.15849602222442627,1173.16015625
48307,Experimental,1,training,30.002721088435376,0.14576411247253418,681.60546875
48317,Experimental,1,validation,29.976598639455784,0.05082148313522339,471.275390625
48367,Rock,7,training,29.976598639455784,0.10247651487588882,1173.2919921875
48368,Rock,7,training,29.976598639455784,0.27806615829467773,1173.1396484375
48369,Rock,7,training,29.976598639455784,0.25095874071121216,1173.17578125
48437,Electronic,0,training,29.976598639455784,0.2775837779045105,1173.0673828125
48439,Electronic,0,training,29.976598639455784,0.19725289940834045,1173.0654296875
48440,Electronic,0,training,29.976598639455784,0.30986595153808594,1173.0791015625
48442,Electronic,0,training,30.002721088435376,0.36626970767974854,1174.1015625
48443,Electronic,0,training,30.002721088435376,0.27702823281288147,1174.216796875
48444,Pop,6,training,29.976598639455784,0.07727811485528946,1173.103515625
48446,Pop,6,training,29.976598639455784,0.025153711438179016,938.603515625
48450,Pop,6,training,29.976598639455784,0.10119488090276718,469.6279296875
48452,Pop,6,training,29.976598639455784,0.165344700217247,1173.095703125
48453,Pop,6,training,30.002721088435376,0.03670850396156311,704.7607421875
48454,Pop,6,training,29.976598639455784,0.0273205004632473,469.662109375
48456,Pop,6,training,29.976598639455784,0.08301698416471481,704.111328125
48457,Pop,6,training,30.002721088435376,0.06360050290822983,1174.150390625
48462,Electronic,0,training,29.976598639455784,0.25334760546684265,1173.0625
48463,Electronic,0,training,29.976598639455784,0.25122642517089844,1173.060546875
48464,Electronic,0,training,29.976598639455784,0.1788794994354248,1173.08203125
48465,Electronic,0,training,29.976598639455784,0.15920691192150116,1173.0615234375
48466,Electronic,0,training,30.002721088435376,0.2035982757806778,1174.072265625
48488,International,5,training,29.976598639455784,0.12851177155971527,938.5986328125
48489,International,5,training,29.976598639455784,0.2043064683675766,938.6025390625
48491,International,5,training,30.002721088435376,0.18660998344421387,939.4111328125
48492,International,5,training,29.976598639455784,0.1984218955039978,938.609375
48493,International,5,training,29.976598639455784,0.16268712282180786,938.5888671875
48494,International,5,training,29.976598639455784,0.2010072022676468,938.6240234375
48763,Rock,7,training,29.976598639455784,0.2639103829860687,938.435546875
48808,Folk,2,training,30.002721088435376,0.08617210388183594,1174.0830078125
48815,Folk,2,training,30.002721088435376,0.10748326778411865,1174.06640625
48861,Experimental,1,training,29.976598639455784,0.21829254925251007,1173.04296875
48862,Experimental,1,training,29.976598639455784,0.1976691633462906,1173.095703125
48863,Experimental,1,training,30.002721088435376,0.16235320270061493,1174.0634765625
48864,Experimental,1,training,30.002721088435376,0.09654104709625244,1174.1005859375
48865,Experimental,1,training,30.002721088435376,0.1567993462085724,1174.060546875
48931,Experimental,1,training,30.002721088435376,0.17294877767562866,704.5380859375
48990,Rock,7,test,30.002721088435376,0.05969424918293953,1174.109375
48999,Rock,7,test,29.976598639455784,0.19336162507534027,1173.4296875
49029,Folk,2,training,29.976598639455784,0.19138726592063904,938.7060546875
49030,Folk,2,training,30.002721088435376,0.2357650250196457,939.525390625
49039,Pop,6,training,30.002721088435376,0.11471214145421982,1174.1669921875
49061,Experimental,1,training,30.002721088435376,0.8146107792854309,704.5927734375
49062,Experimental,1,training,29.976598639455784,0.6991130113601685,703.9755859375
49064,Experimental,1,training,29.976598639455784,0.735166609287262,703.9794921875
49066,Experimental,1,training,29.976598639455784,0.36212342977523804,703.9111328125
49067,Experimental,1,training,29.976598639455784,0.3955073356628418,703.880859375
49068,Experimental,1,training,30.002721088435376,0.3738090395927429,704.486328125
49070,Experimental,1,training,29.976598639455784,0.09487553685903549,703.9033203125
49071,Experimental,1,training,29.976598639455784,0.872359573841095,703.8876953125
49072,Experimental,1,training,30.002721088435376,0.8416010737419128,704.509765625
49073,Experimental,1,training,29.976598639455784,0.8030174970626831,703.8984375
49394,Experimental,1,training,30.002721088435376,0.26076239347457886,704.4638671875
49401,Experimental,1,training,29.976598639455784,0.1535249948501587,703.857421875
49407,Experimental,1,training,29.976598639455784,0.21122413873672485,704.1201171875
49408,Experimental,1,training,29.976598639455784,0.11013947427272797,703.8916015625
49441,Rock,7,validation,29.976598639455784,0.23825019598007202,938.5712890625
49473,Pop,6,training,29.976598639455784,0.1529788225889206,1173.25390625
49476,Hip-Hop,3,training,30.002721088435376,0.17601537704467773,1174.2509765625
49477,Pop,6,test,30.002721088435376,0.14715754985809326,1174.3125
49478,Hip-Hop,3,training,29.976598639455784,0.18621595203876495,1173.1865234375
49479,Hip-Hop,3,validation,30.002721088435376,0.15307414531707764,1174.2109375
49812,Rock,7,training,30.002721088435376,0.09633514285087585,939.3408203125
49817,Rock,7,training,29.976598639455784,0.13665544986724854,938.5166015625
49842,Folk,2,training,30.002721088435376,0.11114178597927094,1174.1220703125
49843,Folk,2,training,30.002721088435376,0.1009126603603363,1174.1083984375
49844,Folk,2,training,29.976598639455784,0.12230304628610611,1173.1064453125
49845,Folk,2,training,30.002721088435376,0.14461146295070648,1174.1240234375
49846,Folk,2,training,30.002721088435376,0.13640880584716797,1174.1259765625
49847,Folk,2,training,30.002721088435376,0.12926320731639862,1174.1279296875
49848,Folk,2,training,30.002721088435376,0.13699020445346832,1174.1689453125
49849,Folk,2,training,29.976598639455784,0.16054889559745789,1173.0986328125
49856,Folk,2,training,29.976598639455784,0.13231854140758514,1173.1025390625
49857,Folk,2,training,29.976598639455784,0.1394476741552353,1173.09765625
50264,Hip-Hop,3,training,30.002721088435376,0.19421882927417755,704.8095703125
50272,Pop,6,training,29.976598639455784,0.30722886323928833,704.21484375
50276,Folk,2,training,30.002721088435376,0.16902180016040802,704.8212890625
50283,International,5,training,29.976598639455784,0.08113542944192886,704.2255859375
50323,Folk,2,training,30.002721088435376,0.00861856248229742,1174.16015625
50444,Rock,7,validation,30.002721088435376,0.2793366312980652,939.3740234375
50445,Rock,7,validation,30.002721088435376,0.28553783893585205,939.37109375
50446,Rock,7,validation,29.976598639455784,0.26417866349220276,938.53515625
50447,Rock,7,validation,30.002721088435376,0.2633092701435089,939.33984375
50448,Rock,7,validation,30.002721088435376,0.28384387493133545,939.3544921875
50449,Rock,7,validation,29.976598639455784,0.07186121493577957,938.529296875
50539,Rock,7,training,29.976598639455784,0.25099635124206543,704.11328125
50543,Rock,7,training,29.976598639455784,0.22388291358947754,704.1025390625
50752,Rock,7,test,29.976598639455784,0.2939673662185669,931.771484375
50753,Rock,7,test,30.002721088435376,0.3735135793685913,831.236328125
50754,Rock,7,test,30.002721088435376,0.24996107816696167,775.40625
50836,Experimental,1,training,30.002721088435376,0.7116180658340454,960.8935546875
50952,Folk,2,training,30.002721088435376,0.14723940193653107,1174.0224609375
50955,Instrumental,4,training,29.988979591836735,0.04301498085260391,1173.43359375
50956,Instrumental,4,training,30.002721088435376,0.0897279754281044,1174.0732421875
51004,International,5,training,30.002721088435376,0.055234432220458984,1173.876953125
51005,International,5,training,29.976598639455784,0.14544755220413208,1172.8857421875
51006,International,5,training,29.988979591836735,0.1887701153755188,1173.2314453125
51111,Experimental,1,training,29.976598639455784,0.18795493245124817,1172.970703125
51112,Experimental,1,training,30.002721088435376,0.20858566462993622,1173.99609375
51113,Experimental,1,training,30.002721088435376,0.051497455686330795,1173.9970703125
51114,Experimental,1,training,29.976598639455784,0.03348960727453232,1172.958984375
51115,Experimental,1,training,30.002721088435376,0.06371752917766571,1173.9931640625
51117,Experimental,1,training,29.976598639455784,0.012910958379507065,1172.982421875
51118,Experimental,1,training,30.002721088435376,0.004159065894782543,1173.9951171875
51120,Pop,6,training,29.976598639455784,0.19790084660053253,1173.0068359375
51157,Experimental,1,validation,30.002721088435376,0.08064980804920197,587.40234375
51158,Experimental,1,validation,29.976598639455784,0.04253588989377022,586.884765625
51203,Experimental,1,training,30.002721088435376,0.1053682491183281,1174.115234375
51260,Pop,6,test,30.002721088435376,0.11724327504634857,1174.2333984375
51261,Pop,6,validation,29.976598639455784,0.07522988319396973,1173.296875
51262,Pop,6,training,30.002721088435376,0.11688903719186783,1174.181640625
51263,Pop,6,training,29.976598639455784,0.13452453911304474,1173.1904296875
51265,Pop,6,training,30.002721088435376,0.12387795746326447,1174.197265625
51267,Pop,6,training,29.976598639455784,0.08047856390476227,1173.28125
51268,Pop,6,training,30.002721088435376,0.0801200121641159,1174.177734375
51269,Pop,6,training,29.988979591836735,0.10917231440544128,1173.5380859375
51271,Pop,6,training,30.002721088435376,0.09977640956640244,1174.36328125
51272,Pop,6,test,29.976598639455784,0.07702463865280151,1173.166015625
51273,Pop,6,training,30.002721088435376,0.18800874054431915,1174.1875
51274,Pop,6,training,29.976598639455784,0.07419513911008835,1173.1748046875
51275,Pop,6,training,30.002721088435376,0.13275551795959473,1174.3525390625
51276,Pop,6,training,30.002721088435376,0.08312097936868668,1174.2314453125
51278,Pop,6,validation,30.002721088435376,0.1314549744129181,587.134765625
51291,Pop,6,validation,30.002721088435376,0.0918307900428772,587.1328125
51292,Pop,6,validation,30.002721088435376,0.0893489345908165,587.1435546875
51301,Experimental,1,test,30.002721088435376,0.31693342328071594,943.0078125
51305,Experimental,1,test,30.002721088435376,0.307803213596344,938.69140625
51333,Folk,2,training,30.002721088435376,0.12363822758197784,1174.013671875
51479,Experimental,1,training,30.002721088435376,0.1064675897359848,733.9736328125
51655,Folk,2,validation,29.976598639455784,0.06111660972237587,938.5302734375
51659,Folk,2,validation,29.976598639455784,0.09900403767824173,938.5380859375
51661,Folk,2,validation,29.976598639455784,0.03917699307203293,938.541015625
51776,Instrumental,4,training,29.976598639455784,0.04723728820681572,937.55078125
51784,Electronic,0,training,30.002721088435376,0.16530774533748627,704.82421875
51785,Electronic,0,training,29.976598639455784,0.51317298412323,704.14453125
51918,Folk,2,validation,29.976598639455784,0.18880155682563782,1173.0546875
51919,Folk,2,validation,29.976598639455784,0.21885278820991516,1173.048828125
51923,Electronic,0,training,30.002721088435376,0.3758418560028076,1174.0283203125
51954,Electronic,0,training,30.002721088435376,0.26232972741127014,826.90234375
51991,International,5,training,30.002721088435376,0.09222414344549179,1174.18359375
51992,International,5,training,30.002721088435376,0.1315697580575943,1174.1923828125
51998,International,5,training,29.976598639455784,0.10179880261421204,1173.16796875
51999,International,5,training,29.976598639455784,0.13468033075332642,1173.1826171875
52000,International,5,training,29.976598639455784,0.08758397400379181,1173.1845703125
52001,International,5,training,30.002721088435376,0.04913730546832085,1174.224609375
52034,Pop,6,training,30.002721088435376,0.25022774934768677,1173.9208984375
52035,Pop,6,training,29.976598639455784,0.14212645590305328,1172.90625
52036,Pop,6,training,30.002721088435376,0.23632779717445374,1173.9384765625
52037,Pop,6,training,29.976598639455784,0.14947403967380524,1172.91796875
52039,Pop,6,training,30.002721088435376,0.08381184190511703,1173.9287109375
52040,Pop,6,training,29.976598639455784,0.2857343554496765,1172.91015625
52041,Pop,6,training,30.002721088435376,0.2670988142490387,1173.9345703125
52042,Pop,6,training,29.976598639455784,0.18274937570095062,1172.9013671875
52044,Pop,6,training,29.976598639455784,0.29155972599983215,1172.908203125
52045,Pop,6,training,29.976598639455784,0.22284169495105743,1172.9033203125
52118,International,5,training,29.976598639455784,0.15988196432590485,938.529296875
52119,International,5,training,29.976598639455784,0.21217316389083862,938.5419921875
52120,International,5,training,29.976598639455784,0.19610346853733063,938.5380859375
52121,International,5,training,29.976598639455784,0.1455869972705841,938.5498046875
52122,International,5,training,30.002721088435376,0.12581035494804382,939.373046875
52123,International,5,training,30.002721088435376,0.1751171052455902,939.3623046875
52124,International,5,training,29.976598639455784,0.1279740184545517,938.55078125
52125,International,5,training,30.002721088435376,0.16681155562400818,939.3447265625
52126,International,5,training,30.002721088435376,0.12507741153240204,939.3671875
52127,International,5,training,30.002721088435376,0.16943083703517914,939.3564453125
52128,International,5,training,29.976598639455784,0.17556387186050415,938.525390625
52129,International,5,training,29.976598639455784,0.13487088680267334,938.55078125
52141,Experimental,1,training,29.976598639455784,0.2810348570346832,938.6220703125
52375,Pop,6,validation,29.976598639455784,0.11482682824134827,586.8388671875
52380,Pop,6,validation,30.002721088435376,0.06127508357167244,587.3427734375
52389,Pop,6,validation,29.976598639455784,0.05529964715242386,586.8447265625
52393,Pop,6,validation,29.976598639455784,0.24269013106822968,586.8427734375
52409,Electronic,0,training,29.976598639455784,0.195748969912529,514.611328125
52446,Instrumental,4,training,30.002721088435376,0.06761227548122406,608.109375
52447,Instrumental,4,training,30.002721088435376,0.0156830046325922,565.283203125
52448,Instrumental,4,training,30.002721088435376,0.13836032152175903,640.025390625
52449,Instrumental,4,training,30.002721088435376,0.11672419309616089,683.0244140625
52451,Instrumental,4,training,30.002721088435376,0.05838777497410774,593.8681640625
52452,Instrumental,4,validation,29.976598639455784,0.047480203211307526,498.080078125
52500,Folk,2,training,30.002721088435376,0.10777080059051514,939.34375
52501,Folk,2,training,29.976598639455784,0.17484380304813385,938.5263671875
52502,Folk,2,training,29.976598639455784,0.10513544082641602,938.5166015625
52508,Folk,2,training,30.002721088435376,0.1510765552520752,939.3349609375
52522,Rock,7,training,30.002721088435376,0.2620643377304077,1174.18359375
52579,Hip-Hop,3,training,29.976598639455784,0.13625861704349518,1173.048828125
52628,Electronic,0,training,29.976598639455784,0.17641226947307587,469.5859375
52629,Electronic,0,training,30.002721088435376,0.2100984901189804,587.330078125
52630,Electronic,0,training,30.002721088435376,0.2135154902935028,468.90625
52631,Electronic,0,training,29.976598639455784,0.2701130509376526,1173.046875
52632,Electronic,0,training,30.002721088435376,0.20096144080162048,939.3583984375
52633,Electronic,0,training,29.976598639455784,0.11138206720352173,586.830078125
52634,Electronic,0,training,29.976598639455784,0.286072701215744,1173.03515625
52635,Electronic,0,training,29.976598639455784,0.2568330764770508,586.81640625
52636,Electronic,0,training,30.002721088435376,0.2918647229671478,587.32421875
52637,Electronic,0,training,30.002721088435376,0.28689149022102356,469.986328125
52638,Electronic,0,training,29.976598639455784,0.09332890063524246,586.8271484375
52639,Electronic,0,training,29.976598639455784,0.23313744366168976,1173.0458984375
52641,Electronic,0,training,29.976598639455784,0.15342473983764648,586.8125
52642,Electronic,0,training,30.002721088435376,0.09015147387981415,587.3232421875
52644,Electronic,0,training,29.976598639455784,0.26189836859703064,704.0615234375
52645,Electronic,0,training,30.002721088435376,0.2582753300666809,587.3369140625
52646,Electronic,0,training,30.002721088435376,0.33472341299057007,1174.05859375
52647,Electronic,0,training,29.976598639455784,0.14982910454273224,938.548828125
52648,Electronic,0,training,29.976598639455784,0.29192614555358887,704.0595703125
52649,Electronic,0,training,29.976598639455784,0.22357553243637085,1173.046875
52650,Electronic,0,training,30.002721088435376,0.1314840018749237,587.3369140625
52859,Experimental,1,training,29.988979591836735,0.1134786456823349,704.24609375
52860,Experimental,1,training,29.988979591836735,0.21544016897678375,704.2861328125
52861,Experimental,1,training,29.976598639455784,0.07204125821590424,704.0322265625
52862,Experimental,1,training,30.002721088435376,0.15504643321037292,704.6943359375
52945,Folk,2,validation,29.976598639455784,0.11292848736047745,938.7431640625
52946,Folk,2,validation,29.976598639455784,0.22075144946575165,938.7216796875
52947,Folk,2,validation,30.002721088435376,0.16115452349185944,939.5458984375
52948,Folk,2,validation,29.976598639455784,0.21748967468738556,938.73046875
52950,Folk,2,validation,29.976598639455784,0.18683785200119019,938.7421875
52951,Folk,2,validation,29.976598639455784,0.2047402262687683,938.73828125
52953,Folk,2,validation,29.976598639455784,0.15081332623958588,938.7626953125
52954,Folk,2,validation,29.976598639455784,0.14904619753360748,938.732421875
52955,Folk,2,validation,29.976598639455784,0.18348118662834167,938.751953125
53152,International,5,training,30.002721088435376,0.3155995309352875,470.2060546875
53154,International,5,training,30.002721088435376,0.19621090590953827,704.8828125
53156,International,5,training,30.002721088435376,0.199711874127388,1174.2724609375
53157,International,5,training,29.976598639455784,0.2530576288700104,1173.19140625
53158,International,5,training,29.976598639455784,0.2425583451986313,704.19140625
53159,International,5,training,29.976598639455784,0.2979828417301178,1173.19140625
53160,International,5,training,30.002721088435376,0.16589877009391785,1174.2431640625
53228,Pop,6,test,30.002721088435376,0.07269562035799026,1174.060546875
53229,Pop,6,test,29.976598639455784,0.10438588261604309,1173.029296875
53299,International,5,training,29.976598639455784,0.16658218204975128,1172.0478515625
53300,International,5,training,30.002721088435376,0.17880098521709442,1173.0517578125
53301,International,5,training,29.976598639455784,0.21772313117980957,1172.0458984375
53302,International,5,training,30.002721088435376,0.30998048186302185,1173.0634765625
53379,Hip-Hop,3,training,30.002721088435376,0.3851000666618347,587.421875
53381,Hip-Hop,3,training,30.002721088435376,0.15236447751522064,470.0732421875
53457,Electronic,0,training,30.002721088435376,0.2619852125644684,1173.0419921875
53496,Electronic,0,training,30.002721088435376,0.11831964552402496,704.7275390625
53576,Folk,2,training,29.976598639455784,0.0631670206785202,938.521484375
53578,Folk,2,training,29.976598639455784,0.09054475277662277,938.7431640625
53586,Folk,2,test,29.976598639455784,0.2564584016799927,1172.84375
53587,Folk,2,test,29.976598639455784,0.35057684779167175,1172.8671875
53588,Folk,2,test,29.976598639455784,0.29731783270835876,1172.8623046875
53589,Folk,2,test,29.976598639455784,0.342573881149292,1172.8466796875
53591,Pop,6,training,30.002721088435376,0.24188898503780365,1174.08203125
53592,Pop,6,training,29.976598639455784,0.27202141284942627,1173.046875
53675,Experimental,1,training,29.976598639455784,0.012369331903755665,920.525390625
53723,International,5,training,30.002721088435376,0.06820960342884064,1173.09765625
53724,International,5,training,29.976598639455784,0.07702366262674332,1172.078125
53725,International,5,training,29.976598639455784,0.05812115967273712,1172.078125
53726,International,5,training,29.976598639455784,0.07092799991369247,1172.078125
53727,International,5,training,30.002721088435376,0.07542221993207932,1173.09765625
53728,International,5,training,29.976598639455784,0.06548572331666946,1172.078125
53729,Experimental,1,training,30.002721088435376,0.16129155457019806,1174.0966796875
53807,Rock,7,training,30.002721088435376,0.2969636619091034,1174.1171875
53862,Electronic,0,training,29.976598639455784,0.18314586579799652,1037.490234375
53863,Electronic,0,training,29.976598639455784,0.14645439386367798,1025.4111328125
53937,Pop,6,training,29.976598639455784,0.270731121301651,938.650390625
54019,Experimental,1,training,30.002721088435376,0.1973881870508194,1174.1357421875
54031,Pop,6,training,29.976598639455784,0.27433761954307556,1173.0419921875
54032,Pop,6,training,29.976598639455784,0.5851681232452393,1173.041015625
54033,Pop,6,training,29.976598639455784,0.0820704996585846,1173.0390625
54034,Pop,6,training,30.002721088435376,0.30326083302497864,1174.0966796875
54037,Pop,6,training,29.976598639455784,0.23168666660785675,1173.0810546875
54039,Pop,6,training,29.976598639455784,0.42586252093315125,1173.04296875
54061,Folk,2,training,29.976598639455784,0.16253185272216797,938.576171875
54062,Folk,2,training,30.002721088435376,0.18038654327392578,939.3701171875
54063,Folk,2,training,30.002721088435376,0.20797309279441833,939.3740234375
54064,Folk,2,training,30.002721088435376,0.18283583223819733,939.3740234375
54149,Instrumental,4,training,30.002721088435376,0.12931734323501587,1174.064453125
54150,Instrumental,4,training,29.976598639455784,0.11779744923114777,1173.0458984375
54151,Instrumental,4,training,30.002721088435376,0.17038598656654358,1174.0625
54152,Instrumental,4,training,29.976598639455784,0.1451113373041153,1173.0380859375
54153,Instrumental,4,training,29.976598639455784,0.1972549706697464,1173.08203125
54154,Instrumental,4,training,29.976598639455784,0.10502243041992188,1173.0498046875
54155,Instrumental,4,training,30.002721088435376,0.16375824809074402,1174.0625
54156,Instrumental,4,training,30.002721088435376,0.10929083824157715,1174.068359375
54158,Instrumental,4,training,29.976598639455784,0.18177945911884308,1173.0634765625
54159,Instrumental,4,training,30.002721088435376,0.1425335556268692,1174.0791015625
54160,Instrumental,4,training,30.002721088435376,0.1723833829164505,1174.056640625
54163,Rock,7,training,30.002721088435376,0.3640176057815552,587.3701171875
54234,Pop,6,training,29.976598639455784,0.1669897735118866,938.513671875
54235,Pop,6,training,29.976598639455784,0.18752111494541168,938.513671875
54236,Pop,6,training,29.976598639455784,0.16063737869262695,938.529296875
54237,Pop,6,training,30.002721088435376,0.1774321049451828,939.34375
54297,Folk,2,training,30.002721088435376,0.1096307560801506,939.3583984375
54335,Electronic,0,training,30.002721088435376,0.27158600091934204,1174.068359375
54365,Hip-Hop,3,training,29.976598639455784,0.2293521761894226,586.7353515625
54376,Hip-Hop,3,training,29.976598639455784,0.2106361985206604,586.8017578125
54433,International,5,training,29.976598639455784,0.2254224568605423,1172.193359375
54436,International,5,training,29.976598639455784,0.16085407137870789,1173.2041015625
54437,International,5,training,30.002721088435376,0.06755803525447845,1174.1796875
54438,International,5,training,30.002721088435376,0.22993811964988708,1174.216796875
54442,International,5,training,30.002721088435376,0.21058936417102814,1174.275390625
54443,International,5,training,29.976598639455784,0.1266597956418991,1173.2470703125
54463,International,5,validation,29.976598639455784,0.22052167356014252,1173.2294921875
54464,International,5,validation,29.976598639455784,0.19421406090259552,1173.01171875
54465,International,5,validation,30.002721088435376,0.17931339144706726,1174.248046875
54466,International,5,validation,30.002721088435376,0.18786156177520752,1174.255859375
54467,International,5,validation,29.976598639455784,0.24403150379657745,1173.2236328125
54468,International,5,validation,29.988979591836735,0.35051655769348145,1173.587890625
54469,International,5,validation,29.976598639455784,0.20505163073539734,1173.2314453125
54470,International,5,validation,30.002721088435376,0.2748740315437317,1174.2392578125
54475,International,5,training,29.976598639455784,0.07694549858570099,1173.2265625
54476,International,5,training,29.976598639455784,0.060645684599876404,1173.2265625
54479,International,5,training,29.976598639455784,0.27352285385131836,1173.2109375
54480,International,5,training,29.976598639455784,0.14994803071022034,1173.2353515625
54481,International,5,training,29.976598639455784,0.12533041834831238,1173.2265625
54482,International,5,training,30.002721088435376,0.09010341763496399,1174.2294921875
54496,Experimental,1,training,30.002721088435376,0.03024624101817608,939.4306640625
54554,Experimental,1,validation,29.976598639455784,0.26786330342292786,1173.1484375
54568,International,5,training,29.990702947845804,0.25786247849464417,470.068359375
54570,International,5,training,29.976598639455784,0.25209978222846985,938.671875
54576,International,5,training,29.964580498866212,0.1358298808336258,469.517578125
54578,International,5,training,29.964580498866212,0.1848815679550171,469.63671875
54580,International,5,training,30.002721088435376,0.11520258337259293,939.4365234375
54621,Rock,7,training,30.002721088435376,0.2550368010997772,1174.1845703125
54623,Rock,7,training,29.976598639455784,0.2345394343137741,1173.181640625
54624,Rock,7,training,29.976598639455784,0.24367865920066833,1173.162109375
54625,Rock,7,training,30.002721088435376,0.1991959512233734,1174.1806640625
54626,Rock,7,training,29.976598639455784,0.20664702355861664,1173.154296875
54662,Electronic,0,training,30.002721088435376,0.2353292852640152,1174.1142578125
54664,Pop,6,training,30.002721088435376,0.3272361159324646,1174.080078125
54665,Pop,6,training,30.002721088435376,0.20995588600635529,1174.087890625
54666,Pop,6,training,29.976598639455784,0.2664945125579834,1173.0849609375
54667,Pop,6,training,29.976598639455784,0.31059297919273376,1173.0830078125
54703,Folk,2,test,29.976598639455784,0.18959933519363403,938.572265625
54719,Electronic,0,training,29.976598639455784,0.25723618268966675,1173.126953125
54735,Rock,7,training,30.002721088435376,0.26759934425354004,1174.1298828125
54753,Hip-Hop,3,training,30.002721088435376,0.14138256013393402,1174.015625
54874,Electronic,0,training,29.976598639455784,0.23798136413097382,741.9169921875
54942,Rock,7,training,29.976598639455784,0.23035022616386414,938.7451171875
55076,Pop,6,training,29.976598639455784,0.23034965991973877,1171.8525390625
55097,Hip-Hop,3,training,29.976598639455784,0.30664166808128357,1173.0458984375
55100,Hip-Hop,3,training,30.002721088435376,0.38391798734664917,1174.119140625
55101,Hip-Hop,3,training,29.976598639455784,0.5106079578399658,1173.044921875
55102,Hip-Hop,3,training,29.976598639455784,0.2790422737598419,1173.0478515625
55113,Hip-Hop,3,training,29.976598639455784,0.30094990134239197,1173.0634765625
55119,Hip-Hop,3,training,29.976598639455784,0.28471842408180237,1173.0615234375
55120,Hip-Hop,3,training,29.976598639455784,0.23744694888591766,1173.0654296875
55121,Hip-Hop,3,training,29.976598639455784,0.3073945641517639,1173.0732421875
55122,Hip-Hop,3,training,29.976598639455784,0.2783147990703583,1173.068359375
55123,Hip-Hop,3,training,29.976598639455784,0.2842784821987152,1173.09375
55124,Hip-Hop,3,training,30.002721088435376,0.31477463245391846,1174.0732421875
55149,Electronic,0,training,29.976598639455784,0.3328838348388672,703.1943359375
55183,Electronic,0,validation,29.976598639455784,0.07134892791509628,469.5361328125
55186,Electronic,0,validation,29.976598639455784,0.32306724786758423,469.55078125
55231,International,5,training,30.002721088435376,0.3388949930667877,1174.2998046875
55232,International,5,training,30.002721088435376,0.26654934883117676,1174.3017578125
55233,International,5,training,29.976598639455784,0.31792640686035156,1173.271484375
55234,International,5,training,29.976598639455784,0.2520749270915985,1173.267578125
55235,International,5,training,30.002721088435376,0.30486419796943665,1174.3076171875
55236,International,5,training,29.976598639455784,0.26912617683410645,1173.2666015625
55237,International,5,training,29.976598639455784,0.3156900107860565,1173.310546875
55238,International,5,training,29.976598639455784,0.17705507576465607,1173.2939453125
55240,International,5,training,30.002721088435376,0.28404685854911804,1174.3115234375
55241,International,5,training,30.002721088435376,0.3308373689651489,1174.30078125
55242,International,5,training,29.976598639455784,0.380067378282547,1173.3056640625
55285,Pop,6,training,29.976598639455784,0.3235873579978943,748.5419921875
55286,Pop,6,training,29.976598639455784,0.13158005475997925,672.7412109375
55287,Pop,6,training,29.976598639455784,0.16230015456676483,703.4736328125
55288,Pop,6,training,30.002721088435376,0.23311540484428406,660.482421875
55289,Pop,6,training,29.976598639455784,0.21144375205039978,729.8759765625
55290,Pop,6,training,29.976598639455784,0.17566365003585815,653.7431640625
55291,Pop,6,training,30.002721088435376,0.2210688441991806,714.388671875
55292,Pop,6,training,29.976598639455784,0.23782619833946228,713.033203125
55293,Pop,6,training,30.002721088435376,0.16407489776611328,635.6875
55294,Pop,6,training,30.002721088435376,0.18670687079429626,661.4111328125
55295,Pop,6,training,30.002721088435376,0.24102552235126495,701.6904296875
55402,Rock,7,training,30.002721088435376,0.194719135761261,939.53515625
55430,Pop,6,training,29.976598639455784,0.12960310280323029,938.4365234375
55436,Pop,6,training,30.002721088435376,0.14635109901428223,939.26953125
55437,Pop,6,training,29.976598639455784,0.17357724905014038,938.4775390625
55480,Experimental,1,training,29.976598639455784,0.11655475944280624,938.359375
55481,Experimental,1,training,30.002721088435376,0.17194907367229462,939.15234375
55549,Hip-Hop,3,training,29.976598639455784,0.2511332035064697,937.560546875
55572,Hip-Hop,3,training,29.976598639455784,0.32994452118873596,1172.9765625
55709,Rock,7,training,29.976598639455784,0.2704016864299774,792.0537109375
55710,Rock,7,training,30.002721088435376,0.09548904001712799,697.1376953125
55711,Rock,7,training,30.002721088435376,0.30687806010246277,604.90234375
55712,Rock,7,training,29.976598639455784,0.24711444973945618,671.7783203125
55713,Rock,7,training,29.976598639455784,0.27625393867492676,778.3154296875
55714,Rock,7,training,30.002721088435376,0.3221495449542999,750.1865234375
55715,Rock,7,training,29.976598639455784,0.2834566533565521,745.93359375
55716,Rock,7,training,30.002721088435376,0.27544817328453064,765.595703125
55717,Rock,7,training,29.976598639455784,0.29028400778770447,771.197265625
55718,Rock,7,training,30.002721088435376,0.30724042654037476,773.2958984375
55719,Rock,7,training,30.002721088435376,0.3084191083908081,860.6865234375
55782,Electronic,0,validation,30.002721088435376,0.0884583592414856,704.8193359375
55783,Electronic,0,training,29.964580498866212,0.17337992787361145,469.6943359375
55786,Electronic,0,training,30.002721088435376,0.0772710070014,704.876953125
55807,Electronic,0,training,30.002721088435376,0.28230592608451843,470.0244140625
55808,Electronic,0,training,29.976598639455784,0.2933789789676666,469.6044921875
55809,Electronic,0,training,29.976598639455784,0.2541661560535431,469.6181640625
55810,Electronic,0,training,30.002721088435376,0.2643073499202728,470.0126953125
55811,Electronic,0,training,29.976598639455784,0.29104185104370117,469.611328125
55826,International,5,training,30.002721088435376,0.1333848088979721,939.61328125
55827,International,5,training,30.002721088435376,0.14223742485046387,939.587890625
55828,International,5,training,29.976598639455784,0.14052040874958038,938.7744140625
55830,International,5,training,30.002721088435376,0.13562193512916565,939.576171875
55831,International,5,training,30.002721088435376,0.13522647321224213,939.6103515625
55832,International,5,training,29.976598639455784,0.1418565958738327,938.7724609375
55833,International,5,training,30.002721088435376,0.12848792970180511,939.591796875
55900,Hip-Hop,3,training,29.976598639455784,0.13769197463989258,1172.0439453125
56010,Experimental,1,training,29.976598639455784,0.090772844851017,692.005859375
56015,Experimental,1,training,30.002721088435376,0.08001793175935745,767.455078125
56020,Experimental,1,training,29.976598639455784,0.08309157937765121,718.8271484375
56028,Electronic,0,training,30.002721088435376,0.26338836550712585,1174.13671875
56029,Electronic,0,training,29.976598639455784,0.2633565664291382,1173.078125
56030,International,5,training,29.976598639455784,0.21971601247787476,1172.892578125
56031,Experimental,1,training,30.002721088435376,0.06497489660978317,1173.05859375
56033,Experimental,1,training,30.002721088435376,0.04539412260055542,1173.064453125
56034,Electronic,0,training,29.976598639455784,0.24449534714221954,703.85546875
56036,Electronic,0,training,29.976598639455784,0.17306150496006012,703.85546875
56247,Pop,6,training,29.976598639455784,0.175410658121109,1172.798828125
56248,Pop,6,training,29.976598639455784,0.16452835500240326,1172.8203125
56249,Pop,6,training,29.976598639455784,0.123072549700737,1172.8056640625
56273,Pop,6,training,29.976598639455784,0.2182566076517105,1172.03515625
56274,Pop,6,training,30.002721088435376,0.17482629418373108,1173.03515625
56275,Pop,6,training,30.002721088435376,0.16122505068778992,1173.044921875
56460,Pop,6,validation,30.002721088435376,0.10262008756399155,587.341796875
56465,International,5,training,29.976598639455784,0.1411924958229065,938.4814453125
56466,International,5,training,29.976598639455784,0.16253134608268738,938.4736328125
56467,International,5,training,29.976598639455784,0.1854695975780487,938.4716796875
56468,International,5,training,29.976598639455784,0.1819172352552414,938.458984375
56469,International,5,training,30.002721088435376,0.1783943623304367,939.28515625
56470,International,5,training,30.002721088435376,0.1632378101348877,939.337890625
56471,International,5,training,29.976598639455784,0.1749550700187683,938.46484375
56472,International,5,training,29.976598639455784,0.17739373445510864,938.4912109375
56474,International,5,training,29.976598639455784,0.17778238654136658,938.46875
56493,Hip-Hop,3,training,30.002721088435376,0.2248934805393219,1174.1162109375
56495,Hip-Hop,3,training,29.976598639455784,0.2860855460166931,1173.107421875
56496,Hip-Hop,3,training,30.002721088435376,0.1459687203168869,1174.1435546875
56497,Hip-Hop,3,training,29.976598639455784,0.30020850896835327,1173.095703125
56498,Hip-Hop,3,training,30.002721088435376,0.22098344564437866,1174.1337890625
56499,Hip-Hop,3,training,29.976598639455784,0.16194196045398712,1173.11328125
56516,Folk,2,training,30.002721088435376,0.12338221073150635,1174.69140625
56517,Folk,2,training,30.002721088435376,0.12885423004627228,1174.900390625
56518,Folk,2,training,30.002721088435376,0.16443714499473572,1174.6982421875
56519,Folk,2,training,29.976598639455784,0.15379907190799713,1173.646484375
56520,Folk,2,training,29.976598639455784,0.14886797964572906,1173.828125
56521,Folk,2,training,29.976598639455784,0.170339435338974,1173.6240234375
56523,Electronic,0,test,29.976598639455784,0.15302792191505432,1173.0693359375
56552,Rock,7,validation,29.976598639455784,0.3626629710197449,704.0625
56559,Rock,7,validation,29.976598639455784,0.29527270793914795,704.0537109375
56639,Hip-Hop,3,training,29.988979591836735,0.26910200715065,1173.3916015625
56640,Hip-Hop,3,training,30.002721088435376,0.23562324047088623,1174.0322265625
56641,Hip-Hop,3,training,30.002721088435376,0.13966701924800873,1174.0244140625
56645,Rock,7,training,30.002721088435376,0.13846968114376068,939.4560546875
56646,Rock,7,training,30.002721088435376,0.09823662042617798,939.4599609375
56648,Rock,7,training,30.002721088435376,0.08281432092189789,939.4560546875
56649,Rock,7,training,29.976598639455784,0.10006000101566315,938.6123046875
56650,Rock,7,training,29.976598639455784,0.10542524605989456,938.6044921875
56651,Rock,7,training,30.002721088435376,0.11935717612504959,939.4169921875
56686,International,5,training,29.976598639455784,0.31837210059165955,1173.2158203125
56687,International,5,training,30.002721088435376,0.2963825464248657,1174.24609375
56688,International,5,training,29.976598639455784,0.2621907591819763,1173.2197265625
56689,International,5,training,30.002721088435376,0.2683287560939789,1174.21875
56690,International,5,training,30.002721088435376,0.24432212114334106,1174.212890625
56691,International,5,training,29.976598639455784,0.23145997524261475,1173.2177734375
56692,International,5,training,30.002721088435376,0.24697677791118622,1174.216796875
56693,International,5,training,29.976598639455784,0.14422522485256195,1173.2080078125
56694,International,5,training,29.976598639455784,0.31397196650505066,1173.166015625
56695,International,5,training,29.976598639455784,0.2954784631729126,1173.1708984375
56696,International,5,training,29.976598639455784,0.28336450457572937,1173.2158203125
56795,Electronic,0,training,30.002721088435376,0.13222718238830566,1174.04296875
56796,Electronic,0,training,29.976598639455784,0.14882035553455353,1173.0302734375
56797,Electronic,0,training,30.002721088435376,0.19438643753528595,1174.03125
56798,Electronic,0,training,29.976598639455784,0.20403529703617096,1173.0126953125
56799,Electronic,0,training,30.002721088435376,0.14659568667411804,1174.033203125
56800,Electronic,0,training,30.002721088435376,0.16493070125579834,1174.048828125
56801,Electronic,0,training,29.976598639455784,0.17186623811721802,1173.0244140625
56802,Electronic,0,training,29.976598639455784,0.10754603892564774,1173.0205078125
56803,Electronic,0,training,30.002721088435376,0.18356703221797943,1174.0390625
56804,Electronic,0,training,29.976598639455784,0.16709691286087036,1173.013671875
56805,Electronic,0,training,30.002721088435376,0.09617321938276291,1174.0341796875
56874,Electronic,0,validation,30.002721088435376,0.26901647448539734,1174.0361328125
56888,Experimental,1,training,29.976598639455784,0.06742572039365768,938.45703125
56895,Pop,6,test,30.002721088435376,0.1737223118543625,906.2734375
56929,Rock,7,test,29.976598639455784,0.21425628662109375,1173.08203125
57078,Pop,6,validation,30.002721088435376,0.1877545267343521,1174.1640625
57164,Folk,2,training,29.976598639455784,0.19036537408828735,1173.0703125
57175,Folk,2,training,29.976598639455784,0.19320686161518097,1173.08203125
57176,Folk,2,training,29.976598639455784,0.2321479469537735,1173.083984375
57177,Folk,2,training,29.976598639455784,0.12279610335826874,1173.0859375
57178,Pop,6,training,30.002721088435376,0.16232529282569885,1173.7216796875
57179,Pop,6,training,30.002721088435376,0.052882786840200424,1174.072265625
57180,Pop,6,training,30.002721088435376,0.33406156301498413,1174.6123046875
57271,Experimental,1,test,30.002721088435376,0.047552336007356644,822.2119140625
57272,Experimental,1,test,29.976598639455784,0.08713732659816742,821.498046875
57273,Experimental,1,test,29.976598639455784,0.07392621785402298,821.4990234375
57274,Experimental,1,test,30.002721088435376,0.11466848850250244,822.212890625
57344,Experimental,1,training,29.976598639455784,0.0546686016023159,1173.0927734375
57360,Experimental,1,training,29.976598639455784,0.10254137963056564,1173.02734375
57371,Instrumental,4,training,29.976598639455784,0.5705862641334534,704.21484375
57417,Electronic,0,training,29.988979591836735,0.23105250298976898,1173.541015625
57418,Instrumental,4,training,30.002721088435376,0.25008445978164673,1173.8740234375
57435,Pop,6,validation,29.976598639455784,0.2685855031013489,965.427734375
57437,Pop,6,validation,29.976598639455784,0.1409115195274353,988.0693359375
57439,Pop,6,validation,29.976598639455784,0.25103914737701416,958.66015625
57440,Experimental,1,training,29.976598639455784,0.2809697985649109,703.6337890625
57442,Experimental,1,training,29.976598639455784,0.13609522581100464,704.0712890625
57500,Rock,7,training,29.976598639455784,0.19203326106071472,938.541015625
57540,Electronic,0,test,30.002721088435376,0.35503271222114563,1174.0810546875
57569,Rock,7,training,29.976598639455784,0.078863225877285,938.619140625
57626,Experimental,1,training,30.002721088435376,0.13535775244235992,704.7578125
57627,Experimental,1,training,29.976598639455784,0.07437432557344437,704.1494140625
57628,Experimental,1,training,29.976598639455784,0.10236399620771408,704.1416015625
57629,Experimental,1,training,29.976598639455784,0.1610346883535385,704.1416015625
57630,Experimental,1,training,30.002721088435376,0.15914961695671082,704.7734375
57639,Folk,2,training,29.976598639455784,0.11006033420562744,704.20703125
57640,Folk,2,training,30.002721088435376,0.041820306330919266,704.8056640625
57648,Folk,2,training,29.976598639455784,0.03246181458234787,704.1904296875
57658,Rock,7,training,29.976598639455784,0.08396860957145691,704.16796875
57661,Rock,7,training,30.002721088435376,0.08640596270561218,704.7958984375
57662,Rock,7,training,29.976598639455784,0.07442864775657654,704.1728515625
57663,Rock,7,training,30.002721088435376,0.10285933315753937,704.78515625
57665,International,5,training,29.976598639455784,0.17881549894809723,469.724609375
57691,International,5,training,29.988979591836735,0.13479606807231903,469.8544921875
57697,International,5,training,29.976598639455784,0.1692485809326172,469.73046875
57819,Hip-Hop,3,training,30.002721088435376,0.3066822290420532,464.3583984375
57820,Hip-Hop,3,training,29.976598639455784,0.19989274442195892,492.5146484375
57821,Hip-Hop,3,training,30.002721088435376,0.27041375637054443,474.037109375
57822,Hip-Hop,3,training,29.976598639455784,0.21863506734371185,478.12109375
57823,Hip-Hop,3,training,30.002721088435376,0.23557007312774658,434.03515625
57891,Rock,7,validation,29.976598639455784,0.3467089831829071,704.0654296875
57892,Rock,7,validation,29.976598639455784,0.40032485127449036,704.099609375
57936,Experimental,1,training,29.976598639455784,0.06415607035160065,1173.0341796875
57937,Experimental,1,training,30.002721088435376,0.0639333501458168,1174.0546875
57938,Experimental,1,training,30.002721088435376,0.11626693606376648,1174.06640625
57939,Experimental,1,training,30.002721088435376,0.04446089640259743,1173.0390625
57943,Experimental,1,training,29.976598639455784,0.08984213322401047,1172.099609375
57968,Rock,7,training,30.002721088435376,0.2564818859100342,1173.9443359375
58052,Experimental,1,training,29.976598639455784,0.19069664180278778,704.1357421875
58053,Experimental,1,training,30.002721088435376,0.06761375814676285,704.7490234375
58054,Experimental,1,training,29.976598639455784,0.1528896987438202,704.2099609375
58060,Experimental,1,training,29.976598639455784,0.1204502210021019,704.15625
58061,Experimental,1,training,30.002721088435376,0.08905056118965149,704.7509765625
58063,Experimental,1,training,29.976598639455784,0.12454284727573395,704.1591796875
58068,Experimental,1,training,30.002721088435376,0.06826542317867279,1174.1015625
58070,Experimental,1,training,30.002721088435376,0.04074476659297943,1174.0966796875
58115,Pop,6,training,29.976598639455784,0.17169803380966187,1171.8291015625
58116,Pop,6,training,30.002721088435376,0.19082127511501312,1172.8857421875
58117,Pop,6,training,30.002721088435376,0.09907005727291107,1172.8740234375
58135,Folk,2,training,30.002721088435376,0.1858004331588745,470.046875
58140,Folk,2,training,30.002721088435376,0.21874135732650757,470.0576171875
58161,Pop,6,training,29.976598639455784,0.07919775694608688,1172.9794921875
58162,Pop,6,training,29.976598639455784,0.19235680997371674,1172.9599609375
58164,Pop,6,training,29.976598639455784,0.07881603389978409,469.53125
58166,Pop,6,training,29.976598639455784,0.24389222264289856,1172.9677734375
58169,Pop,6,training,29.976598639455784,0.19797705113887787,1172.9853515625
58170,Pop,6,training,29.976598639455784,0.05574990063905716,1172.953125
58173,Pop,6,training,29.976598639455784,0.12297122925519943,1172.95703125
58174,Pop,6,training,30.002721088435376,0.18675726652145386,1174.021484375
58207,Hip-Hop,3,validation,29.976598639455784,0.2651323080062866,708.0078125
58212,Hip-Hop,3,training,29.976598639455784,0.3010226786136627,469.2724609375
58213,Hip-Hop,3,training,29.976598639455784,0.24587242305278778,704.234375
58215,Hip-Hop,3,training,29.976598639455784,0.26970043778419495,1174.7529296875
58221,Rock,7,training,30.002721088435376,0.27627402544021606,587.515625
58225,Rock,7,training,30.002721088435376,0.20526546239852905,1173.0810546875
58333,Rock,7,validation,30.002721088435376,0.2518085241317749,469.9931640625
58334,Rock,7,validation,30.002721088435376,0.21286900341510773,469.9931640625
58341,Electronic,0,training,29.976598639455784,0.30743637681007385,1173.1416015625
58474,Pop,6,training,29.976598639455784,0.24330216646194458,1172.9697265625
58539,Rock,7,validation,30.002721088435376,0.3133150637149811,1174.0498046875
58540,Rock,7,validation,29.976598639455784,0.3313886225223541,827.5517578125
58541,Rock,7,validation,29.976598639455784,0.3873744010925293,737.0908203125
58542,Rock,7,validation,29.976598639455784,0.34574094414711,693.626953125
58543,Rock,7,validation,30.002721088435376,0.26927775144577026,742.5595703125
59078,Rock,7,training,30.002721088435376,0.07424695789813995,704.779296875
59373,Rock,7,training,29.976598639455784,0.09895670413970947,938.7265625
59374,Rock,7,training,29.976598639455784,0.08813164383172989,938.734375
59443,Pop,6,validation,29.976598639455784,0.2075313925743103,586.8671875
59445,Pop,6,validation,30.002721088435376,0.21235622465610504,587.3798828125
59446,Pop,6,validation,30.002721088435376,0.22584587335586548,587.380859375
59448,Pop,6,validation,29.976598639455784,0.365650475025177,586.8662109375
59449,Pop,6,validation,30.002721088435376,0.2937813103199005,587.376953125
59451,Pop,6,validation,30.002721088435376,0.33133333921432495,587.3759765625
59454,Pop,6,validation,30.002721088435376,0.2710045874118805,587.3818359375
59561,Rock,7,training,29.976598639455784,0.17162427306175232,586.8779296875
59562,Rock,7,test,29.976598639455784,0.1962834596633911,469.158203125
59581,International,5,test,30.002721088435376,0.07975070178508759,548.591796875
59653,International,5,training,30.002721088435376,0.14670178294181824,939.5078125
59654,International,5,training,30.002721088435376,0.18380935490131378,939.4853515625
59656,International,5,training,29.976598639455784,0.1756376028060913,938.6708984375
59657,International,5,training,29.976598639455784,0.154154434800148,938.6865234375
59658,International,5,training,30.002721088435376,0.18809477984905243,939.4873046875
59659,International,5,training,29.976598639455784,0.176935613155365,938.693359375
59660,International,5,training,29.976598639455784,0.11976440250873566,938.7822265625
59663,International,5,training,30.002721088435376,0.12330811470746994,939.587890625
59664,International,5,training,29.976598639455784,0.13975048065185547,938.7763671875
59666,International,5,training,29.976598639455784,0.1487288922071457,938.798828125
59667,International,5,training,29.976598639455784,0.24015799164772034,938.7919921875
59669,International,5,training,29.976598639455784,0.2203199714422226,938.78125
59671,International,5,training,29.976598639455784,0.22371959686279297,938.755859375
59673,International,5,training,29.976598639455784,0.14579249918460846,938.7451171875
59675,International,5,training,30.002721088435376,0.16799357533454895,939.5693359375
59676,International,5,training,29.976598639455784,0.20853164792060852,938.748046875
59677,International,5,training,29.976598639455784,0.22628365457057953,938.7568359375
59678,International,5,training,29.976598639455784,0.13350489735603333,938.7392578125
59679,International,5,training,29.976598639455784,0.17351457476615906,938.7255859375
59680,International,5,training,29.976598639455784,0.18333272635936737,938.759765625
59681,International,5,training,30.002721088435376,0.09820399433374405,939.5546875
59682,International,5,training,30.002721088435376,0.11701636016368866,939.55859375
59683,International,5,training,30.002721088435376,0.08920788764953613,939.40625
59684,International,5,training,29.976598639455784,0.08471062779426575,938.5615234375
59685,International,5,training,29.976598639455784,0.08905120193958282,938.5703125
59686,International,5,training,30.002721088435376,0.2081897109746933,939.4140625
59687,International,5,training,29.976598639455784,0.11959798634052277,938.576171875
59688,International,5,training,30.002721088435376,0.18531206250190735,939.376953125
59695,International,5,test,30.002721088435376,0.1963961124420166,939.4130859375
59702,International,5,training,30.002721088435376,0.23752310872077942,939.5908203125
59706,International,5,training,29.976598639455784,0.18867401778697968,938.7509765625
59707,International,5,training,29.976598639455784,0.2719113230705261,938.7705078125
59708,International,5,training,30.002721088435376,0.17295420169830322,939.583984375
59709,International,5,training,30.002721088435376,0.19774307310581207,939.560546875
59710,International,5,training,30.002721088435376,0.14864090085029602,939.5458984375
59711,International,5,validation,30.002721088435376,0.16070587933063507,939.3037109375
59718,International,5,validation,30.002721088435376,0.19304093718528748,939.3046875
59719,International,5,training,29.976598639455784,0.21418994665145874,938.7392578125
59720,International,5,training,29.976598639455784,0.16258424520492554,938.7412109375
59721,International,5,training,30.002721088435376,0.18090109527111053,939.5576171875
59723,International,5,training,30.002721088435376,0.17198874056339264,939.5537109375
59724,International,5,training,29.976598639455784,0.18547382950782776,938.7421875
59725,International,5,training,29.976598639455784,0.20060066878795624,938.7421875
59726,International,5,training,30.002721088435376,0.1565646529197693,939.5595703125
59727,International,5,training,29.976598639455784,0.15959860384464264,938.744140625
59823,Experimental,1,training,29.976598639455784,0.10801617801189423,938.5908203125
59876,Rock,7,training,29.988979591836735,0.193989098072052,938.90625
59930,Experimental,1,training,30.002721088435376,0.0822245329618454,1174.1328125
60037,International,5,training,29.976598639455784,0.050203192979097366,691.6103515625
60038,International,5,training,29.976598639455784,0.1940813511610031,677.25
60041,International,5,training,29.976598639455784,0.14732171595096588,713.5107421875
60042,International,5,training,29.976598639455784,0.14840851724147797,710.83203125
60045,International,5,training,29.976598639455784,0.02030053362250328,668.236328125
60048,International,5,training,29.976598639455784,0.14102627336978912,695.2333984375
60074,Experimental,1,training,29.976598639455784,0.2189621776342392,704.2890625
60143,International,5,training,29.976598639455784,0.10262399911880493,704.23828125
60144,International,5,training,29.976598639455784,0.12096982449293137,704.234375
60145,International,5,training,29.976598639455784,0.05699804052710533,704.248046875
60146,International,5,training,30.002721088435376,0.11776646971702576,704.857421875
60170,Folk,2,training,29.976598639455784,0.17683562636375427,704.1416015625
60317,Experimental,1,training,30.002721088435376,0.09236011654138565,704.7236328125
60331,Experimental,1,validation,29.976598639455784,0.06617630273103714,704.1064453125
60472,Hip-Hop,3,training,29.976598639455784,0.23688049614429474,1173.224609375
60474,Hip-Hop,3,training,29.976598639455784,0.1494927853345871,1173.2353515625
60476,Hip-Hop,3,test,30.002721088435376,0.1762465089559555,1174.2392578125
60477,Hip-Hop,3,training,30.002721088435376,0.16131199896335602,1174.228515625
60478,Hip-Hop,3,training,29.976598639455784,0.19229336082935333,1173.2236328125
60510,Hip-Hop,3,training,29.976598639455784,0.19407381117343903,1172.9609375
60533,International,5,test,30.002721088435376,0.14474263787269592,939.3310546875
60534,International,5,test,29.976598639455784,0.17436541616916656,938.5244140625
60535,International,5,test,29.976598639455784,0.12347081303596497,938.51953125
60536,International,5,test,29.976598639455784,0.13769011199474335,938.5263671875
60537,International,5,test,29.976598639455784,0.12323999404907227,938.517578125
60544,International,5,training,29.976598639455784,0.10752961784601212,938.59375
60547,International,5,training,30.002721088435376,0.06788726150989532,939.4208984375
60548,International,5,training,29.976598639455784,0.09605041146278381,938.6005859375
60549,International,5,training,30.002721088435376,0.10517462342977524,939.4287109375
60736,Rock,7,training,30.002721088435376,0.12181702256202698,1173.197265625
60753,International,5,training,29.976598639455784,0.19335077702999115,938.658203125
60754,International,5,training,29.976598639455784,0.1917852908372879,938.6484375
60755,International,5,training,29.976598639455784,0.1618698388338089,938.6787109375
60756,International,5,training,30.002721088435376,0.10851222276687622,939.455078125
60757,International,5,training,29.976598639455784,0.13218989968299866,938.6474609375
60758,International,5,training,29.976598639455784,0.15839803218841553,938.6767578125
60775,International,5,training,30.002721088435376,0.13632839918136597,939.400390625
60776,International,5,training,30.002721088435376,0.13228768110275269,939.4453125
60777,International,5,training,29.976598639455784,0.10624952614307404,938.6083984375
60857,International,5,training,30.002721088435376,0.09459355473518372,939.228515625
60864,International,5,training,30.002721088435376,0.12608450651168823,939.234375
60865,International,5,training,29.976598639455784,0.12481167912483215,938.4736328125
60871,International,5,test,29.976598639455784,0.1170174703001976,938.65234375
60872,International,5,test,29.976598639455784,0.045875631272792816,938.6669921875
60873,International,5,test,29.976598639455784,0.08868667483329773,938.6640625
60874,International,5,test,30.002721088435376,0.12005265802145004,939.48828125
60875,International,5,test,29.976598639455784,0.09499691426753998,938.7666015625
60994,Experimental,1,training,29.976598639455784,0.1790040135383606,704.1845703125
61006,Folk,2,training,30.002721088435376,0.05279209464788437,939.2021484375
61007,Folk,2,training,29.976598639455784,0.04674392193555832,938.3857421875
61008,Folk,2,training,29.976598639455784,0.039218511432409286,938.388671875
61010,Folk,2,training,29.976598639455784,0.18608741462230682,938.38671875
61011,Folk,2,training,30.002721088435376,0.10202016681432724,939.20703125
61012,Folk,2,training,29.976598639455784,0.15760795772075653,938.3896484375
61013,Folk,2,training,29.976598639455784,0.10304107517004013,938.3876953125
61159,Hip-Hop,3,training,30.002721088435376,0.2944808900356293,1174.0693359375
61160,Hip-Hop,3,training,29.976598639455784,0.3648661673069,1173.04296875
61161,Hip-Hop,3,training,29.976598639455784,0.2137334942817688,1173.05078125
61172,Hip-Hop,3,training,29.976598639455784,0.2724311053752899,1173.056640625
61174,Hip-Hop,3,training,29.976598639455784,0.3729681670665741,1173.0458984375
61175,Hip-Hop,3,training,30.002721088435376,0.33583566546440125,1174.0703125
61452,Hip-Hop,3,training,29.976598639455784,0.3065488636493683,1172.923828125
61453,Hip-Hop,3,training,29.976598639455784,0.3844946026802063,1173.068359375
61491,Rock,7,training,29.976598639455784,0.2333332896232605,704.0556640625
61492,Rock,7,training,29.976598639455784,0.186610147356987,704.056640625
61493,Rock,7,training,29.976598639455784,0.22117358446121216,704.0625
61587,Pop,6,training,29.976598639455784,0.07898825407028198,1173.013671875
61589,Pop,6,training,30.002721088435376,0.17031684517860413,1174.048828125
61591,Pop,6,training,29.976598639455784,0.1203320175409317,1173.001953125
61592,Pop,6,training,29.976598639455784,0.09093636274337769,1173.015625
61668,Hip-Hop,3,training,29.976598639455784,0.3167744278907776,1173.056640625
61670,Pop,6,training,30.002721088435376,0.17704369127750397,1174.06640625
61679,Pop,6,training,29.976598639455784,0.20117183029651642,1173.0849609375
61734,Pop,6,validation,30.002721088435376,0.11513376235961914,1174.1123046875
61736,Pop,6,validation,29.976598639455784,0.06980132311582565,1173.09375
61742,Pop,6,validation,29.976598639455784,0.05065670982003212,1173.1005859375
61814,Rock,7,training,29.976598639455784,0.4628903865814209,1172.1474609375
61820,Rock,7,test,29.976598639455784,0.21344037353992462,1172.142578125
61821,Rock,7,test,30.002721088435376,0.18166027963161469,1173.1728515625
61884,Hip-Hop,3,training,29.976598639455784,0.42561104893684387,821.1552734375
62001,Hip-Hop,3,training,30.002721088435376,0.14165759086608887,1174.1064453125
62003,Instrumental,4,training,29.988979591836735,0.22115923464298248,1173.5
62005,Instrumental,4,training,29.988979591836735,0.20163331925868988,1173.501953125
62007,Instrumental,4,training,29.988979591836735,0.20400741696357727,1173.51953125
62163,Pop,6,training,29.976598639455784,0.16279597580432892,938.587890625
62164,Pop,6,training,29.976598639455784,0.17509712278842926,938.591796875
62165,Pop,6,training,29.976598639455784,0.13536947965621948,938.5830078125
62180,Instrumental,4,training,30.002721088435376,0.09920214116573334,1173.1845703125
62183,International,5,training,30.002721088435376,0.15795303881168365,939.74609375
62184,International,5,validation,29.976598639455784,0.13825982809066772,938.916015625
62185,International,5,training,29.976598639455784,0.37682807445526123,938.6796875
62186,International,5,training,29.976598639455784,0.18995067477226257,938.935546875
62187,International,5,training,29.976598639455784,0.22420193254947662,938.92578125
62188,International,5,training,30.002721088435376,0.10669917613267899,939.7763671875
62189,International,5,training,30.002721088435376,0.2667602300643921,939.7373046875
62190,International,5,training,30.002721088435376,0.2477898895740509,939.7861328125
62191,International,5,training,30.002721088435376,0.17601166665554047,939.73046875
62192,International,5,training,29.976598639455784,0.21343550086021423,938.9482421875
62193,International,5,training,30.002721088435376,0.15626896917819977,939.76953125
62194,International,5,training,29.976598639455784,0.20136003196239471,1173.09765625
62195,International,5,training,29.976598639455784,0.3019660413265228,938.92578125
62196,International,5,training,30.002721088435376,0.1724970042705536,939.7548828125
62337,Rock,7,training,29.976598639455784,0.21454231441020966,1172.125
62426,Folk,2,training,30.002721088435376,0.11555548012256622,704.62890625
62436,Pop,6,training,30.002721088435376,0.17753887176513672,704.6337890625
62445,Rock,7,training,30.002721088435376,0.3272842466831207,704.580078125
62446,Pop,6,training,29.976598639455784,0.04474755749106407,703.9716796875
62448,Pop,6,training,30.002721088435376,0.01806042529642582,704.5791015625
62449,Pop,6,training,30.002721088435376,0.12029297649860382,704.580078125
62450,Pop,6,training,30.002721088435376,0.050887275487184525,704.6083984375
62452,Pop,6,training,29.976598639455784,0.2468908429145813,704.0185546875
62458,Rock,7,training,30.002721088435376,0.2073536515235901,704.6298828125
62525,International,5,training,29.976598639455784,0.07173830270767212,1171.8896484375
62526,International,5,training,30.002721088435376,0.0792861133813858,1172.9052734375
62527,International,5,training,30.002721088435376,0.06494198739528656,1172.9228515625
62528,International,5,training,30.002721088435376,0.06848734617233276,1172.9052734375
62529,International,5,training,30.002721088435376,0.07083895802497864,1172.919921875
62531,International,5,training,30.002721088435376,0.07513477653265,1172.904296875
62532,International,5,training,30.002721088435376,0.05912407115101814,1172.9052734375
62533,International,5,training,30.002721088435376,0.06536503881216049,1172.9326171875
62534,International,5,training,29.976598639455784,0.065105140209198,1171.884765625
62586,Rock,7,training,29.976598639455784,0.38799527287483215,1173.1640625
62589,International,5,training,30.002721088435376,0.11137606203556061,1172.958984375
62591,International,5,training,29.976598639455784,0.08178708702325821,1171.939453125
62592,International,5,training,30.002721088435376,0.07600226998329163,1172.958984375
62594,International,5,training,29.976598639455784,0.12305276095867157,1171.939453125
62595,International,5,training,30.002721088435376,0.11917322129011154,1172.958984375
62596,International,5,training,29.976598639455784,0.13312630355358124,1171.939453125
62655,Rock,7,training,30.002721088435376,0.17451827228069305,1173.970703125
62671,Electronic,0,training,29.976598639455784,0.10721766203641891,842.23828125
62742,Pop,6,training,30.002721088435376,0.02390373684465885,470.3212890625
62748,Pop,6,training,29.976598639455784,0.20819026231765747,703.9921875
62749,Pop,6,training,29.976598639455784,0.24821244180202484,704.0068359375
62750,Pop,6,training,29.976598639455784,0.27184727787971497,704.001953125
62751,Pop,6,training,29.976598639455784,0.17249667644500732,704.005859375
62753,Pop,6,training,30.002721088435376,0.19507430493831635,704.5966796875
63043,Rock,7,training,29.976598639455784,0.28340983390808105,938.462890625
63044,Rock,7,training,30.002721088435376,0.28460177779197693,939.2685546875
63045,Rock,7,training,30.002721088435376,0.2691795229911804,939.2685546875
63064,Electronic,0,test,29.976598639455784,0.276668518781662,938.5849609375
63065,Electronic,0,test,30.002721088435376,0.27949658036231995,939.396484375
63117,Rock,7,training,29.976598639455784,0.20294004678726196,938.6904296875
63149,Experimental,1,test,29.976598639455784,0.05080243572592735,1173.021484375
63159,Experimental,1,test,30.002721088435376,0.1323479413986206,1174.0419921875
63161,Experimental,1,test,30.002721088435376,0.09024057537317276,1174.0419921875
63191,Rock,7,training,30.002721088435376,0.14159370958805084,939.283203125
63208,Folk,2,training,29.976598639455784,0.16527877748012543,938.486328125
63224,Pop,6,training,30.002721088435376,0.2838016152381897,704.7822265625
63226,Pop,6,training,30.002721088435376,0.26516541838645935,704.8037109375
63250,Folk,2,test,30.002721088435376,0.3100702166557312,1173.9912109375
63251,Folk,2,test,29.976598639455784,0.30612337589263916,1172.9765625
63252,Folk,2,test,29.976598639455784,0.25731536746025085,1172.978515625
63253,Folk,2,test,29.976598639455784,0.30789318680763245,1172.9716796875
63255,Folk,2,test,30.002721088435376,0.36399319767951965,1174.087890625
63257,Folk,2,test,30.002721088435376,0.33087819814682007,1173.9951171875
63258,Folk,2,test,29.976598639455784,0.31808820366859436,1173.0810546875
63287,Instrumental,4,training,29.988979591836735,0.2450462132692337,1173.607421875
63289,Instrumental,4,training,29.988979591836735,0.04112023115158081,1173.59765625
63290,Instrumental,4,training,29.988979591836735,0.024062292650341988,1173.609375
63291,Instrumental,4,training,29.988979591836735,0.18298372626304626,1173.630859375
63292,Instrumental,4,training,29.988979591836735,0.18650873005390167,1173.5908203125
63456,Folk,2,test,30.002721088435376,0.173278346657753,1174.1015625
63457,Folk,2,test,29.976598639455784,0.3228629231452942,1172.8515625
63470,Rock,7,training,29.976598639455784,0.13010503351688385,938.4638671875
63471,Rock,7,training,29.976598639455784,0.12996028363704681,938.4482421875
63472,Rock,7,training,29.976598639455784,0.14159336686134338,938.4755859375
63626,Experimental,1,training,29.976598639455784,0.007149995304644108,703.908203125
63655,Electronic,0,training,30.002721088435376,0.10502845048904419,694.404296875
63733,Hip-Hop,3,training,29.976598639455784,0.26548218727111816,1172.916015625
63747,Hip-Hop,3,training,29.976598639455784,0.21828341484069824,1172.8818359375
63755,Hip-Hop,3,training,29.976598639455784,0.3189341127872467,1172.8896484375
63757,Hip-Hop,3,training,30.002721088435376,0.25116467475891113,1173.90234375
63770,Hip-Hop,3,training,29.976598639455784,0.4519695043563843,1172.8974609375
63789,Hip-Hop,3,training,29.976598639455784,0.33786541223526,1172.87890625
63803,Hip-Hop,3,training,29.976598639455784,0.15629665553569794,938.6103515625
63804,Hip-Hop,3,training,29.976598639455784,0.1365882307291031,938.603515625
63805,Hip-Hop,3,training,30.002721088435376,0.1560720056295395,939.4521484375
63874,Hip-Hop,3,training,29.976598639455784,0.25675278902053833,1173.126953125
63900,Hip-Hop,3,training,30.002721088435376,0.11885056644678116,1174.0478515625
63908,Hip-Hop,3,training,30.002721088435376,0.2107919156551361,1174.0068359375
63922,Rock,7,training,30.002721088435376,0.06755265593528748,1173.9130859375
63936,Experimental,1,training,29.976598639455784,0.23379364609718323,1172.056640625
63999,Pop,6,training,29.976598639455784,0.26960453391075134,1173.0390625
64005,Pop,6,training,29.976598639455784,0.293089896440506,1173.0439453125
64006,Pop,6,training,29.976598639455784,0.2911198139190674,1173.052734375
64007,Pop,6,training,30.002721088435376,0.28580182790756226,1174.0625
64008,Pop,6,training,30.002721088435376,0.27397236227989197,1174.0810546875
64009,Pop,6,training,30.002721088435376,0.3582015037536621,1174.1064453125
64035,Rock,7,training,29.976598639455784,0.1491115838289261,938.591796875
64078,Experimental,1,training,30.002721088435376,0.25460562109947205,704.748046875
64079,Pop,6,validation,29.976598639455784,0.2729642391204834,704.0849609375
64091,Experimental,1,training,29.976598639455784,0.023919228464365005,938.6796875
64093,Experimental,1,training,30.002721088435376,0.1630038321018219,1174.0732421875
64247,Experimental,1,training,30.002721088435376,0.1252131462097168,939.5107421875
64248,Experimental,1,training,29.976598639455784,0.10132136195898056,938.6884765625
64249,Experimental,1,training,29.976598639455784,0.10710795223712921,938.67578125
64252,Experimental,1,training,29.976598639455784,0.10924465954303741,938.6904296875
64253,Experimental,1,training,29.976598639455784,0.17587289214134216,938.72265625
64331,Electronic,0,training,29.976598639455784,0.22958099842071533,1065.33203125
64332,Electronic,0,training,30.002721088435376,0.23920178413391113,1074.5859375
64333,Electronic,0,training,30.002721088435376,0.23794956505298615,1032.3779296875
64334,Electronic,0,training,29.976598639455784,0.2674188017845154,1094.0693359375
64338,Hip-Hop,3,training,30.002721088435376,0.1955614537000656,1174.0703125
64364,Pop,6,training,30.002721088435376,0.1282876431941986,704.751953125
64365,Pop,6,training,29.976598639455784,0.1997348517179489,704.1357421875
64366,Pop,6,training,30.002721088435376,0.13371148705482483,704.75
64407,International,5,training,30.002721088435376,0.12795546650886536,1174.369140625
64408,International,5,validation,30.002721088435376,0.22790899872779846,1174.361328125
64409,International,5,training,29.976598639455784,0.20507954061031342,1173.3203125
64410,International,5,training,30.002721088435376,0.26819586753845215,1174.3740234375
64515,Hip-Hop,3,validation,29.976598639455784,0.24515306949615479,1173.115234375
64516,Hip-Hop,3,validation,30.002721088435376,0.2822410762310028,1174.12890625
64517,Hip-Hop,3,validation,30.002721088435376,0.21682080626487732,1174.203125
64519,Hip-Hop,3,validation,29.976598639455784,0.22524535655975342,1173.123046875
64520,Hip-Hop,3,validation,30.002721088435376,0.21934819221496582,1174.150390625
64521,Hip-Hop,3,validation,29.976598639455784,0.1580486297607422,1173.119140625
64522,Hip-Hop,3,validation,29.976598639455784,0.19806712865829468,1173.08984375
64523,Hip-Hop,3,validation,30.002721088435376,0.249418705701828,1174.1123046875
64535,Electronic,0,training,30.002721088435376,0.21201097965240479,1174.08203125
64536,Electronic,0,training,30.002721088435376,0.25412237644195557,1174.091796875
64537,Electronic,0,training,29.976598639455784,0.19752758741378784,1173.0771484375
64538,Electronic,0,training,30.002721088435376,0.19542455673217773,1174.125
64542,Electronic,0,training,29.976598639455784,0.48670536279678345,1173.134765625
64553,Folk,2,training,29.976598639455784,0.12944725155830383,1173.154296875
64556,Folk,2,training,30.002721088435376,0.13688792288303375,1174.185546875
64567,Rock,7,training,29.976598639455784,0.23523932695388794,1173.1298828125
64590,International,5,validation,30.002721088435376,0.2372020184993744,783.83203125
64591,International,5,validation,30.002721088435376,0.2459876388311386,747.76953125
64592,International,5,validation,30.002721088435376,0.21969062089920044,741.1865234375
64593,International,5,validation,30.002721088435376,0.21882906556129456,747.5654296875
64594,Experimental,1,training,30.002721088435376,0.31919294595718384,1174.09375
64601,Experimental,1,training,29.976598639455784,0.17182323336601257,1173.078125
64604,Experimental,1,training,29.976598639455784,0.1713838279247284,1173.3251953125
64618,Electronic,0,test,29.976598639455784,0.2251543402671814,1173.033203125
64625,Hip-Hop,3,validation,29.976598639455784,0.13716596364974976,1173.1533203125
64626,Hip-Hop,3,validation,30.002721088435376,0.20654051005840302,1174.1376953125
64627,Hip-Hop,3,validation,30.002721088435376,0.2923542857170105,1174.1533203125
64628,Hip-Hop,3,validation,29.976598639455784,0.24346432089805603,1173.130859375
64629,Hip-Hop,3,validation,30.002721088435376,0.23736737668514252,1174.1337890625
64630,Hip-Hop,3,validation,30.002721088435376,0.27398788928985596,1174.1376953125
64631,Hip-Hop,3,validation,29.976598639455784,0.24177992343902588,1173.115234375
64659,Rock,7,training,29.976598639455784,0.10857284069061279,1172.0966796875
64787,Pop,6,training,30.002721088435376,0.20950312912464142,587.1484375
64788,Pop,6,training,30.002721088435376,0.19913317263126373,587.1640625
64789,Pop,6,training,29.976598639455784,0.32982268929481506,586.6298828125
64796,Pop,6,training,30.002721088435376,0.2163587063550949,1174.7939453125
64809,Folk,2,training,29.976598639455784,0.07127118855714798,1173.044921875
64834,Pop,6,training,30.002721088435376,0.2842033803462982,1174.1259765625
64840,Pop,6,training,29.976598639455784,0.24080997705459595,1173.083984375
64841,Pop,6,training,29.976598639455784,0.2912522554397583,1173.1103515625
64854,Experimental,1,training,30.002721088435376,0.15608961880207062,1174.150390625
64855,Experimental,1,training,29.976598639455784,0.14383640885353088,1173.16015625
64856,Experimental,1,training,30.002721088435376,0.2026612013578415,1174.1513671875
64857,Experimental,1,training,30.002721088435376,0.2432066947221756,1174.150390625
64858,Experimental,1,training,29.976598639455784,0.25594931840896606,1173.1328125
64859,Experimental,1,training,30.002721088435376,0.11147487163543701,1174.1640625
64860,Experimental,1,training,29.976598639455784,0.1870858073234558,1173.1611328125
64861,Experimental,1,training,29.976598639455784,0.24536089599132538,1173.154296875
64862,Experimental,1,training,29.976598639455784,0.2298949658870697,1173.1455078125
64863,Experimental,1,training,29.976598639455784,0.26527661085128784,1173.1845703125
64864,Experimental,1,training,29.976598639455784,0.6606707572937012,1173.1220703125
64865,Experimental,1,training,30.002721088435376,0.29543012380599976,1174.236328125
64866,Experimental,1,training,30.002721088435376,0.24243967235088348,1174.1142578125
64893,Experimental,1,training,30.002721088435376,0.15231338143348694,1174.025390625
64895,Experimental,1,training,30.002721088435376,0.12250509858131409,1174.0234375
64896,Experimental,1,training,29.976598639455784,0.20381899178028107,1173.0029296875
64918,Rock,7,training,30.002721088435376,0.277018278837204,704.736328125
64919,Rock,7,training,29.976598639455784,0.27100929617881775,469.638671875
64988,Hip-Hop,3,training,30.002721088435376,0.1936916559934616,1174.099609375
64989,Hip-Hop,3,training,29.976598639455784,0.2301526963710785,1173.0849609375
64990,Hip-Hop,3,training,29.976598639455784,0.1566329449415207,1173.0869140625
64991,Hip-Hop,3,training,29.976598639455784,0.2214764654636383,1173.07421875
64992,Hip-Hop,3,training,29.976598639455784,0.17905043065547943,1173.1494140625
64993,Hip-Hop,3,training,29.976598639455784,0.22373145818710327,1173.0849609375
64994,Hip-Hop,3,training,30.002721088435376,0.08816611021757126,1174.1328125
64995,Hip-Hop,3,training,30.002721088435376,0.1520732045173645,1174.1611328125
65037,Electronic,0,validation,29.976598639455784,0.031495898962020874,938.59375
65038,Electronic,0,validation,29.976598639455784,0.03856180980801582,938.5673828125
65039,Electronic,0,validation,29.976598639455784,0.09904097765684128,938.5693359375
65040,Electronic,0,validation,30.002721088435376,0.07443121820688248,939.390625
65063,Electronic,0,training,29.976598639455784,0.436928927898407,1173.041015625
65064,Electronic,0,training,29.976598639455784,0.44970405101776123,1173.041015625
65073,Electronic,0,training,29.976598639455784,0.25244805216789246,1173.052734375
65076,International,5,training,30.002721088435376,0.23405806720256805,1174.3056640625
65077,International,5,training,30.002721088435376,0.24344129860401154,1174.3076171875
65090,Experimental,1,training,30.002721088435376,0.02718898095190525,704.787109375
65234,Experimental,1,training,30.002721088435376,0.1524345725774765,1174.009765625
65265,Experimental,1,test,30.002721088435376,0.14254042506217957,704.841796875
65488,Electronic,0,training,29.988979591836735,0.14038419723510742,1173.49609375
65619,Rock,7,training,30.002721088435376,0.14261910319328308,1173.1767578125
65683,Folk,2,validation,30.002721088435376,0.09919845312833786,1175.517578125
65685,Folk,2,training,29.976598639455784,0.07882913947105408,1173.19921875
65745,Hip-Hop,3,validation,29.976598639455784,0.2723788022994995,1173.2060546875
65752,Hip-Hop,3,training,29.976598639455784,0.29620885848999023,1173.134765625
65755,Pop,6,training,30.002721088435376,0.2167549878358841,1174.2568359375
65756,Pop,6,training,29.976598639455784,0.2272784411907196,1173.2236328125
65777,Electronic,0,test,29.976598639455784,0.12105619162321091,660.2109375
65779,Electronic,0,test,29.976598639455784,0.09401320666074753,644.9150390625
65780,Electronic,0,test,29.976598639455784,0.07440944015979767,664.7978515625
65893,Folk,2,training,30.002721088435376,0.20693302154541016,1175.5693359375
66058,Folk,2,training,29.976598639455784,0.03513665124773979,938.6435546875
66073,Electronic,0,training,29.976598639455784,0.20457787811756134,1173.01171875
66074,Electronic,0,training,29.976598639455784,0.2014349102973938,1173.009765625
66075,Electronic,0,training,30.002721088435376,0.20084156095981598,1174.0478515625
66076,Electronic,0,training,30.002721088435376,0.28047052025794983,1174.0556640625
66180,Folk,2,training,29.976598639455784,0.2651439607143402,1172.8681640625
66187,Folk,2,training,29.976598639455784,0.25235483050346375,1172.8564453125
66390,Electronic,0,training,30.002721088435376,0.41531434655189514,854.353515625
66394,Rock,7,validation,29.976598639455784,0.1937277913093567,938.671875
66405,Rock,7,training,29.976598639455784,0.16648294031620026,938.6513671875
66469,Experimental,1,training,30.002721088435376,0.1495923101902008,593.0185546875
66482,Experimental,1,training,29.976598639455784,0.16550154983997345,594.873046875
66483,Experimental,1,training,30.002721088435376,0.36774054169654846,605.5703125
66525,Instrumental,4,training,29.976598639455784,0.12714630365371704,765.6064453125
66534,Rock,7,test,30.002721088435376,0.5224379301071167,939.2900390625
66535,Rock,7,test,30.002721088435376,0.5628312826156616,939.2880859375
66536,Rock,7,test,30.002721088435376,0.4793057441711426,939.2919921875
66537,Rock,7,test,30.002721088435376,0.6322169899940491,939.2890625
66538,Rock,7,test,29.976598639455784,0.6013948321342468,938.4775390625
66539,Rock,7,test,30.002721088435376,0.3251570165157318,939.3876953125
66636,Electronic,0,training,30.002721088435376,0.32674986124038696,1174.0751953125
66637,Electronic,0,training,29.976598639455784,0.20381690561771393,1173.056640625
66638,Electronic,0,training,29.988979591836735,0.2886769771575928,1173.4267578125
66641,Pop,6,training,29.976598639455784,0.07325761020183563,938.6416015625
66643,Pop,6,training,30.002721088435376,0.0935465469956398,939.4658203125
66644,Pop,6,training,30.002721088435376,0.10002639889717102,939.4619140625
66646,Pop,6,training,29.976598639455784,0.046014510095119476,938.64453125
66648,Pop,6,training,30.002721088435376,0.054097600281238556,939.4619140625
66649,Pop,6,training,29.976598639455784,0.012182280421257019,938.64453125
66650,Pop,6,training,30.002721088435376,0.08610942959785461,939.47265625
66689,Electronic,0,validation,30.002721088435376,0.12670378386974335,1174.068359375
66690,Electronic,0,validation,29.976598639455784,0.19467057287693024,1173.0068359375
66717,Rock,7,test,29.976598639455784,0.2563939094543457,938.7255859375
66757,Instrumental,4,training,29.976598639455784,0.11021856963634491,780.791015625
66782,Pop,6,validation,30.002721088435376,0.11294418573379517,939.4736328125
66783,Pop,6,validation,29.976598639455784,0.13849325478076935,938.638671875
67007,Pop,6,training,30.002721088435376,0.14946122467517853,704.693359375
67010,Pop,6,training,30.002721088435376,0.12224123626947403,704.71484375
67011,Folk,2,training,30.002721088435376,0.12614402174949646,939.5390625
67016,Folk,2,training,29.976598639455784,0.10108228027820587,938.6953125
67017,Folk,2,training,30.002721088435376,0.08985380828380585,939.51953125
67121,Rock,7,training,30.002721088435376,0.23467668890953064,1173.123046875
67163,Rock,7,training,30.002721088435376,0.1714840829372406,1174.16015625
67232,Hip-Hop,3,training,29.976598639455784,0.17005115747451782,1173.1171875
67233,Hip-Hop,3,training,30.002721088435376,0.22598451375961304,1174.1298828125
67235,Hip-Hop,3,training,30.002721088435376,0.1270778924226761,1174.1650390625
67237,Rock,7,validation,30.002721088435376,0.23135942220687866,704.7734375
67308,Electronic,0,training,29.976598639455784,0.04534861817955971,1173.06640625
67330,Pop,6,test,30.002721088435376,0.30646374821662903,892.8388671875
67331,Pop,6,test,29.976598639455784,0.17243893444538116,912.8876953125
67332,Pop,6,test,30.002721088435376,0.11283405870199203,987.1357421875
67333,Pop,6,test,29.976598639455784,0.28925788402557373,941.81640625
67334,Pop,6,test,30.002721088435376,0.24470268189907074,986.544921875
67336,Pop,6,test,30.002721088435376,0.29836833477020264,1024.806640625
67357,Pop,6,training,30.002721088435376,0.20162281394004822,1174.3564453125
67358,Pop,6,training,30.002721088435376,0.12535761296749115,1174.3740234375
67359,Pop,6,training,29.976598639455784,0.16082046926021576,1173.33984375
67360,Pop,6,training,29.976598639455784,0.13210482895374298,1173.326171875
67361,Pop,6,training,29.976598639455784,0.13119617104530334,1173.34765625
67362,Pop,6,training,29.976598639455784,0.14490337669849396,1173.33203125
67363,Pop,6,training,29.976598639455784,0.14743025600910187,1173.353515625
67364,Pop,6,validation,29.976598639455784,0.14404615759849548,1173.32421875
67365,Pop,6,test,30.002721088435376,0.13999317586421967,1174.44140625
67366,Pop,6,training,30.002721088435376,0.10326343774795532,1174.3544921875
67367,Pop,6,training,29.976598639455784,0.15121343731880188,1173.3291015625
67368,Pop,6,training,29.976598639455784,0.12124484032392502,1173.349609375
67412,Rock,7,training,29.976598639455784,0.14870640635490417,703.6845703125
67457,Experimental,1,test,29.976598639455784,0.11693759262561798,704.1220703125
67470,Electronic,0,training,30.002721088435376,0.321742445230484,704.71484375
67500,Experimental,1,training,29.976598639455784,0.26341137290000916,1173.0830078125
67553,Electronic,0,training,29.976598639455784,0.23607556521892548,1173.04296875
67556,Rock,7,training,29.976598639455784,0.09332975000143051,938.6513671875
67557,Rock,7,training,29.976598639455784,0.09227108955383301,938.6474609375
67558,Rock,7,training,29.976598639455784,0.09238138794898987,938.65234375
67597,Folk,2,training,30.002721088435376,0.122203029692173,939.5126953125
67598,Folk,2,training,29.976598639455784,0.08323122560977936,938.6640625
67600,Folk,2,training,29.976598639455784,0.12936794757843018,938.6640625
67637,Electronic,0,training,29.976598639455784,0.11029262095689774,1172.2392578125
67638,Electronic,0,validation,29.988979591836735,0.27837082743644714,1173.5634765625
67639,Electronic,0,training,30.002721088435376,0.22825345396995544,1174.248046875
67640,Electronic,0,training,30.002721088435376,0.26048749685287476,1174.208984375
67660,Rock,7,training,29.976598639455784,0.14425566792488098,1173.07421875
67661,Rock,7,training,30.002721088435376,0.12485654652118683,1174.080078125
67673,Rock,7,training,29.976598639455784,0.24763697385787964,977.6318359375
67707,Experimental,1,training,29.988979591836735,0.1455172747373581,1173.4130859375
67760,Pop,6,training,29.988979591836735,0.22780108451843262,1173.4931640625
67763,Folk,2,training,29.976598639455784,0.11413634568452835,938.662109375
67764,Folk,2,training,29.976598639455784,0.17651411890983582,938.6298828125
67765,Folk,2,training,29.976598639455784,0.13530242443084717,938.669921875
67766,Folk,2,training,30.002721088435376,0.1577633023262024,939.474609375
67784,Hip-Hop,3,training,30.002721088435376,0.1595964878797531,1174.0478515625
67793,Hip-Hop,3,training,30.002721088435376,0.17239348590373993,1174.0546875
67829,Experimental,1,training,30.002721088435376,0.14260509610176086,939.3916015625
68353,Pop,6,training,29.976598639455784,0.11312701553106308,938.6767578125
68354,Pop,6,training,30.002721088435376,0.13931192457675934,939.4873046875
68355,Pop,6,training,30.002721088435376,0.11110197007656097,939.4716796875
68356,Pop,6,training,30.002721088435376,0.11516425013542175,939.4794921875
68404,Rock,7,test,29.976598639455784,0.24146293103694916,586.83984375
68407,Experimental,1,training,29.976598639455784,0.36030063033103943,469.60546875
68410,Experimental,1,training,30.002721088435376,0.22634488344192505,587.3466796875
68444,Electronic,0,training,30.002721088435376,0.38360947370529175,1174.1806640625
68531,Hip-Hop,3,training,29.988979591836735,0.25028735399246216,1173.37890625
68536,Experimental,1,test,30.002721088435376,0.07838474214076996,766.783203125
68537,Experimental,1,test,29.976598639455784,0.06409870088100433,764.6162109375
68538,Experimental,1,validation,30.002721088435376,0.08188521862030029,759.00390625
68539,Experimental,1,training,29.976598639455784,0.08935479819774628,814.8056640625
68540,Experimental,1,training,29.976598639455784,0.0733015313744545,724.76953125
68541,Experimental,1,training,29.976598639455784,0.08866328746080399,770.578125
68543,Experimental,1,training,30.002721088435376,0.0869399905204773,778.2353515625
68549,Experimental,1,training,29.976598639455784,0.0744633898139,756.12890625
68551,Experimental,1,test,30.002721088435376,0.0682947188615799,757.3408203125
68573,Experimental,1,training,29.976598639455784,0.04596475884318352,856.0458984375
68579,Experimental,1,training,29.976598639455784,0.06470999866724014,761.34765625
68582,Electronic,0,test,30.002721088435376,0.29069608449935913,1174.1025390625
68587,Electronic,0,test,30.002721088435376,0.26058465242385864,1174.0849609375
68592,Hip-Hop,3,training,29.976598639455784,0.24536563456058502,703.0546875
68600,Hip-Hop,3,training,29.976598639455784,0.29342004656791687,469.6513671875
68601,Hip-Hop,3,training,29.976598639455784,0.3068808913230896,469.6328125
68680,Electronic,0,training,29.976598639455784,0.1268286257982254,938.447265625
68682,Electronic,0,training,30.002721088435376,0.18582594394683838,939.263671875
68683,Electronic,0,training,30.002721088435376,0.10173071175813675,939.275390625
68820,Rock,7,training,30.002721088435376,0.06356726586818695,703.662109375
68821,Rock,7,training,30.002721088435376,0.07092519104480743,703.685546875
68837,Folk,2,training,30.002721088435376,0.12199822813272476,469.958984375
68838,Folk,2,training,29.976598639455784,0.11624441295862198,469.544921875
68839,Folk,2,training,30.002721088435376,0.10149184614419937,469.953125
68840,Folk,2,training,30.002721088435376,0.0981965884566307,469.9697265625
68841,Folk,2,training,29.976598639455784,0.08722327649593353,469.611328125
68842,Folk,2,training,29.976598639455784,0.10473759472370148,469.5419921875
68843,Folk,2,training,29.976598639455784,0.06638345867395401,469.5478515625
68844,Folk,2,training,30.002721088435376,0.06710919737815857,469.9541015625
68851,Folk,2,training,29.976598639455784,0.06473433971405029,937.5849609375
68852,Folk,2,training,29.976598639455784,0.14316335320472717,937.5810546875
68853,Folk,2,training,29.976598639455784,0.08387544751167297,937.5849609375
68854,Folk,2,training,30.002721088435376,0.13978426158428192,938.396484375
68860,Folk,2,training,29.976598639455784,0.09562770277261734,937.56640625
68861,Folk,2,training,30.002721088435376,0.1066017746925354,938.4033203125
68862,Folk,2,training,30.002721088435376,0.07211488485336304,938.390625
68869,Experimental,1,training,29.988979591836735,0.048032306134700775,1173.466796875
68872,Experimental,1,training,29.988979591836735,0.020495833829045296,1173.5419921875
68875,Experimental,1,training,29.988979591836735,0.11496425420045853,1173.51953125
68891,Electronic,0,test,29.976598639455784,0.2977599501609802,1172.84375
68892,Electronic,0,test,29.976598639455784,0.2566986382007599,1172.8271484375
68893,Electronic,0,test,30.002721088435376,0.2532121539115906,1173.861328125
68894,Electronic,0,test,29.976598639455784,0.28283631801605225,1172.8310546875
68895,Electronic,0,test,29.976598639455784,0.25875818729400635,1172.8291015625
68896,Electronic,0,test,29.976598639455784,0.2751751244068146,1172.8271484375
68897,Electronic,0,test,30.002721088435376,0.23931512236595154,1173.8818359375
68898,Electronic,0,test,29.976598639455784,0.23834654688835144,1172.8388671875
68899,Electronic,0,test,29.976598639455784,0.29022908210754395,1172.8369140625
68909,Rock,7,validation,29.976598639455784,0.12038271874189377,1172.05859375
69001,Experimental,1,training,29.988979591836735,0.11678656935691833,704.3701171875
69002,Experimental,1,training,29.988979591836735,0.05459078028798103,704.3525390625
69170,Electronic,0,training,30.002721088435376,0.1607889086008072,1173.9970703125
69181,Pop,6,training,29.976598639455784,0.13137653470039368,1172.875
69182,Pop,6,training,29.976598639455784,0.1543322056531906,1172.8642578125
69188,Pop,6,training,29.976598639455784,0.08955322206020355,1172.8447265625
69193,Electronic,0,training,29.976598639455784,0.21476450562477112,938.6357421875
69194,Electronic,0,validation,29.976598639455784,0.2549729347229004,938.63671875
69195,Electronic,0,training,30.002721088435376,0.1290227770805359,939.4267578125
69196,Electronic,0,training,30.002721088435376,0.19876152276992798,939.3818359375
69197,Electronic,0,training,30.002721088435376,0.10330141335725784,939.3974609375
69198,Electronic,0,training,29.976598639455784,0.24392688274383545,938.58203125
69199,Electronic,0,training,29.976598639455784,0.08827713876962662,938.611328125
69200,Electronic,0,training,30.002721088435376,0.17030824720859528,939.3955078125
69201,Electronic,0,training,29.976598639455784,0.2119654268026352,938.59765625
69202,Electronic,0,training,29.976598639455784,0.19184565544128418,938.63671875
69203,Electronic,0,training,30.002721088435376,0.19204764068126678,939.357421875
69204,Electronic,0,training,29.976598639455784,0.20918071269989014,938.55078125
69205,Electronic,0,training,30.002721088435376,0.20577575266361237,939.3798828125
69206,Electronic,0,training,29.976598639455784,0.1298186480998993,938.5947265625
69207,Electronic,0,training,30.002721088435376,0.18401488661766052,939.49609375
69208,Electronic,0,training,30.002721088435376,0.15386398136615753,939.3818359375
69209,Electronic,0,training,29.976598639455784,0.18203432857990265,938.59765625
69210,Electronic,0,training,30.002721088435376,0.25697243213653564,939.3876953125
69211,Electronic,0,training,30.002721088435376,0.2504984736442566,939.4365234375
69221,Electronic,0,test,29.976598639455784,0.13287413120269775,1173.177734375
69222,Electronic,0,test,29.976598639455784,0.2087528109550476,1173.1748046875
69223,Electronic,0,test,29.976598639455784,0.28396645188331604,1173.1865234375
69303,Experimental,1,test,29.976598639455784,0.12208407372236252,469.7548828125
69554,Hip-Hop,3,training,29.976598639455784,0.34837090969085693,1172.98828125
69555,Hip-Hop,3,training,30.002721088435376,0.34243541955947876,1174.0107421875
69561,Hip-Hop,3,training,29.976598639455784,0.32308223843574524,1172.9814453125
69563,Hip-Hop,3,training,29.976598639455784,0.3476903736591339,1172.9892578125
69564,Hip-Hop,3,training,29.976598639455784,0.2904147803783417,1173.0693359375
69567,Folk,2,training,30.002721088435376,0.22053848206996918,1173.857421875
69682,Experimental,1,training,29.976598639455784,0.14900782704353333,586.3935546875
69723,Rock,7,training,29.976598639455784,0.1749127060174942,938.55078125
69726,Rock,7,training,30.002721088435376,0.15916647017002106,939.392578125
69727,Rock,7,training,29.988979591836735,0.19444824755191803,938.845703125
69732,Electronic,0,training,30.002721088435376,0.2723654806613922,1174.1748046875
69744,Pop,6,training,30.002721088435376,0.1699320524930954,704.5732421875
69745,Pop,6,training,30.002721088435376,0.12227088212966919,704.5732421875
69746,Pop,6,training,29.976598639455784,0.18226896226406097,703.9609375
69747,Pop,6,training,30.002721088435376,0.2631952166557312,704.572265625
69761,Folk,2,training,29.976598639455784,0.10556066036224365,1173.0419921875
69762,Folk,2,training,29.976598639455784,0.07231751084327698,1173.0458984375
69763,Folk,2,training,29.976598639455784,0.09155309200286865,1173.0322265625
69764,Folk,2,training,29.976598639455784,0.2316984385251999,1173.0419921875
69765,Folk,2,training,30.002721088435376,0.11042850464582443,1174.05078125
69766,Folk,2,training,29.976598639455784,0.19719091057777405,1173.0361328125
69767,Folk,2,training,29.976598639455784,0.09739663451910019,1173.0478515625
69768,Folk,2,training,30.002721088435376,0.10068269819021225,1174.05859375
69781,Rock,7,training,29.976598639455784,0.20032787322998047,704.109375
69784,Experimental,1,training,29.976598639455784,0.19685551524162292,1172.0380859375
69785,Experimental,1,training,30.002721088435376,0.14730006456375122,1173.0458984375
69787,Experimental,1,training,30.002721088435376,0.14770515263080597,1173.0498046875
69788,Experimental,1,training,29.976598639455784,0.16307583451271057,1172.0595703125
69789,Experimental,1,training,29.976598639455784,0.13382650911808014,1172.0322265625
69791,Experimental,1,training,29.976598639455784,0.2912004888057709,1172.0205078125
69792,Experimental,1,training,30.002721088435376,0.0953826904296875,1173.0595703125
69793,Experimental,1,training,29.976598639455784,0.30206194519996643,1172.0322265625
69798,Experimental,1,training,30.002721088435376,0.19469328224658966,1173.0673828125
69822,Hip-Hop,3,training,30.002721088435376,0.2959555685520172,1174.21875
69823,Hip-Hop,3,training,29.976598639455784,0.2524986267089844,1173.1630859375
69824,Hip-Hop,3,training,30.002721088435376,0.30162692070007324,1174.2080078125
69825,Hip-Hop,3,training,30.002721088435376,0.3221459686756134,1174.1728515625
69826,Hip-Hop,3,training,29.976598639455784,0.2890859544277191,1173.1962890625
69827,Hip-Hop,3,training,30.002721088435376,0.23434172570705414,1174.203125
69828,Hip-Hop,3,training,29.976598639455784,0.35873764753341675,1173.1728515625
69830,Hip-Hop,3,training,30.002721088435376,0.16617171466350555,1174.05078125
69833,Hip-Hop,3,training,29.976598639455784,0.21970133483409882,1173.0830078125
69904,Hip-Hop,3,training,29.976598639455784,0.21706730127334595,1173.0517578125
69947,Rock,7,validation,29.976598639455784,0.17762719094753265,938.650390625
69949,Rock,7,validation,29.976598639455784,0.1458127349615097,938.65234375
69985,Electronic,0,validation,29.976598639455784,0.21548081934452057,1172.1005859375
70002,Experimental,1,training,30.002721088435376,0.07267697155475616,1174.201171875
70005,Experimental,1,training,30.002721088435376,0.009722000919282436,1174.208984375
70174,Experimental,1,training,29.976598639455784,0.14249451458454132,704.1240234375
70206,Hip-Hop,3,training,29.976598639455784,0.09641769528388977,704.1396484375
70207,Hip-Hop,3,training,29.976598639455784,0.22395415604114532,704.140625
70208,Hip-Hop,3,training,29.976598639455784,0.23916377127170563,704.169921875
70299,Electronic,0,validation,29.976598639455784,0.1531737595796585,938.6181640625
70300,Electronic,0,validation,29.976598639455784,0.12358222156763077,938.60546875
70301,Electronic,0,validation,30.002721088435376,0.1286180019378662,939.416015625
70302,Electronic,0,validation,29.976598639455784,0.11557798832654953,938.59765625
70303,Electronic,0,validation,29.976598639455784,0.17434123158454895,938.6337890625
70402,Rock,7,training,29.976598639455784,0.2839662730693817,1173.07421875
70403,Rock,7,validation,30.002721088435376,0.2605840861797333,1174.08984375
70409,Rock,7,training,30.002721088435376,0.2689043879508972,1174.099609375
70423,Pop,6,validation,29.976598639455784,0.3111065924167633,938.6083984375
70424,Pop,6,validation,29.976598639455784,0.2722194790840149,938.640625
70425,Pop,6,validation,30.002721088435376,0.2991727292537689,939.4296875
70426,Pop,6,validation,29.976598639455784,0.26262736320495605,938.6201171875
70654,Hip-Hop,3,training,30.002721088435376,0.288807213306427,1174.0458984375
70655,Hip-Hop,3,training,29.976598639455784,0.253251850605011,1173.0380859375
70657,Hip-Hop,3,training,29.976598639455784,0.17663627862930298,1172.994140625
70660,Hip-Hop,3,training,29.976598639455784,0.2759515345096588,1172.9990234375
70768,Hip-Hop,3,validation,29.976598639455784,0.1942892074584961,1172.0517578125
70770,Hip-Hop,3,validation,29.976598639455784,0.27418622374534607,1172.0634765625
70772,Hip-Hop,3,validation,29.976598639455784,0.2291710525751114,1172.0703125
70773,Hip-Hop,3,validation,29.976598639455784,0.19931954145431519,1172.0771484375
70774,Hip-Hop,3,validation,30.002721088435376,0.12883605062961578,1173.1162109375
70775,Hip-Hop,3,validation,30.002721088435376,0.17505799233913422,1173.107421875
70813,Rock,7,training,29.976598639455784,0.30413755774497986,1173.087890625
70873,Pop,6,training,29.976598639455784,0.0651102066040039,1173.111328125
70875,Pop,6,training,29.976598639455784,0.05966714397072792,1173.109375
70878,Pop,6,training,30.002721088435376,0.0897529199719429,1174.1328125
70879,Pop,6,training,29.976598639455784,0.13119104504585266,1173.1083984375
71096,Electronic,0,training,29.976598639455784,0.23234188556671143,1173.0244140625
71133,Folk,2,training,30.002721088435376,0.06677157431840897,1174.2021484375
71157,Hip-Hop,3,training,29.976598639455784,0.27653276920318604,1172.9892578125
71158,Hip-Hop,3,training,29.976598639455784,0.2411654144525528,1173.05078125
71172,Hip-Hop,3,training,30.002721088435376,0.1748749017715454,1173.12890625
71173,Hip-Hop,3,training,29.976598639455784,0.19885759055614471,1172.1015625
71174,Hip-Hop,3,training,29.976598639455784,0.22473229467868805,1172.09375
71175,Hip-Hop,3,training,29.976598639455784,0.1879134625196457,1172.10546875
71216,Hip-Hop,3,training,30.002721088435376,0.24425570666790009,939.4375
71225,Hip-Hop,3,training,29.976598639455784,0.202838733792305,938.666015625
71228,Hip-Hop,3,training,29.976598639455784,0.21573211252689362,938.6513671875
71230,Hip-Hop,3,training,29.976598639455784,0.19748754799365997,938.6572265625
71231,Hip-Hop,3,training,30.002721088435376,0.28899699449539185,939.4443359375
71240,Hip-Hop,3,training,30.002721088435376,0.1641583889722824,939.4169921875
71241,Hip-Hop,3,training,30.002721088435376,0.2228490561246872,939.412109375
71242,Hip-Hop,3,training,29.976598639455784,0.2821263372898102,938.6298828125
71243,Hip-Hop,3,training,30.002721088435376,0.30207738280296326,939.4296875
71244,Hip-Hop,3,training,29.976598639455784,0.246938556432724,938.6103515625
71245,Hip-Hop,3,training,29.976598639455784,0.2546689808368683,938.6455078125
71246,Hip-Hop,3,training,29.976598639455784,0.23919318616390228,938.61328125
71247,Hip-Hop,3,training,30.002721088435376,0.2028687447309494,939.404296875
71248,Hip-Hop,3,training,29.976598639455784,0.19297564029693604,938.6416015625
71249,Hip-Hop,3,training,30.002721088435376,0.22868697345256805,939.4130859375
71250,Hip-Hop,3,training,30.002721088435376,0.2325761616230011,939.43359375
71251,Hip-Hop,3,training,29.976598639455784,0.24125708639621735,938.6103515625
71252,Hip-Hop,3,training,29.976598639455784,0.17491596937179565,938.5888671875
71253,Hip-Hop,3,training,29.976598639455784,0.1644604355096817,938.6005859375
71254,Hip-Hop,3,training,29.976598639455784,0.22523561120033264,938.640625
71255,Hip-Hop,3,training,29.976598639455784,0.1937982589006424,938.669921875
71276,Rock,7,training,30.002721088435376,0.14115789532661438,939.5029296875
71303,Rock,7,validation,29.976598639455784,0.08844780921936035,586.3427734375
71304,Rock,7,validation,30.002721088435376,0.11280479282140732,586.8525390625
71371,Rock,7,test,29.976598639455784,0.2765067517757416,860.8701171875
71372,Rock,7,test,29.976598639455784,0.28465643525123596,836.72265625
71420,Electronic,0,test,30.002721088435376,0.08044403791427612,1174.1669921875
71503,Electronic,0,test,30.002721088435376,0.21457701921463013,1174.01953125
71506,Electronic,0,validation,30.002721088435376,0.29900723695755005,1174.0712890625
71507,Electronic,0,training,29.976598639455784,0.36243271827697754,1173.068359375
71508,Electronic,0,training,30.002721088435376,0.358207106590271,1174.064453125
71509,Electronic,0,training,29.976598639455784,0.33482518792152405,1173.029296875
71510,Electronic,0,training,29.976598639455784,0.28234967589378357,1173.03125
71511,Electronic,0,training,30.002721088435376,0.26115116477012634,1174.1025390625
71512,Electronic,0,training,29.976598639455784,0.28749099373817444,1173.10546875
71513,Electronic,0,training,29.976598639455784,0.24416247010231018,1173.0205078125
71514,Electronic,0,training,30.002721088435376,0.3286435306072235,1174.056640625
71515,Electronic,0,training,29.976598639455784,0.36523526906967163,1173.0458984375
71516,Electronic,0,training,29.976598639455784,0.18894903361797333,1173.046875
71617,Rock,7,training,29.976598639455784,0.35733649134635925,586.4736328125
71620,Rock,7,training,30.002721088435376,0.33294782042503357,586.984375
71622,Rock,7,training,29.976598639455784,0.2836008369922638,586.4736328125
71690,Hip-Hop,3,training,30.002721088435376,0.20011961460113525,1174.146484375
71691,Hip-Hop,3,training,29.976598639455784,0.2294846922159195,1173.0576171875
71692,Hip-Hop,3,training,30.002721088435376,0.17432837188243866,1174.072265625
71693,Hip-Hop,3,training,29.976598639455784,0.20108048617839813,1173.0888671875
71694,Hip-Hop,3,training,30.002721088435376,0.170042484998703,1174.1328125
71695,Hip-Hop,3,training,29.976598639455784,0.21148930490016937,1173.0849609375
71709,Pop,6,training,29.976598639455784,0.2242479920387268,1172.6083984375
71711,Rock,7,test,29.976598639455784,0.3930656611919403,1172.634765625
71714,Rock,7,training,29.976598639455784,0.14445389807224274,1173.056640625
71715,Rock,7,training,30.002721088435376,0.1817341446876526,1173.6640625
71719,Rock,7,training,29.976598639455784,0.1320018321275711,1172.6044921875
71721,Rock,7,training,29.976598639455784,0.3242199718952179,469.583984375
71722,Folk,2,validation,29.976598639455784,0.05479921028017998,703.6416015625
71822,Electronic,0,training,29.976598639455784,0.17763085663318634,1173.0166015625
71884,Experimental,1,training,30.002721088435376,0.22461329400539398,470.02734375
71885,Experimental,1,training,30.002721088435376,0.19762837886810303,470.03125
71937,Rock,7,training,30.002721088435376,0.13086281716823578,1174.0234375
71938,Rock,7,training,29.976598639455784,0.15114980936050415,1173.0068359375
72046,Folk,2,training,29.976598639455784,0.14859089255332947,701.07421875
72047,Folk,2,training,30.002721088435376,0.14521554112434387,692.1943359375
72050,Folk,2,training,29.976598639455784,0.11411058157682419,725.9814453125
72056,Folk,2,training,30.002721088435376,0.1182725727558136,809.6845703125
72058,Folk,2,training,30.002721088435376,0.12791424989700317,743.43359375
72064,Rock,7,training,30.002721088435376,0.22910815477371216,819.4013671875
72067,Electronic,0,training,30.002721088435376,0.20920130610466003,1174.1005859375
72068,Electronic,0,training,30.002721088435376,0.25644347071647644,1174.1083984375
72069,Electronic,0,training,30.002721088435376,0.2889479696750641,1174.1005859375
72070,Electronic,0,training,29.976598639455784,0.33782339096069336,1173.0869140625
72071,Electronic,0,training,29.976598639455784,0.30070197582244873,1173.083984375
72072,Electronic,0,training,29.976598639455784,0.3165176212787628,1173.123046875
72073,Electronic,0,training,29.976598639455784,0.31978142261505127,1173.119140625
72074,Electronic,0,training,29.976598639455784,0.2385951280593872,1173.0849609375
72075,Electronic,0,training,29.976598639455784,0.23476068675518036,1173.08984375
72076,Electronic,0,training,29.976598639455784,0.17751140892505646,1173.0791015625
72129,Hip-Hop,3,training,29.976598639455784,0.2165287435054779,1172.873046875
72130,Hip-Hop,3,training,30.002721088435376,0.22562526166439056,1174.1083984375
72131,Hip-Hop,3,training,30.002721088435376,0.2718322277069092,1174.09765625
72134,Hip-Hop,3,training,30.002721088435376,0.20923224091529846,1174.07421875
72135,Hip-Hop,3,training,29.976598639455784,0.20383356511592865,1173.056640625
72136,Hip-Hop,3,training,29.976598639455784,0.2226502150297165,1173.0322265625
72146,Experimental,1,training,29.988979591836735,0.11464464664459229,704.3154296875
72149,Experimental,1,training,29.976598639455784,0.5705862641334534,704.1572265625
72200,Electronic,0,training,30.002721088435376,0.16006794571876526,939.427734375
72206,Electronic,0,training,29.976598639455784,0.21843083202838898,1173.044921875
72210,Electronic,0,training,29.976598639455784,0.3076767325401306,1173.06640625
72215,Electronic,0,training,29.976598639455784,0.19755849242210388,1173.056640625
72232,Electronic,0,training,29.976598639455784,0.2671992778778076,1173.0703125
72233,Electronic,0,training,29.976598639455784,0.29237282276153564,1173.0693359375
72234,Hip-Hop,3,training,30.002721088435376,0.3225715458393097,1174.1025390625
72287,Rock,7,training,29.976598639455784,0.13857826590538025,938.6669921875
72288,Rock,7,training,29.976598639455784,0.16431942582130432,938.6708984375
72289,Rock,7,training,30.002721088435376,0.15693242847919464,939.4873046875
72290,Rock,7,training,29.976598639455784,0.138021782040596,938.66796875
72456,Rock,7,training,30.002721088435376,0.14286121726036072,939.54296875
72468,Hip-Hop,3,training,29.976598639455784,0.21985496580600739,1173.18359375
72476,Pop,6,training,29.976598639455784,0.1283114105463028,1173.1455078125
72477,Electronic,0,training,30.002721088435376,0.1996859759092331,1174.1318359375
72513,Rock,7,validation,30.002721088435376,0.08356264233589172,738.9677734375
72514,Pop,6,validation,29.976598639455784,0.0901259034872055,628.7353515625
72562,Folk,2,training,30.002721088435376,0.05703616142272949,703.7412109375
72565,Folk,2,training,30.002721088435376,0.0374041348695755,703.7451171875
72570,Folk,2,training,30.002721088435376,0.05588187649846077,703.7470703125
72604,Electronic,0,training,29.976598639455784,0.14446011185646057,1173.119140625
72605,Folk,2,training,30.002721088435376,0.03897138312458992,704.796875
72607,Folk,2,training,30.002721088435376,0.05069033429026604,704.7978515625
72612,Folk,2,training,29.976598639455784,0.06724146753549576,703.138671875
72738,Rock,7,training,29.976598639455784,0.25213301181793213,1173.03515625
72781,Hip-Hop,3,training,30.002721088435376,0.18207098543643951,1174.1376953125
72782,Hip-Hop,3,training,29.976598639455784,0.2664291560649872,1173.09375
72783,Hip-Hop,3,training,29.976598639455784,0.3424358367919922,1173.103515625
72784,Hip-Hop,3,training,29.976598639455784,0.18650034070014954,1173.1259765625
72785,Hip-Hop,3,training,30.002721088435376,0.38358721137046814,1174.3251953125
72786,Hip-Hop,3,training,29.976598639455784,0.28234344720840454,1173.09765625
72787,Hip-Hop,3,training,29.976598639455784,0.33473461866378784,1173.1142578125
72788,Hip-Hop,3,training,30.002721088435376,0.3088708817958832,1174.107421875
72789,Hip-Hop,3,training,29.976598639455784,0.29741987586021423,1173.1162109375
72790,Hip-Hop,3,training,30.002721088435376,0.20451147854328156,1174.1015625
72926,Experimental,1,training,29.976598639455784,0.11920934170484543,1173.037109375
72927,Experimental,1,training,29.976598639455784,0.14543810486793518,1173.0712890625
72928,Experimental,1,training,30.002721088435376,0.1908947378396988,1174.09375
72930,Experimental,1,training,30.002721088435376,0.17918309569358826,1174.078125
73087,Pop,6,validation,29.976598639455784,0.13245807588100433,1173.142578125
73099,Experimental,1,training,29.976598639455784,0.20198608934879303,704.1484375
73100,Experimental,1,training,29.976598639455784,0.06506654620170593,704.2060546875
73123,Electronic,0,training,30.002721088435376,0.33006036281585693,1174.03125
73124,Electronic,0,training,30.002721088435376,0.21805691719055176,1174.0361328125
73125,Electronic,0,training,30.002721088435376,0.44009077548980713,1174.0986328125
73169,Folk,2,training,30.002721088435376,0.11655975133180618,938.3740234375
73170,Folk,2,training,29.976598639455784,0.07115168124437332,937.576171875
73171,Folk,2,training,29.976598639455784,0.08891753107309341,937.5751953125
73172,Folk,2,training,30.002721088435376,0.10974713414907455,938.3974609375
73174,Folk,2,training,29.976598639455784,0.035125866532325745,937.5859375
73175,Folk,2,training,30.002721088435376,0.09974799305200577,938.3828125
73192,Rock,7,training,30.002721088435376,0.1221858486533165,939.525390625
73193,Rock,7,training,29.976598639455784,0.1198556050658226,938.705078125
73306,Rock,7,training,30.002721088435376,0.13926801085472107,939.4853515625
73309,Rock,7,training,29.976598639455784,0.10815572738647461,938.66796875
73318,Rock,7,training,30.002721088435376,0.08969635516405106,939.4951171875
73335,Electronic,0,training,29.976598639455784,0.20775963366031647,1173.0458984375
73340,Electronic,0,training,29.976598639455784,0.17442253232002258,1173.037109375
73341,Electronic,0,training,29.976598639455784,0.265658438205719,1173.0390625
73342,Electronic,0,training,29.976598639455784,0.2686142027378082,1173.03515625
73343,Electronic,0,training,29.976598639455784,0.17292344570159912,1173.0732421875
73344,Electronic,0,training,29.976598639455784,0.31422287225723267,1173.0341796875
73363,Electronic,0,training,30.002721088435376,0.280575156211853,1174.1181640625
73365,Electronic,0,training,29.976598639455784,0.3695582151412964,1173.0986328125
73366,Electronic,0,training,29.976598639455784,0.3050462007522583,1173.1328125
73367,Electronic,0,training,29.976598639455784,0.3325127363204956,1173.1025390625
73368,Electronic,0,training,30.002721088435376,0.23335808515548706,1174.130859375
73369,Electronic,0,training,29.976598639455784,0.3477179706096649,1173.0888671875
73370,Electronic,0,training,30.002721088435376,0.29245102405548096,1174.123046875
73371,Electronic,0,training,30.002721088435376,0.3766182065010071,1174.1220703125
73372,Electronic,0,training,30.002721088435376,0.3070506751537323,1174.1220703125
73465,Pop,6,training,30.002721088435376,0.41374269127845764,1174.02734375
73466,Pop,6,training,29.976598639455784,0.250369668006897,1173.029296875
73467,Pop,6,training,29.976598639455784,0.09932214021682739,1173.0322265625
73468,Pop,6,training,30.002721088435376,0.3086440861225128,1174.0263671875
73469,Pop,6,training,29.976598639455784,0.0881311371922493,1172.998046875
73486,Rock,7,training,29.976598639455784,0.15698260068893433,938.6826171875
73494,Experimental,1,test,29.976598639455784,0.0790458545088768,938.640625
73495,Instrumental,4,training,30.002721088435376,0.2692594826221466,939.4921875
73519,Rock,7,test,30.002721088435376,0.29329025745391846,939.5390625
73520,Rock,7,test,29.976598639455784,0.3215251564979553,938.7021484375
73521,Rock,7,test,29.976598639455784,0.30235639214515686,938.73046875
73522,Rock,7,test,29.976598639455784,0.30396103858947754,938.7265625
73550,Hip-Hop,3,training,29.976598639455784,0.2503933608531952,1172.8515625
73551,Hip-Hop,3,training,30.002721088435376,0.22437897324562073,1173.85546875
73560,Electronic,0,validation,29.976598639455784,0.17391124367713928,1172.0478515625
73561,Electronic,0,validation,29.976598639455784,0.23145341873168945,1172.0537109375
73564,Electronic,0,validation,29.976598639455784,0.25309982895851135,1172.0654296875
73565,Electronic,0,validation,30.002721088435376,0.23863734304904938,1173.0791015625
73566,Folk,2,training,29.976598639455784,0.04113652557134628,1172.94921875
73568,Folk,2,training,30.002721088435376,0.11892649531364441,1174.193359375
73572,Folk,2,training,29.976598639455784,0.0883021131157875,1172.951171875
73573,Folk,2,training,30.002721088435376,0.07813283801078796,1174.185546875
73580,Folk,2,training,30.002721088435376,0.10388794541358948,1173.953125
73584,Folk,2,training,29.976598639455784,0.13194991648197174,1173.19921875
73585,Folk,2,training,29.976598639455784,0.16548864543437958,1172.94921875
73587,Folk,2,training,29.976598639455784,0.0655258297920227,1173.1796875
73658,Folk,2,training,29.976598639455784,0.10279581695795059,1173.064453125
73675,Folk,2,training,29.976598639455784,0.13988423347473145,1172.8447265625
73760,International,5,training,29.976598639455784,0.28966179490089417,704.029296875
73761,International,5,training,29.976598639455784,0.1343616396188736,704.0966796875
73762,International,5,training,30.002721088435376,0.05986545607447624,733.2841796875
73763,International,5,validation,30.002721088435376,0.12862427532672882,613.5146484375
73764,International,5,training,29.976598639455784,0.15423434972763062,696.8935546875
73765,International,5,training,30.002721088435376,0.18722227215766907,1174.1748046875
73766,International,5,training,29.976598639455784,0.29173168540000916,704.046875
73767,International,5,training,30.002721088435376,0.3529328405857086,1174.130859375
73768,International,5,training,30.002721088435376,0.2954734265804291,1174.115234375
73769,International,5,training,29.976598639455784,0.10651751607656479,745.7353515625
73770,International,5,training,30.002721088435376,0.35007187724113464,1033.9609375
73771,International,5,training,30.002721088435376,0.2805470824241638,704.7216796875
73772,International,5,training,29.976598639455784,0.15525789558887482,1173.130859375
73773,International,5,validation,29.976598639455784,0.27092477679252625,1172.1787109375
73774,International,5,training,30.002721088435376,0.20329375565052032,766.28125
73775,International,5,validation,29.976598639455784,0.2427849918603897,469.6220703125
73776,International,5,test,30.002721088435376,0.10192327201366425,709.9306640625
73777,International,5,test,29.976598639455784,0.14616292715072632,1173.0458984375
73778,International,5,training,30.002721088435376,0.22124184668064117,1174.107421875
73779,International,5,test,29.976598639455784,0.20865173637866974,1173.099609375
73792,Pop,6,training,30.002721088435376,0.22606638073921204,1173.8984375
73797,Folk,2,training,29.976598639455784,0.14796803891658783,1172.8466796875
73819,Experimental,1,training,29.976598639455784,0.26995906233787537,1173.083984375
73820,Experimental,1,training,29.976598639455784,0.23763920366764069,1173.083984375
73821,Experimental,1,training,29.976598639455784,0.33907264471054077,1173.083984375
73822,Experimental,1,training,29.976598639455784,0.19665364921092987,1173.083984375
73921,Pop,6,training,29.976598639455784,0.22904324531555176,1172.826171875
74002,Pop,6,test,30.002721088435376,0.22201375663280487,1174.189453125
74302,Experimental,1,training,29.976598639455784,0.19733348488807678,1173.26171875
74347,Experimental,1,training,29.976598639455784,0.10701479017734528,1173.591796875
74348,Rock,7,training,30.002721088435376,0.266518235206604,1174.15234375
74362,Electronic,0,training,30.002721088435376,0.23169487714767456,1174.0927734375
74365,Electronic,0,training,29.976598639455784,0.4016609787940979,1173.0126953125
74370,Experimental,1,training,29.976598639455784,0.18006491661071777,1173.095703125
74371,Experimental,1,training,29.976598639455784,0.15471194684505463,1173.0859375
74372,Experimental,1,training,30.002721088435376,0.19898055493831635,1174.2119140625
74373,Experimental,1,training,30.002721088435376,0.12653255462646484,1174.2724609375
74374,Experimental,1,test,30.002721088435376,0.2639414668083191,1174.1728515625
74375,Experimental,1,training,29.976598639455784,0.20111168920993805,1173.2265625
74376,Experimental,1,validation,29.976598639455784,0.09455598890781403,1173.3173828125
74377,Experimental,1,training,29.976598639455784,0.07731309533119202,1173.19921875
74378,Experimental,1,training,30.002721088435376,0.23364537954330444,1174.2109375
74380,Experimental,1,training,29.976598639455784,0.23809552192687988,1173.0927734375
74381,Experimental,1,training,30.002721088435376,0.16834400594234467,1174.0546875
74382,Experimental,1,training,29.976598639455784,0.22157983481884003,1173.09375
74383,Experimental,1,training,30.002721088435376,0.2044510394334793,1174.138671875
74384,Experimental,1,training,30.002721088435376,0.18199321627616882,1174.0859375
74385,Experimental,1,training,29.976598639455784,0.10088972002267838,1173.1494140625
74386,Experimental,1,training,30.002721088435376,0.20302410423755646,1174.1630859375
74387,Experimental,1,training,29.976598639455784,0.07394929230213165,1173.0849609375
74388,Experimental,1,training,30.002721088435376,0.0950494185090065,1174.140625
74389,Experimental,1,validation,29.976598639455784,0.09028881043195724,1173.150390625
74390,Experimental,1,training,29.976598639455784,0.2179764062166214,1173.0634765625
74391,Experimental,1,validation,30.002721088435376,0.19170571863651276,1174.09375
74392,Experimental,1,training,29.976598639455784,0.22311966121196747,1173.08203125
74393,Experimental,1,test,29.976598639455784,0.1597185730934143,1173.2216796875
74421,Folk,2,training,29.976598639455784,0.14231464266777039,1174.2685546875
74445,Folk,2,training,30.002721088435376,0.07544521242380142,1176.0166015625
74546,Folk,2,training,30.002721088435376,0.09693549573421478,1174.1630859375
74669,Rock,7,training,29.976598639455784,0.13692604005336761,1173.09375
74671,Rock,7,training,30.002721088435376,0.0996323749423027,1174.12890625
74706,Rock,7,training,29.976598639455784,0.21980060636997223,938.6904296875
74908,Rock,7,training,29.976598639455784,0.41727548837661743,1173.216796875
74937,Folk,2,validation,30.002721088435376,0.14366143941879272,1174.1494140625
74942,Folk,2,training,30.002721088435376,0.18711350858211517,1174.123046875
74945,Pop,6,validation,30.002721088435376,0.1912594437599182,1174.0908203125
74954,Hip-Hop,3,training,30.002721088435376,0.26427337527275085,1174.0185546875
74955,Hip-Hop,3,training,29.976598639455784,0.2527093291282654,1173.0927734375
74959,Experimental,1,training,29.976598639455784,0.060005951672792435,469.658203125
74960,Experimental,1,training,30.002721088435376,0.1277766078710556,470.0712890625
75194,Pop,6,training,30.002721088435376,0.16212771832942963,705.8095703125
75211,Rock,7,validation,29.976598639455784,0.07234838604927063,711.7578125
75221,Rock,7,training,29.976598639455784,0.295075386762619,678.541015625
75230,Rock,7,training,29.976598639455784,0.20782092213630676,759.25390625
75304,Folk,2,training,29.976598639455784,0.22865618765354156,1172.984375
75310,Pop,6,training,30.002721088435376,0.08865123987197876,1173.8466796875
75314,Pop,6,training,30.002721088435376,0.12942545115947723,1173.8349609375
75317,Pop,6,training,29.976598639455784,0.05684509873390198,1172.8271484375
75371,Hip-Hop,3,validation,29.976598639455784,0.23285190761089325,704.189453125
75372,Hip-Hop,3,validation,30.002721088435376,0.26145127415657043,704.7958984375
75373,Hip-Hop,3,validation,29.976598639455784,0.2016037553548813,704.19140625
75374,Hip-Hop,3,validation,29.976598639455784,0.2793651819229126,704.2109375
75375,Hip-Hop,3,validation,29.976598639455784,0.25642865896224976,704.189453125
75376,Hip-Hop,3,validation,30.002721088435376,0.19876061379909515,704.8056640625
75377,Hip-Hop,3,validation,30.002721088435376,0.212574303150177,704.8046875
75378,Hip-Hop,3,validation,29.976598639455784,0.3032963275909424,704.19921875
75379,Hip-Hop,3,validation,30.002721088435376,0.20247071981430054,704.7998046875
75380,Hip-Hop,3,validation,30.002721088435376,0.19169260561466217,704.8095703125
75381,Hip-Hop,3,validation,30.002721088435376,0.2169000655412674,704.80859375
75383,Hip-Hop,3,validation,29.976598639455784,0.2685418128967285,586.94921875
75386,Hip-Hop,3,validation,29.976598639455784,0.3133065104484558,586.943359375
75389,Hip-Hop,3,validation,29.976598639455784,0.25155889987945557,586.95703125
75390,Hip-Hop,3,validation,29.976598639455784,0.2934194803237915,586.9423828125
75391,Hip-Hop,3,validation,30.002721088435376,0.2555103600025177,587.4794921875
75393,Hip-Hop,3,validation,30.002721088435376,0.250598281621933,587.4658203125
75395,Hip-Hop,3,validation,29.976598639455784,0.29455500841140747,586.955078125
75396,Hip-Hop,3,validation,29.976598639455784,0.2899896204471588,586.9560546875
75398,Hip-Hop,3,validation,29.976598639455784,0.2451855093240738,586.9345703125
75399,Hip-Hop,3,validation,29.976598639455784,0.29521092772483826,586.943359375
75401,Hip-Hop,3,validation,29.976598639455784,0.29542118310928345,586.95703125
75403,Hip-Hop,3,validation,29.976598639455784,0.21650560200214386,586.9560546875
75412,Hip-Hop,3,validation,30.002721088435376,0.18491865694522858,704.7421875
75415,Hip-Hop,3,validation,29.976598639455784,0.29369667172431946,704.119140625
75417,Hip-Hop,3,validation,29.976598639455784,0.21410290896892548,704.1181640625
75418,Hip-Hop,3,validation,29.976598639455784,0.2934783399105072,704.123046875
75419,Hip-Hop,3,validation,30.002721088435376,0.28904053568840027,704.736328125
75420,Hip-Hop,3,validation,29.976598639455784,0.2537325620651245,704.12109375
75425,Hip-Hop,3,validation,30.002721088435376,0.3156057298183441,704.7470703125
75427,Hip-Hop,3,validation,29.976598639455784,0.2602333426475525,704.123046875
75428,Hip-Hop,3,validation,29.976598639455784,0.18654099106788635,704.1396484375
75429,Instrumental,4,training,29.976598639455784,0.16152039170265198,1173.1748046875
75430,Instrumental,4,training,30.002721088435376,0.1838405728340149,1174.1806640625
75431,Instrumental,4,training,29.976598639455784,0.10740908980369568,1173.2080078125
75432,Instrumental,4,training,29.976598639455784,0.16621382534503937,1173.265625
75433,Instrumental,4,training,29.976598639455784,0.06628456711769104,1173.205078125
75434,Instrumental,4,training,29.976598639455784,0.14525045454502106,1173.259765625
75435,Instrumental,4,training,30.002721088435376,0.19823603332042694,1174.166015625
75436,Instrumental,4,training,30.002721088435376,0.11140372604131699,1174.2236328125
75437,Instrumental,4,training,30.002721088435376,0.25389671325683594,1174.248046875
75438,Instrumental,4,training,29.976598639455784,0.11756187677383423,1172.7509765625
75439,Instrumental,4,training,30.002721088435376,0.11731825768947601,1174.185546875
75440,Instrumental,4,training,29.976598639455784,0.17521581053733826,1173.2783203125
75441,Instrumental,4,training,29.976598639455784,0.25077298283576965,1173.291015625
75442,Instrumental,4,training,29.976598639455784,0.2877088785171509,1173.28515625
75443,Instrumental,4,training,30.002721088435376,0.12174292653799057,1174.2568359375
75607,Instrumental,4,training,29.976598639455784,0.11247826367616653,1173.0634765625
75612,Instrumental,4,training,29.976598639455784,0.25074896216392517,1173.0419921875
75692,Pop,6,training,29.976598639455784,0.23377078771591187,1172.861328125
75745,Hip-Hop,3,validation,29.976598639455784,0.2676234245300293,1173.150390625
75746,Hip-Hop,3,validation,30.002721088435376,0.2753555476665497,1174.1767578125
75747,Hip-Hop,3,validation,29.976598639455784,0.2443995177745819,1173.1484375
75748,Hip-Hop,3,validation,30.002721088435376,0.28122442960739136,1174.1650390625
75749,Hip-Hop,3,validation,29.976598639455784,0.24602892994880676,1173.134765625
75750,Hip-Hop,3,validation,29.976598639455784,0.2505328059196472,1173.15625
75751,Hip-Hop,3,validation,29.976598639455784,0.11590734869241714,1173.134765625
75752,Hip-Hop,3,validation,29.976598639455784,0.27475085854530334,1173.158203125
75754,Hip-Hop,3,validation,29.976598639455784,0.2798481285572052,1173.1435546875
75755,Hip-Hop,3,validation,29.976598639455784,0.26699286699295044,1173.1337890625
75762,Electronic,0,training,30.002721088435376,0.3412415087223053,1174.1103515625
75763,Electronic,0,training,29.976598639455784,0.1546694040298462,1173.0966796875
75764,Electronic,0,training,29.976598639455784,0.19681096076965332,1173.111328125
75782,Rock,7,training,29.976598639455784,0.26696330308914185,1173.0908203125
75783,Rock,7,training,30.002721088435376,0.25334998965263367,1174.1005859375
75784,Rock,7,training,29.976598639455784,0.268458753824234,1173.087890625
75785,Rock,7,training,29.976598639455784,0.16779211163520813,1173.0966796875
75786,Rock,7,training,29.976598639455784,0.18844495713710785,1173.09375
75787,Rock,7,training,30.002721088435376,0.2652817666530609,1174.095703125
75788,Rock,7,training,29.976598639455784,0.271835058927536,1173.0966796875
75844,Folk,2,training,30.002721088435376,0.0999206081032753,678.3974609375
75862,Folk,2,training,30.002721088435376,0.11730161309242249,872.28125
75866,Folk,2,training,30.002721088435376,0.1410340964794159,773.751953125
75869,Folk,2,training,29.976598639455784,0.13953499495983124,518.26953125
75883,Folk,2,training,29.976598639455784,0.10414619743824005,593.6767578125
75903,Rock,7,training,29.976598639455784,0.223772332072258,1173.14453125
75908,Rock,7,training,30.002721088435376,0.2853831946849823,1174.1787109375
75925,Hip-Hop,3,training,29.976598639455784,0.2954912483692169,704.185546875
75926,Hip-Hop,3,training,30.002721088435376,0.2529647648334503,704.7822265625
75927,Hip-Hop,3,training,29.976598639455784,0.3591911494731903,704.1689453125
75928,Hip-Hop,3,training,29.976598639455784,0.32538291811943054,704.1630859375
75929,Hip-Hop,3,training,29.976598639455784,0.3117038607597351,704.1806640625
75930,Hip-Hop,3,training,29.976598639455784,0.3736388385295868,704.185546875
75931,Hip-Hop,3,training,30.002721088435376,0.3156847655773163,704.806640625
75932,Hip-Hop,3,training,29.976598639455784,0.2944096326828003,704.1904296875
75933,Hip-Hop,3,training,30.002721088435376,0.2327696979045868,704.7822265625
75935,Hip-Hop,3,training,29.976598639455784,0.24616768956184387,704.18359375
75936,Hip-Hop,3,training,30.002721088435376,0.16620419919490814,704.8095703125
75937,Hip-Hop,3,training,29.976598639455784,0.42127642035484314,704.216796875
75975,Experimental,1,training,30.002721088435376,0.019076453521847725,1174.091796875
76036,Experimental,1,training,29.976598639455784,0.04226895049214363,469.58984375
76069,International,5,training,30.002721088435376,0.07653769850730896,939.58984375
76071,International,5,training,30.002721088435376,0.0383879728615284,939.5478515625
76072,International,5,training,29.976598639455784,0.18290945887565613,938.73046875
76073,International,5,training,30.002721088435376,0.17413242161273956,939.5556640625
76074,International,5,training,30.002721088435376,0.02624235861003399,939.5380859375
76075,International,5,training,30.002721088435376,0.10344421863555908,939.5654296875
76076,International,5,training,30.002721088435376,0.13867338001728058,939.546875
76077,International,5,training,30.002721088435376,0.17586661875247955,939.564453125
76078,International,5,training,29.976598639455784,0.0757366493344307,938.81640625
76079,International,5,training,29.976598639455784,0.11760319024324417,938.8046875
76121,Rock,7,training,29.976598639455784,0.24789738655090332,1172.84375
76128,Pop,6,test,29.976598639455784,0.25596046447753906,1172.853515625
76129,Pop,6,test,29.976598639455784,0.23833683133125305,1172.8564453125
76130,Pop,6,test,29.976598639455784,0.35130128264427185,1172.8681640625
76131,Pop,6,test,29.976598639455784,0.3644583821296692,1173.0947265625
76363,Instrumental,4,test,29.976598639455784,0.157484769821167,1173.0244140625
76375,Experimental,1,training,29.976598639455784,0.049713484942913055,938.591796875
76381,Experimental,1,training,29.976598639455784,0.07016073912382126,938.5810546875
76437,Folk,2,training,30.002721088435376,0.15690524876117706,950.43359375
76440,Folk,2,training,29.976598639455784,0.1464782953262329,948.4072265625
76654,Electronic,0,training,29.976598639455784,0.250065416097641,1173.1240234375
76659,Electronic,0,training,29.976598639455784,0.20077776908874512,1173.111328125
77517,Experimental,1,training,29.976598639455784,0.21858979761600494,1173.384765625
77519,Experimental,1,training,29.976598639455784,0.196915403008461,1173.3603515625
77521,Experimental,1,training,29.976598639455784,0.2393394410610199,1173.4052734375
77522,Experimental,1,training,29.976598639455784,0.13379400968551636,1173.345703125
77523,Experimental,1,training,29.976598639455784,0.26886963844299316,1173.4482421875
77564,Pop,6,training,29.976598639455784,0.2448655366897583,1173.13671875
77571,Hip-Hop,3,training,30.002721088435376,0.22482222318649292,1174.138671875
77572,Pop,6,training,29.976598639455784,0.24316534399986267,1173.2666015625
77952,Electronic,0,training,30.002721088435376,0.2068517506122589,1174.0537109375
78038,Experimental,1,training,29.976598639455784,0.07739020138978958,938.501953125
78156,Hip-Hop,3,training,29.976598639455784,0.2511853277683258,695.2529296875
78213,Folk,2,training,29.976598639455784,0.1266646683216095,586.8251953125
78516,Hip-Hop,3,training,29.976598639455784,0.24280007183551788,1173.01953125
78833,Hip-Hop,3,training,29.976598639455784,0.22023093700408936,1172.984375
78834,Hip-Hop,3,training,29.976598639455784,0.3867085874080658,1172.9931640625
78839,Hip-Hop,3,training,29.976598639455784,0.30802860856056213,1172.9873046875
78841,Hip-Hop,3,training,30.002721088435376,0.27963292598724365,1174.041015625
78843,Hip-Hop,3,training,29.976598639455784,0.2706338167190552,1012.8154296875
78845,Hip-Hop,3,training,30.002721088435376,0.2714291214942932,780.1591796875
78847,Hip-Hop,3,training,29.976598639455784,0.20756274461746216,834.806640625
78848,Hip-Hop,3,training,30.002721088435376,0.23296503722667694,827.138671875
78849,Hip-Hop,3,training,29.976598639455784,0.22104352712631226,837.6474609375
78850,Hip-Hop,3,training,29.976598639455784,0.26826927065849304,911.802734375
78851,Hip-Hop,3,training,29.976598639455784,0.26012536883354187,766.12890625
78852,Hip-Hop,3,training,30.002721088435376,0.2814438045024872,789.9443359375
78984,Hip-Hop,3,training,30.002721088435376,0.11738867312669754,609.4521484375
78998,Hip-Hop,3,training,29.976598639455784,0.1815885454416275,681.423828125
79087,Experimental,1,training,30.002721088435376,0.238044872879982,1173.9482421875
79575,Rock,7,training,30.002721088435376,0.21069732308387756,939.48828125
79593,Folk,2,training,29.976598639455784,0.08803074061870575,938.6669921875
79605,Electronic,0,training,30.002721088435376,0.3305369019508362,940.9208984375
79606,Electronic,0,training,29.976598639455784,0.2510688900947571,781.99609375
79610,Hip-Hop,3,training,29.976598639455784,0.24828557670116425,1173.0947265625
79616,Hip-Hop,3,training,29.976598639455784,0.23627181351184845,1173.087890625
79741,Pop,6,training,29.988979591836735,0.1781049519777298,1173.490234375
79973,Experimental,1,training,29.976598639455784,0.032953113317489624,1173.0654296875
79975,Experimental,1,training,29.988979591836735,0.02203780971467495,1173.5390625
79977,Experimental,1,training,29.988979591836735,0.056111812591552734,1173.55078125
79978,Experimental,1,training,29.988979591836735,0.06413878500461578,1173.5419921875
79985,Folk,2,training,29.976598639455784,0.14521178603172302,1173.5791015625
79986,Folk,2,training,29.976598639455784,0.23653720319271088,1173.599609375
79988,Folk,2,training,30.002721088435376,0.18544185161590576,1174.126953125
79990,Folk,2,training,30.002721088435376,0.22411935031414032,1174.15234375
79995,Folk,2,training,29.976598639455784,0.27683359384536743,1173.7919921875
80000,Folk,2,validation,30.002721088435376,0.15979114174842834,1175.005859375
80001,Folk,2,validation,30.002721088435376,0.2151682823896408,1175.15625
80002,Folk,2,validation,30.002721088435376,0.19495896995067596,1174.6962890625
80003,Folk,2,validation,30.002721088435376,0.2579154968261719,1174.98046875
80004,Folk,2,validation,29.976598639455784,0.21160151064395905,1174.17578125
80005,Folk,2,validation,29.976598639455784,0.14845192432403564,1173.9140625
80035,Rock,7,training,30.002721088435376,0.15172241628170013,587.3876953125
80293,Hip-Hop,3,training,30.002721088435376,0.15198954939842224,703.5615234375
80341,International,5,training,29.976598639455784,0.11987921595573425,938.65234375
80351,International,5,training,29.976598639455784,0.38020792603492737,938.673828125
80389,Instrumental,4,training,29.976598639455784,0.13536491990089417,1172.9951171875
80402,Instrumental,4,training,29.976598639455784,0.0725046843290329,1173.041015625
80515,Instrumental,4,training,30.002721088435376,0.18981565535068512,1173.974609375
80516,Instrumental,4,training,29.988979591836735,0.20117820799350739,1173.3193359375
80517,Instrumental,4,training,29.988979591836735,0.22052130103111267,1173.3251953125
80518,Instrumental,4,training,30.002721088435376,0.22452737390995026,1173.9755859375
80519,Instrumental,4,training,29.988979591836735,0.1752813309431076,1173.3173828125
80520,Instrumental,4,training,29.988979591836735,0.15279391407966614,1173.322265625
80611,Experimental,1,validation,29.976598639455784,0.19524754583835602,1172.17578125
80680,International,5,validation,29.976598639455784,0.3313303291797638,938.69140625
80686,International,5,validation,29.976598639455784,0.41804444789886475,938.681640625
80687,International,5,validation,29.976598639455784,0.3717103600502014,938.6796875
80693,International,5,training,30.002721088435376,0.2999379336833954,939.298828125
80694,International,5,training,30.002721088435376,0.28143927454948425,939.2861328125
80695,International,5,training,30.002721088435376,0.22565943002700806,939.2939453125
80696,International,5,training,29.976598639455784,0.21353846788406372,938.4755859375
80697,International,5,training,29.976598639455784,0.32976797223091125,938.490234375
80751,International,5,training,29.976598639455784,0.059429820626974106,938.400390625
80753,International,5,training,29.976598639455784,0.05839899182319641,938.412109375
80754,International,5,training,29.976598639455784,0.06255950778722763,938.41015625
80755,International,5,training,30.002721088435376,0.07335105538368225,939.2099609375
80756,International,5,training,29.976598639455784,0.06352414935827255,938.3984375
80758,International,5,training,30.002721088435376,0.054450541734695435,939.4794921875
80765,International,5,training,29.976598639455784,0.06524880230426788,938.662109375
80766,International,5,training,29.976598639455784,0.06995760649442673,938.6640625
80772,International,5,training,29.976598639455784,0.29258137941360474,938.6904296875
80773,International,5,training,30.002721088435376,0.3224999010562897,939.3427734375
80774,International,5,training,29.976598639455784,0.22509536147117615,938.5205078125
80775,International,5,training,29.976598639455784,0.2650037109851837,938.5302734375
80776,International,5,training,29.976598639455784,0.3112087547779083,938.5498046875
80793,Electronic,0,training,29.976598639455784,0.1530034840106964,1173.021484375
80833,Electronic,0,training,29.976598639455784,0.20325841009616852,1172.095703125
80834,Electronic,0,training,30.002721088435376,0.12260744720697403,1173.08203125
80835,Electronic,0,training,30.002721088435376,0.12199074029922485,1173.0986328125
80836,Electronic,0,training,30.002721088435376,0.16201741993427277,1173.1259765625
81033,Folk,2,training,29.976598639455784,0.13817517459392548,704.087890625
81037,Folk,2,training,29.976598639455784,0.15949739515781403,704.005859375
81071,Experimental,1,test,29.976598639455784,0.1375383585691452,468.6533203125
81082,Folk,2,training,29.976598639455784,0.1279507279396057,938.7041015625
81083,Folk,2,training,29.976598639455784,0.11820578575134277,938.7138671875
81084,Folk,2,training,29.976598639455784,0.11404397338628769,938.70703125
81085,Folk,2,training,29.976598639455784,0.11257186532020569,938.6943359375
81189,Experimental,1,training,30.002721088435376,0.19639843702316284,537.509765625
81193,Electronic,0,training,30.002721088435376,0.3178725242614746,1174.0673828125
81194,Electronic,0,training,29.976598639455784,0.3624833822250366,1173.048828125
81195,Electronic,0,training,30.002721088435376,0.3290259838104248,1174.064453125
81362,Experimental,1,training,29.976598639455784,0.07991550117731094,746.291015625
81365,Experimental,1,training,29.976598639455784,0.12071115523576736,832.6923828125
81436,Instrumental,4,training,29.976598639455784,0.0989890992641449,1173.12109375
81457,Instrumental,4,training,30.002721088435376,0.09797867387533188,1174.1552734375
81485,Instrumental,4,training,29.976598639455784,0.16552576422691345,1173.134765625
81491,Instrumental,4,training,29.976598639455784,0.14992494881153107,1173.1728515625
81512,Instrumental,4,training,30.002721088435376,0.18332216143608093,1174.15625
81523,Instrumental,4,training,29.976598639455784,0.173980250954628,1173.162109375
81543,Instrumental,4,training,29.976598639455784,0.19560933113098145,1173.1376953125
81554,Instrumental,4,training,30.002721088435376,0.18929022550582886,1174.17578125
81555,Instrumental,4,training,29.976598639455784,0.19306528568267822,1173.1494140625
81565,Instrumental,4,training,29.976598639455784,0.21736788749694824,1173.1455078125
81576,Instrumental,4,training,29.976598639455784,0.31298932433128357,1173.1533203125
81586,Instrumental,4,training,29.976598639455784,0.23228420317173004,1173.123046875
81600,Instrumental,4,training,29.976598639455784,0.16374200582504272,1173.1533203125
81612,Instrumental,4,training,29.976598639455784,0.2287372201681137,1173.1474609375
81613,Instrumental,4,training,29.976598639455784,0.2664961516857147,1173.1220703125
81623,Instrumental,4,training,30.002721088435376,0.20503859221935272,1174.158203125
81638,Instrumental,4,training,30.002721088435376,0.19844013452529907,1174.1875
81650,Instrumental,4,training,29.976598639455784,0.17242014408111572,1173.169921875
81660,Instrumental,4,training,30.002721088435376,0.05531428009271622,1174.1904296875
81781,Instrumental,4,training,30.002721088435376,0.0854058712720871,1174.171875
81782,Instrumental,4,training,30.002721088435376,0.12269774079322815,1174.154296875
81792,Instrumental,4,training,29.976598639455784,0.1368183195590973,1173.14453125
81802,Instrumental,4,training,30.002721088435376,0.22021536529064178,1174.1689453125
81803,Instrumental,4,training,29.976598639455784,0.0804452896118164,1173.1376953125
81814,Instrumental,4,training,29.976598639455784,0.024445226415991783,1173.138671875
81868,Electronic,0,training,29.976598639455784,0.292085200548172,1173.171875
81895,Experimental,1,validation,29.976598639455784,0.09244444221258163,1173.0615234375
81938,Folk,2,training,29.976598639455784,0.13325461745262146,938.64453125
81945,Folk,2,training,30.002721088435376,0.09112388640642166,939.447265625
81946,Folk,2,training,30.002721088435376,0.06781240552663803,939.455078125
81988,Instrumental,4,training,29.976598639455784,0.17376834154129028,1173.140625
81999,Instrumental,4,training,29.976598639455784,0.2791436016559601,1173.134765625
82157,Instrumental,4,training,30.002721088435376,0.05440704897046089,747.685546875
82231,Experimental,1,training,29.976598639455784,0.08830606192350388,1173.08984375
82237,Experimental,1,training,30.002721088435376,0.04295286536216736,1174.09375
82242,Experimental,1,training,30.002721088435376,0.0303205419331789,1174.095703125
82250,Experimental,1,training,29.976598639455784,0.08929692953824997,1173.064453125
82410,Experimental,1,training,30.002721088435376,0.09516152739524841,586.818359375
82462,Rock,7,test,29.988979591836735,0.07037202268838882,938.9208984375
82464,Rock,7,test,29.988979591836735,0.09133914113044739,938.9287109375
82505,Folk,2,training,29.976598639455784,0.11142667382955551,1173.1962890625
82507,Folk,2,training,30.002721088435376,0.12610700726509094,1174.1279296875
82628,International,5,training,30.002721088435376,0.2680448293685913,1174.1494140625
82629,International,5,training,30.002721088435376,0.13059189915657043,1174.1513671875
82630,International,5,training,30.002721088435376,0.2394477128982544,1174.1416015625
82631,International,5,training,29.976598639455784,0.1497431844472885,1173.1513671875
82778,Hip-Hop,3,test,30.002721088435376,0.2712455689907074,1174.0849609375
82780,Hip-Hop,3,test,29.976598639455784,0.3272566497325897,1173.0810546875
82881,Experimental,1,training,30.002721088435376,0.2105107456445694,810.716796875
82886,Experimental,1,training,29.976598639455784,0.23806948959827423,853.08984375
82890,Experimental,1,training,30.002721088435376,0.09817705303430557,794.5537109375
82892,Folk,2,training,30.002721088435376,0.08698366582393646,939.53125
82893,Folk,2,training,30.002721088435376,0.14189375936985016,939.546875
82914,Instrumental,4,training,29.976598639455784,0.12089747935533524,896.98828125
82915,Instrumental,4,training,29.976598639455784,0.08440092206001282,787.7646484375
82916,Instrumental,4,training,29.976598639455784,0.07845251262187958,784.52734375
82917,Instrumental,4,training,29.976598639455784,0.1117788702249527,907.5439453125
82918,Instrumental,4,training,30.002721088435376,0.11373693495988846,783.3701171875
82919,Instrumental,4,training,30.002721088435376,0.09257175773382187,937.4990234375
82920,Instrumental,4,training,30.002721088435376,0.11266954243183136,816.9267578125
82921,Instrumental,4,training,29.976598639455784,0.10141097754240036,848.6044921875
82928,Instrumental,4,training,30.002721088435376,0.09952256828546524,918.955078125
82929,Instrumental,4,training,29.976598639455784,0.07671601325273514,861.2578125
82930,Instrumental,4,training,29.976598639455784,0.1169344112277031,843.4931640625
82931,Instrumental,4,training,30.002721088435376,0.10322651267051697,916.28125
82932,Instrumental,4,training,30.002721088435376,0.16482241451740265,851.6123046875
83437,Folk,2,validation,30.002721088435376,0.07718992978334427,939.576171875
83438,Folk,2,validation,29.976598639455784,0.12341613322496414,938.767578125
83439,Folk,2,validation,30.002721088435376,0.12789392471313477,939.5380859375
83440,Folk,2,validation,30.002721088435376,0.1529877781867981,939.5205078125
83507,Pop,6,validation,30.002721088435376,0.16173675656318665,939.5458984375
83509,Pop,6,validation,29.976598639455784,0.21362422406673431,938.75
83511,Pop,6,validation,30.002721088435376,0.2057289481163025,939.5341796875
83512,Pop,6,validation,29.976598639455784,0.24519672989845276,938.7138671875
83558,Hip-Hop,3,validation,30.002721088435376,0.1332489401102066,1174.0859375
83600,Instrumental,4,training,30.002721088435376,0.019822129979729652,939.1845703125
83612,Instrumental,4,training,30.002721088435376,0.05702570453286171,939.2099609375
83613,Instrumental,4,training,30.002721088435376,0.11992312222719193,939.1904296875
83715,Hip-Hop,3,training,29.976598639455784,0.32645878195762634,1173.0302734375
83717,Hip-Hop,3,training,29.976598639455784,0.25772637128829956,1173.0107421875
83718,Hip-Hop,3,training,29.976598639455784,0.22599664330482483,1173.0302734375
83719,Hip-Hop,3,training,29.976598639455784,0.24047057330608368,1173.0166015625
83789,Rock,7,training,29.988979591836735,0.21517254412174225,1173.4541015625
83790,Rock,7,training,29.988979591836735,0.29536405205726624,1173.4716796875
83791,Rock,7,training,29.988979591836735,0.27622315287590027,1173.4384765625
83898,Experimental,1,test,29.976598639455784,0.17389999330043793,704.1826171875
83903,Experimental,1,training,30.002721088435376,0.19378577172756195,704.74609375
83906,Experimental,1,test,30.002721088435376,0.1806868016719818,704.7890625
83908,Experimental,1,validation,29.976598639455784,0.16822874546051025,704.12890625
83911,Experimental,1,training,30.002721088435376,0.14246831834316254,704.7646484375
83913,Experimental,1,training,30.002721088435376,0.18793293833732605,704.7509765625
83954,Experimental,1,training,30.002721088435376,0.3163072168827057,746.146484375
83960,Experimental,1,training,30.002721088435376,0.7428471446037292,826.0244140625
83969,Rock,7,training,30.002721088435376,0.19524294137954712,939.4794921875
84009,Folk,2,training,29.976598639455784,0.029245005920529366,703.126953125
84054,Experimental,1,validation,29.976598639455784,0.14352156221866608,469.646484375
84055,Experimental,1,training,29.976598639455784,0.14591805636882782,1173.1064453125
84056,Experimental,1,training,30.002721088435376,0.11815909296274185,939.4521484375
84057,Experimental,1,test,29.976598639455784,0.046443402767181396,704.1708984375
84058,Experimental,1,training,30.002721088435376,0.1728319227695465,470.0712890625
84091,Electronic,0,test,30.002721088435376,0.314868301153183,1174.1982421875
84095,Electronic,0,training,29.976598639455784,0.2895837426185608,1173.1494140625
84096,Electronic,0,training,29.976598639455784,0.3392794132232666,1173.1533203125
84097,Electronic,0,training,29.976598639455784,0.33976852893829346,1173.1240234375
84111,Hip-Hop,3,training,30.002721088435376,0.21397891640663147,1174.044921875
84135,Experimental,1,training,29.976598639455784,0.18323980271816254,859.189453125
84136,Experimental,1,training,30.002721088435376,0.1612987369298935,674.3359375
84139,Experimental,1,training,29.976598639455784,0.20879271626472473,872.9189453125
84141,Experimental,1,training,30.002721088435376,0.2011578530073166,812.361328125
84142,Experimental,1,training,29.976598639455784,0.20245283842086792,670.259765625
84144,Experimental,1,training,30.002721088435376,0.11845236271619797,803.658203125
84152,Experimental,1,test,29.976598639455784,0.21209055185317993,1173.017578125
84154,Folk,2,training,30.002721088435376,0.1725170910358429,710.423828125
84155,Folk,2,training,29.976598639455784,0.12772397696971893,728.0576171875
84156,Folk,2,training,30.002721088435376,0.22705982625484467,797.109375
84157,Folk,2,training,29.976598639455784,0.2510709762573242,758.6904296875
84158,Folk,2,training,30.002721088435376,0.1757420003414154,750.9765625
84159,Folk,2,training,29.976598639455784,0.2519751489162445,703.5732421875
84195,Electronic,0,training,30.002721088435376,0.08831692487001419,1174.1865234375
84198,Electronic,0,training,29.976598639455784,0.05815679579973221,1173.1279296875
84200,Electronic,0,training,29.976598639455784,0.09643398970365524,1173.1416015625
84201,Electronic,0,training,30.002721088435376,0.08352341502904892,1174.18359375
84202,Electronic,0,training,29.976598639455784,0.10953683406114578,1173.15234375
84264,Electronic,0,training,30.002721088435376,0.24119457602500916,1174.0888671875
84290,Rock,7,training,30.002721088435376,0.20224589109420776,939.4521484375
84291,Rock,7,training,29.976598639455784,0.18566007912158966,938.6396484375
84405,Experimental,1,training,29.976598639455784,0.038691647350788116,1173.0634765625
84417,Experimental,1,training,29.976598639455784,0.032542403787374496,1173.078125
84423,Experimental,1,training,30.002721088435376,0.09628406912088394,1174.1005859375
84483,Electronic,0,training,29.976598639455784,0.30091115832328796,1173.125
84484,Electronic,0,training,30.002721088435376,0.11602381616830826,1174.1572265625
84485,Electronic,0,training,30.002721088435376,0.16363301873207092,1174.166015625
84486,Electronic,0,training,29.976598639455784,0.24666012823581696,1173.17578125
84605,Pop,6,training,29.976598639455784,0.24028226733207703,704.12109375
84736,Instrumental,4,test,29.976598639455784,0.04806699603796005,1173.037109375
84743,Rock,7,training,30.002721088435376,0.2443271279335022,704.748046875
84757,Rock,7,training,30.002721088435376,0.20296521484851837,939.4658203125
84768,Instrumental,4,training,30.002721088435376,0.20947983860969543,587.41015625
84777,Electronic,0,test,30.002721088435376,0.12571299076080322,1174.1494140625
84788,Rock,7,training,30.002721088435376,0.09918998926877975,939.494140625
84817,Pop,6,training,29.976598639455784,0.22088807821273804,1173.1865234375
85027,Rock,7,training,29.976598639455784,0.08943620324134827,1173.041015625
85038,Electronic,0,training,29.976598639455784,0.09873265027999878,1173.09765625
85039,Electronic,0,training,29.976598639455784,0.10226551443338394,1173.103515625
85040,Electronic,0,training,30.002721088435376,0.20107336342334747,1174.1259765625
85041,Electronic,0,training,29.976598639455784,0.2436515837907791,1173.09765625
85290,Electronic,0,training,29.976598639455784,0.07807356119155884,1173.0693359375
85291,Electronic,0,training,29.976598639455784,0.1651647984981537,1173.083984375
85307,Pop,6,test,29.976598639455784,0.2536360025405884,1173.05078125
85308,Pop,6,test,29.976598639455784,0.23677359521389008,1173.10546875
85309,Pop,6,test,29.976598639455784,0.2757900059223175,1173.083984375
85310,Pop,6,test,29.976598639455784,0.25037848949432373,1173.078125
85311,Pop,6,test,30.002721088435376,0.21486428380012512,1174.1337890625
85317,Electronic,0,training,30.002721088435376,0.24268604815006256,1174.0478515625
85318,Electronic,0,training,29.988979591836735,0.28520745038986206,1173.4248046875
85343,Electronic,0,training,30.002721088435376,0.1328468769788742,683.5205078125
85346,Electronic,0,training,29.976598639455784,0.09490066766738892,642.083984375
85347,Electronic,0,training,29.976598639455784,0.08836037665605545,731.859375
85400,Experimental,1,training,30.002721088435376,0.2932359278202057,939.5390625
85419,Pop,6,training,29.976598639455784,0.1700097620487213,938.7333984375
85420,Pop,6,training,29.976598639455784,0.1874837428331375,938.7216796875
85421,Pop,6,training,30.002721088435376,0.14873746037483215,939.5283203125
85422,Pop,6,training,29.976598639455784,0.1757580190896988,938.7216796875
85423,Pop,6,training,29.976598639455784,0.1815665066242218,938.7060546875
85424,Pop,6,training,30.002721088435376,0.11392385512590408,939.5244140625
85425,Pop,6,training,29.976598639455784,0.1820748895406723,938.705078125
85426,Pop,6,training,29.976598639455784,0.1818217635154724,938.708984375
85427,Pop,6,training,30.002721088435376,0.13520193099975586,939.537109375
85428,Pop,6,training,29.976598639455784,0.2191048115491867,938.6953125
85436,Folk,2,validation,29.976598639455784,0.07419493049383163,938.5693359375
85438,Folk,2,validation,29.976598639455784,0.06216437742114067,938.587890625
85482,Folk,2,training,29.976598639455784,0.24513614177703857,917.3212890625
85484,Folk,2,training,29.976598639455784,0.1767173856496811,869.3798828125
85485,Folk,2,training,29.976598639455784,0.2479560524225235,833.6865234375
85486,Folk,2,training,30.002721088435376,0.25335949659347534,936.1533203125
85487,Folk,2,training,30.002721088435376,0.2476748824119568,930.87890625
85488,Folk,2,training,29.976598639455784,0.2805784344673157,919.1279296875
85489,Folk,2,training,29.976598639455784,0.2652740478515625,921.4716796875
85490,Folk,2,training,30.002721088435376,0.2461194097995758,955.6396484375
85491,Folk,2,training,29.976598639455784,0.21577180922031403,902.4248046875
85492,Folk,2,training,29.976598639455784,0.2208477407693863,895.40625
85494,Experimental,1,training,29.976598639455784,0.07007814943790436,1018.9150390625
85592,Pop,6,test,29.976598639455784,0.20610900223255157,1172.97265625
85593,Pop,6,test,30.002721088435376,0.2336265742778778,1174.009765625
85594,Pop,6,test,30.002721088435376,0.16148871183395386,1174.0263671875
85595,Pop,6,test,30.002721088435376,0.17667150497436523,1174.0146484375
85596,Pop,6,test,29.976598639455784,0.2536630928516388,1173.009765625
85598,Pop,6,test,30.002721088435376,0.19738143682479858,1174.0419921875
85599,Pop,6,test,30.002721088435376,0.181830033659935,1173.99609375
85600,Pop,6,test,29.976598639455784,0.15784429013729095,1172.9775390625
85691,Folk,2,training,30.002721088435376,0.02998270094394684,939.53125
85692,Folk,2,training,30.002721088435376,0.06740111857652664,939.5185546875
85693,Folk,2,training,29.976598639455784,0.01224489975720644,938.640625
85787,Rock,7,training,29.976598639455784,0.21909086406230927,938.0029296875
85788,Rock,7,training,29.976598639455784,0.2766295373439789,938.0029296875
85791,Rock,7,training,29.976598639455784,0.30208390951156616,938.001953125
85792,Rock,7,training,30.002721088435376,0.3354555070400238,938.818359375
85816,Rock,7,training,30.002721088435376,0.2428557425737381,939.3798828125
85817,Rock,7,training,30.002721088435376,0.21792557835578918,704.6826171875
85822,Electronic,0,training,29.976598639455784,0.13637468218803406,938.5673828125
85823,Electronic,0,training,30.002721088435376,0.22043056786060333,939.388671875
85828,Electronic,0,training,30.002721088435376,0.20562241971492767,939.408203125
85831,Electronic,0,training,30.002721088435376,0.12180986255407333,939.3984375
85832,Electronic,0,training,30.002721088435376,0.33238422870635986,939.3876953125
85833,Electronic,0,training,29.976598639455784,0.2959602475166321,938.5556640625
85834,Electronic,0,training,29.976598639455784,0.25794562697410583,938.5712890625
85835,Electronic,0,training,29.976598639455784,0.17423541843891144,938.5615234375
85836,Electronic,0,training,29.976598639455784,0.24490372836589813,938.5693359375
85837,Electronic,0,training,29.976598639455784,0.18938285112380981,938.5673828125
85838,Electronic,0,training,29.976598639455784,0.25749722123146057,938.5625
85839,Electronic,0,training,29.976598639455784,0.188744455575943,938.5615234375
85840,Electronic,0,training,29.976598639455784,0.17402440309524536,938.587890625
85950,Pop,6,training,29.976598639455784,0.18876416981220245,938.68359375
85951,Pop,6,training,30.002721088435376,0.24604135751724243,939.5361328125
85952,Pop,6,training,30.002721088435376,0.2756357192993164,939.5126953125
85953,Pop,6,training,30.002721088435376,0.2045208364725113,939.5068359375
85954,Pop,6,training,29.976598639455784,0.28325554728507996,938.7060546875
85955,Pop,6,training,30.002721088435376,0.30083349347114563,939.5185546875
85956,Pop,6,training,29.976598639455784,0.21374060213565826,938.7041015625
85957,Pop,6,training,29.976598639455784,0.3424534499645233,938.689453125
85963,Folk,2,training,30.002721088435376,0.07501388341188431,470.263671875
85966,Folk,2,training,29.976598639455784,0.08445971459150314,469.6962890625
85967,Folk,2,training,29.976598639455784,0.03051689825952053,469.794921875
85968,Folk,2,validation,30.002721088435376,0.15916484594345093,470.1220703125
85973,Folk,2,validation,29.976598639455784,0.14264950156211853,469.7177734375
86037,Instrumental,4,test,30.002721088435376,0.19879919290542603,704.7138671875
86038,Instrumental,4,test,29.976598639455784,0.1921788603067398,704.1865234375
86039,Instrumental,4,test,29.976598639455784,0.3261314332485199,704.0888671875
86040,Instrumental,4,test,29.976598639455784,0.08438526093959808,704.109375
86077,Experimental,1,validation,29.976598639455784,0.19061161577701569,1173.0810546875
86081,Experimental,1,validation,30.002721088435376,0.024097034707665443,1174.107421875
86082,Experimental,1,validation,30.002721088435376,0.1486760526895523,1174.0791015625
86116,Pop,6,test,30.002721088435376,0.190809428691864,1174.1171875
86117,Pop,6,test,29.976598639455784,0.21328452229499817,1173.1484375
86118,Pop,6,test,30.002721088435376,0.1805751919746399,1174.11328125
86119,Pop,6,test,30.002721088435376,0.17855770885944366,1174.14453125
86140,Experimental,1,training,29.976598639455784,0.06049426645040512,1172.232421875
86256,Experimental,1,test,29.976598639455784,0.09545772522687912,1173.142578125
86259,Experimental,1,training,29.976598639455784,0.10622882843017578,1173.0869140625
86262,Rock,7,validation,30.002721088435376,0.28154024481773376,923.2109375
86263,Rock,7,validation,29.976598639455784,0.32996949553489685,914.3525390625
86415,Hip-Hop,3,test,29.976598639455784,0.2212330847978592,1173.0927734375
86416,Hip-Hop,3,test,29.976598639455784,0.210590198636055,1173.0947265625
86417,Rock,7,training,29.976598639455784,0.08597054332494736,938.740234375
86419,Rock,7,training,29.976598639455784,0.12629948556423187,938.74609375
86441,Rock,7,training,29.976598639455784,0.20188575983047485,704.099609375
86443,Rock,7,training,29.976598639455784,0.20183023810386658,704.0859375
86481,Instrumental,4,training,29.976598639455784,0.04871988296508789,1172.98046875
86482,Instrumental,4,training,29.976598639455784,0.06707416474819183,1172.9619140625
86483,Instrumental,4,training,29.976598639455784,0.14496074616909027,1173.009765625
86484,Instrumental,4,training,29.976598639455784,0.10846763104200363,1172.9775390625
86485,Instrumental,4,training,29.976598639455784,0.058267660439014435,1172.98046875
86486,Instrumental,4,training,30.002721088435376,0.07837662100791931,1173.9892578125
86487,Instrumental,4,training,29.976598639455784,0.1124468594789505,1172.98828125
86562,Rock,7,training,29.976598639455784,0.052245769649744034,704.1142578125
86576,Experimental,1,training,29.976598639455784,0.044840238988399506,1172.125
86623,Folk,2,training,30.002721088435376,0.2869611084461212,1175.1220703125
86634,Pop,6,test,29.976598639455784,0.2242698222398758,1090.7294921875
86678,Hip-Hop,3,validation,29.976598639455784,0.22005508840084076,1173.046875
86679,Hip-Hop,3,validation,29.976598639455784,0.30342718958854675,1173.0810546875
86680,Hip-Hop,3,validation,29.976598639455784,0.3013165593147278,1173.0693359375
86720,Experimental,1,training,29.976598639455784,0.13982035219669342,586.908203125
86721,Experimental,1,training,30.002721088435376,0.04579310119152069,587.4140625
86724,Experimental,1,training,30.002721088435376,0.035971395671367645,587.4228515625
86725,Experimental,1,training,29.976598639455784,0.10683327168226242,586.9111328125
86730,Experimental,1,training,29.976598639455784,0.2088511884212494,586.9208984375
86761,Rock,7,training,30.002721088435376,0.266518235206604,1174.1796875
86762,Rock,7,training,29.976598639455784,0.26692020893096924,1173.1552734375
86763,Rock,7,training,29.976598639455784,0.2697065472602844,1173.173828125
86788,Rock,7,test,29.976598639455784,0.2892598807811737,1173.2177734375
86793,Electronic,0,training,29.976598639455784,0.10760916769504547,1173.125
86795,Rock,7,training,29.976598639455784,0.21270914375782013,1173.1103515625
86799,Rock,7,training,29.976598639455784,0.2723402976989746,1143.1494140625
86993,Rock,7,validation,30.002721088435376,0.21025988459587097,939.4990234375
87068,Electronic,0,training,29.976598639455784,0.19338084757328033,704.162109375
87069,Electronic,0,test,30.002721088435376,0.29383036494255066,704.8291015625
87070,Electronic,0,training,29.976598639455784,0.06833995878696442,704.1591796875
87096,Instrumental,4,training,30.002721088435376,0.04622218757867813,1174.060546875
87097,Instrumental,4,training,29.976598639455784,0.047523364424705505,1173.0390625
87098,Instrumental,4,training,29.976598639455784,0.05284462496638298,1173.0390625
87099,Instrumental,4,training,29.976598639455784,0.05430259183049202,1173.0390625
87100,Instrumental,4,training,30.002721088435376,0.07166210561990738,1174.0595703125
87101,Instrumental,4,training,30.002721088435376,0.037602730095386505,1174.0595703125
87102,Instrumental,4,training,29.976598639455784,0.046187661588191986,1173.0380859375
87103,Instrumental,4,training,29.976598639455784,0.05046038329601288,1173.0390625
87104,Instrumental,4,training,30.002721088435376,0.05115175247192383,1174.0595703125
87105,Instrumental,4,training,29.976598639455784,0.06525642424821854,1173.0390625
87106,Instrumental,4,training,30.002721088435376,0.0858721137046814,1174.0595703125
87107,Instrumental,4,training,29.976598639455784,0.06410453468561172,1173.0400390625
87108,Instrumental,4,training,29.976598639455784,0.07274789363145828,1173.0400390625
87121,Rock,7,training,30.002721088435376,0.14177270233631134,966.5185546875
87151,Rock,7,training,29.976598639455784,0.28210169076919556,1172.076171875
87152,Rock,7,training,29.976598639455784,0.2830992043018341,1172.052734375
87153,Rock,7,training,29.976598639455784,0.292531818151474,1172.072265625
87154,Rock,7,training,30.002721088435376,0.27626925706863403,1173.08203125
87155,Rock,7,training,29.976598639455784,0.2866469621658325,1172.08203125
87157,Electronic,0,training,29.976598639455784,0.3364056348800659,703.9306640625
87158,Electronic,0,training,30.002721088435376,0.3442360758781433,704.5107421875
87159,Electronic,0,training,30.002721088435376,0.28472498059272766,704.5048828125
87160,Electronic,0,training,30.002721088435376,0.3060678541660309,704.505859375
87161,Electronic,0,training,30.002721088435376,0.2820257544517517,704.4990234375
87185,Pop,6,training,30.002721088435376,0.3255031406879425,974.40234375
87186,Pop,6,training,29.976598639455784,0.35337725281715393,1003.04296875
87187,Pop,6,training,30.002721088435376,0.09282030910253525,615.6201171875
87188,Pop,6,training,29.976598639455784,0.23689521849155426,915.24609375
87189,Pop,6,training,30.002721088435376,0.11413600295782089,901.646484375
87190,Pop,6,training,29.976598639455784,0.3601599335670471,949.6298828125
87191,Pop,6,training,30.002721088435376,0.19132189452648163,881.818359375
87192,Pop,6,training,29.976598639455784,0.17189641296863556,885.9853515625
87193,Pop,6,training,29.976598639455784,0.17018185555934906,784.5849609375
87194,Pop,6,training,30.002721088435376,0.23347878456115723,1031.2822265625
87237,Electronic,0,training,29.976598639455784,0.26702624559402466,703.876953125
87322,Pop,6,training,30.002721088435376,0.13640402257442474,939.486328125
87323,Pop,6,training,30.002721088435376,0.1790449023246765,939.501953125
87324,Pop,6,training,29.976598639455784,0.24927878379821777,938.697265625
87325,Pop,6,training,29.976598639455784,0.21956752240657806,938.685546875
87361,Rock,7,training,30.002721088435376,0.19061508774757385,1174.158203125
87362,Rock,7,training,30.002721088435376,0.21963395178318024,1174.126953125
87363,Rock,7,training,29.976598639455784,0.12157536298036575,1173.1484375
87377,Electronic,0,training,29.988979591836735,0.16482067108154297,1173.19921875
87430,Rock,7,training,29.976598639455784,0.08481782674789429,938.708984375
87431,Rock,7,training,29.976598639455784,0.07208967953920364,938.6484375
87490,Rock,7,validation,29.976598639455784,0.1507646143436432,938.6123046875
87639,Electronic,0,training,29.976598639455784,0.4737512767314911,1173.1435546875
87641,Electronic,0,training,30.002721088435376,0.546175479888916,1174.146484375
87642,Electronic,0,training,30.002721088435376,0.28122478723526,1174.1650390625
87643,Electronic,0,training,30.002721088435376,0.5204403400421143,1174.158203125
87644,Electronic,0,training,30.002721088435376,0.4345599412918091,1174.1591796875
87645,Electronic,0,training,30.002721088435376,0.4799165427684784,1174.162109375
87965,Folk,2,validation,29.976598639455784,0.02988901548087597,937.65625
87966,Folk,2,validation,30.002721088435376,0.03751246631145477,938.478515625
87967,Folk,2,training,29.976598639455784,0.059765804558992386,937.6640625
87968,Folk,2,training,29.976598639455784,0.10809047520160675,937.666015625
87971,Folk,2,training,29.976598639455784,0.08863060176372528,937.6611328125
87972,Folk,2,validation,29.976598639455784,0.043017562478780746,937.6630859375
88428,Pop,6,training,29.976598639455784,0.22963784635066986,586.8388671875
88429,Pop,6,training,30.002721088435376,0.21713753044605255,587.341796875
88485,Experimental,1,validation,30.002721088435376,0.15279504656791687,1174.076171875
88486,Experimental,1,training,30.002721088435376,0.1375981718301773,1174.095703125
88846,Folk,2,training,30.002721088435376,0.2986692488193512,851.9052734375
88848,Folk,2,training,30.002721088435376,0.16611328721046448,704.2607421875
88854,Folk,2,training,29.976598639455784,0.23523658514022827,855.05859375
88856,Folk,2,training,29.976598639455784,0.3208744525909424,872.4970703125
88858,Folk,2,training,29.976598639455784,0.3501209616661072,815.818359375
88860,Folk,2,training,29.976598639455784,0.18734121322631836,708.6259765625
88861,Folk,2,training,30.002721088435376,0.16853709518909454,708.6611328125
88863,Folk,2,training,29.976598639455784,0.22632436454296112,787.4521484375
88864,Folk,2,training,29.976598639455784,0.24789029359817505,745.498046875
88867,Folk,2,training,29.976598639455784,0.21954245865345,753.763671875
88868,Folk,2,training,29.976598639455784,0.22634504735469818,753.0283203125
88869,Folk,2,training,29.976598639455784,0.1937989443540573,738.00390625
88870,Folk,2,training,29.976598639455784,0.17984463274478912,832.486328125
88871,Folk,2,training,29.976598639455784,0.18043474853038788,744.1953125
88872,Folk,2,training,30.002721088435376,0.14131508767604828,741.2431640625
88873,Folk,2,training,30.002721088435376,0.1685360223054886,708.3828125
88874,Folk,2,training,29.976598639455784,0.14695371687412262,707.04296875
88875,Folk,2,training,29.976598639455784,0.2013755887746811,704.275390625
88876,Folk,2,training,29.976598639455784,0.27085354924201965,870.783203125
88877,Folk,2,training,29.976598639455784,0.23534925282001495,748.173828125
88878,Folk,2,training,30.002721088435376,0.09399527311325073,699.955078125
88879,Folk,2,training,30.002721088435376,0.30301064252853394,872.0693359375
88892,Folk,2,training,29.976598639455784,0.27240899205207825,777.0771484375
88899,Rock,7,training,30.002721088435376,0.20775139331817627,1174.1669921875
88900,Rock,7,training,29.976598639455784,0.2044418603181839,1173.134765625
88959,Rock,7,training,30.002721088435376,0.338115930557251,1173.830078125
88960,Rock,7,training,30.002721088435376,0.24427667260169983,1174.79296875
89178,Hip-Hop,3,validation,29.976598639455784,0.39618948101997375,1172.8828125
89179,Hip-Hop,3,validation,30.002721088435376,0.28991028666496277,1173.9013671875
89192,Hip-Hop,3,validation,29.976598639455784,0.22042149305343628,1172.8828125
89195,Hip-Hop,3,validation,29.976598639455784,0.4187993109226227,1172.88671875
89196,Hip-Hop,3,validation,29.976598639455784,0.17025041580200195,1172.8857421875
89212,Experimental,1,training,29.988979591836735,0.046238306909799576,1173.4013671875
89350,Folk,2,training,30.002721088435376,0.13953925669193268,916.373046875
89376,Experimental,1,training,29.976598639455784,0.11773022264242172,1173.111328125
89441,Folk,2,training,29.976598639455784,0.16683755815029144,974.5966796875
89445,Hip-Hop,3,test,29.976598639455784,0.2832854688167572,1173.1220703125
89447,Hip-Hop,3,training,30.002721088435376,0.2610687017440796,1174.2265625
89456,Hip-Hop,3,training,30.002721088435376,0.2280043512582779,1174.1572265625
89473,Hip-Hop,3,training,29.976598639455784,0.22942663729190826,1173.1455078125
89474,Electronic,0,training,30.002721088435376,0.11113222688436508,1174.1787109375
89477,Folk,2,validation,29.976598639455784,0.2277667075395584,1173.1474609375
89482,Folk,2,training,30.002721088435376,0.20868217945098877,1174.185546875
89484,Folk,2,training,30.002721088435376,0.20095263421535492,1173.9853515625
89485,Folk,2,training,29.976598639455784,0.16409233212471008,1173.1640625
89486,Folk,2,training,29.976598639455784,0.2149677574634552,1172.93359375
89639,Electronic,0,training,29.976598639455784,0.19772370159626007,1172.0869140625
89704,Rock,7,training,29.976598639455784,0.22615928947925568,1172.0771484375
89814,Electronic,0,training,30.002721088435376,0.25411680340766907,1174.0732421875
89815,Electronic,0,training,29.976598639455784,0.19894394278526306,1173.0615234375
89816,Electronic,0,training,29.976598639455784,0.2853628098964691,1173.0546875
89817,Electronic,0,training,30.002721088435376,0.1703932136297226,1174.080078125
89841,Hip-Hop,3,training,30.002721088435376,0.39357149600982666,1174.1005859375
89843,Hip-Hop,3,training,30.002721088435376,0.39245814085006714,1173.65625
89846,Hip-Hop,3,training,29.976598639455784,0.3206106424331665,1172.6533203125
89847,Hip-Hop,3,training,29.976598639455784,0.3451717793941498,1172.64453125
89848,Hip-Hop,3,training,29.976598639455784,0.3460772931575775,1172.638671875
89857,Hip-Hop,3,training,29.976598639455784,0.2952680289745331,1172.6416015625
89859,Hip-Hop,3,training,29.976598639455784,0.3130894601345062,1172.6357421875
89860,Hip-Hop,3,training,30.002721088435376,0.2808517515659332,1173.6640625
89991,Experimental,1,training,29.976598639455784,0.13822275400161743,704.1025390625
89992,Experimental,1,training,30.002721088435376,0.2567485272884369,763.8330078125
90027,Experimental,1,training,29.976598639455784,0.06997229158878326,954.0986328125
90074,Electronic,0,training,30.002721088435376,0.41416752338409424,1174.158203125
90278,Experimental,1,training,30.002721088435376,0.007359321229159832,1174.10546875
90526,Instrumental,4,test,29.976598639455784,0.20792308449745178,1172.998046875
90527,Instrumental,4,test,30.002721088435376,0.15332458913326263,1174.0263671875
90529,Instrumental,4,test,29.976598639455784,0.16244108974933624,1172.998046875
90530,Instrumental,4,test,29.976598639455784,0.17096924781799316,1172.998046875
90570,Pop,6,training,29.976598639455784,0.17201416194438934,1173.0986328125
90579,Pop,6,training,29.976598639455784,0.14834557473659515,1173.072265625
90582,Pop,6,training,29.976598639455784,0.22395963966846466,1173.0654296875
90583,Pop,6,training,29.976598639455784,0.18892675638198853,1173.10546875
90587,Pop,6,training,30.002721088435376,0.11384303122758865,1174.12890625
90589,Pop,6,training,30.002721088435376,0.22231203317642212,1174.1123046875
90590,Pop,6,training,30.002721088435376,0.17488880455493927,1174.0908203125
90591,Pop,6,training,29.976598639455784,0.23469986021518707,1173.08203125
90592,Pop,6,training,29.976598639455784,0.22989825904369354,1173.0908203125
90616,Instrumental,4,test,30.002721088435376,0.19929665327072144,1174.017578125
90617,Instrumental,4,test,29.976598639455784,0.1710570603609085,1173.0
90618,Instrumental,4,test,29.976598639455784,0.1490086168050766,1172.9970703125
90625,Folk,2,training,29.976598639455784,0.26682907342910767,703.515625
90639,Rock,7,training,30.002721088435376,0.14281247556209564,880.9931640625
90652,Rock,7,training,29.976598639455784,0.13119207322597504,1173.6875
90695,Rock,7,training,29.976598639455784,0.33395642042160034,704.037109375
90804,Experimental,1,training,30.002721088435376,0.042008064687252045,1174.173828125
90824,Pop,6,training,30.002721088435376,0.05655290186405182,470.1181640625
90826,Pop,6,training,29.976598639455784,0.12031766772270203,469.7158203125
90828,Pop,6,training,30.002721088435376,0.05991971865296364,470.1220703125
90982,Hip-Hop,3,training,29.976598639455784,0.2639215886592865,1173.142578125
90987,Hip-Hop,3,training,30.002721088435376,0.2417151927947998,1174.18359375
90993,Hip-Hop,3,training,30.002721088435376,0.168319433927536,1174.142578125
91081,Electronic,0,training,30.002721088435376,0.2727879583835602,939.31640625
91082,Electronic,0,training,29.976598639455784,0.31857702136039734,938.5009765625
91083,Electronic,0,training,30.002721088435376,0.1795928031206131,939.3125
91084,Electronic,0,training,29.976598639455784,0.23328246176242828,938.501953125
91085,Electronic,0,training,29.976598639455784,0.14403292536735535,938.5009765625
91086,Electronic,0,training,29.976598639455784,0.17011485993862152,938.4912109375
91087,Electronic,0,training,30.002721088435376,0.19550560414791107,939.30859375
91088,Electronic,0,training,29.976598639455784,0.21806631982326508,938.5107421875
91089,Electronic,0,training,30.002721088435376,0.1932893544435501,939.3154296875
91092,Rock,7,training,29.976598639455784,0.10373324155807495,469.580078125
91093,Rock,7,training,29.976598639455784,0.09836061298847198,469.59765625
91098,Folk,2,training,29.976598639455784,0.08897839486598969,469.60546875
91102,Folk,2,training,29.976598639455784,0.10587715357542038,469.623046875
91130,Experimental,1,training,30.002721088435376,0.1011730507016182,704.826171875
91157,Pop,6,training,29.976598639455784,0.17488732933998108,1172.888671875
91158,Pop,6,training,30.002721088435376,0.14900392293930054,1173.9287109375
91159,Pop,6,training,30.002721088435376,0.1568077653646469,1173.91015625
91160,Pop,6,training,30.002721088435376,0.18020984530448914,1174.0927734375
91161,Pop,6,training,30.002721088435376,0.1252337396144867,1174.08984375
91162,Pop,6,training,29.976598639455784,0.3700021505355835,1172.8876953125
91163,Pop,6,training,29.976598639455784,0.310009628534317,1172.8916015625
91164,Pop,6,training,30.002721088435376,0.3622108995914459,1173.900390625
91170,Folk,2,validation,29.976598639455784,0.21183383464813232,866.009765625
91177,International,5,training,29.976598639455784,0.09134340286254883,525.3798828125
91178,International,5,training,30.002721088435376,0.13839249312877655,499.6357421875
91179,International,5,training,29.976598639455784,0.08396806567907333,503.2939453125
91181,International,5,training,30.002721088435376,0.12693393230438232,497.564453125
91182,International,5,training,30.002721088435376,0.13838672637939453,481.2900390625
91183,International,5,training,29.976598639455784,0.0926022157073021,533.5068359375
91184,International,5,training,29.976598639455784,0.13051684200763702,497.5546875
91185,International,5,training,29.976598639455784,0.17340239882469177,477.205078125
91186,International,5,training,29.976598639455784,0.12959255278110504,482.666015625
91187,International,5,training,29.976598639455784,0.08046434819698334,505.3232421875
91205,Rock,7,training,30.002721088435376,0.2521337866783142,1173.58984375
91228,Folk,2,training,29.976598639455784,0.13306070864200592,846.751953125
91238,Folk,2,training,29.976598639455784,0.1839604675769806,899.3095703125
91306,Hip-Hop,3,training,30.002721088435376,0.2096424549818039,1174.0390625
91309,Hip-Hop,3,training,30.002721088435376,0.2407974749803543,1174.0302734375
91312,Hip-Hop,3,training,29.976598639455784,0.20030128955841064,1173.01171875
91315,Hip-Hop,3,training,29.976598639455784,0.17914527654647827,1173.0478515625
91317,Hip-Hop,3,training,29.976598639455784,0.1913679838180542,1173.048828125
91318,Hip-Hop,3,training,29.976598639455784,0.10368400067090988,1173.046875
91319,Hip-Hop,3,training,30.002721088435376,0.17929808795452118,1174.0576171875
91329,Rock,7,training,29.976598639455784,0.15664641559123993,1173.19140625
91349,Pop,6,training,29.976598639455784,0.06288441270589828,468.4169921875
91443,Folk,2,training,30.002721088435376,0.07899324595928192,939.5400390625
91455,Rock,7,training,29.976598639455784,0.11483043432235718,631.845703125
91458,Rock,7,training,29.976598639455784,0.1456536203622818,683.3916015625
91459,Rock,7,training,29.976598639455784,0.12423313409090042,582.4365234375
91468,Pop,6,test,29.976598639455784,0.13228760659694672,1173.162109375
91471,Pop,6,test,29.976598639455784,0.23938728868961334,1173.173828125
91619,Electronic,0,training,30.002721088435376,0.5433314442634583,1173.7880859375
91620,Electronic,0,training,29.976598639455784,0.6124362349510193,1172.748046875
91621,Electronic,0,training,29.976598639455784,0.592618465423584,1172.7666015625
91622,Electronic,0,training,29.976598639455784,0.5104480385780334,1172.7568359375
91623,Electronic,0,training,29.976598639455784,0.26762068271636963,1173.0458984375
91624,Electronic,0,training,29.976598639455784,0.6665405035018921,1173.0888671875
91625,Electronic,0,training,29.976598639455784,0.5332812070846558,1172.7431640625
91755,Electronic,0,training,29.976598639455784,0.3244805634021759,703.869140625
91788,Folk,2,training,30.002721088435376,0.037434011697769165,938.3330078125
91790,Folk,2,training,29.976598639455784,0.09477726370096207,937.6005859375
91791,Folk,2,training,30.002721088435376,0.0630558431148529,938.3369140625
91793,Folk,2,training,30.002721088435376,0.10476186871528625,938.4072265625
91796,Folk,2,training,29.976598639455784,0.09938649833202362,937.6142578125
91797,Folk,2,training,29.976598639455784,0.061299826949834824,937.60546875
91851,Rock,7,training,29.976598639455784,0.16715767979621887,1173.1328125
91868,Rock,7,training,29.988979591836735,0.4804643988609314,704.361328125
91869,Rock,7,training,29.988979591836735,0.42003750801086426,704.3310546875
91894,Experimental,1,training,30.002721088435376,0.31256404519081116,1174.068359375
91897,Experimental,1,training,30.002721088435376,0.24639156460762024,1174.0673828125
91899,Experimental,1,training,29.976598639455784,0.0927075445652008,1173.0654296875
91900,Experimental,1,training,29.976598639455784,0.12050051242113113,1173.0576171875
91933,Folk,2,training,30.002721088435376,0.07941393554210663,470.150390625
91934,Folk,2,training,29.976598639455784,0.0746707022190094,469.728515625
91936,Folk,2,training,30.002721088435376,0.12133043259382248,470.15234375
91937,Folk,2,training,29.976598639455784,0.08426903188228607,469.7353515625
91938,Folk,2,training,29.976598639455784,0.07707227021455765,469.7412109375
91958,Folk,2,training,30.002721088435376,0.2250370979309082,939.44140625
91960,International,5,training,30.002721088435376,0.1947759985923767,939.4599609375
92124,Pop,6,training,29.976598639455784,0.15240958333015442,1173.09765625
92125,Pop,6,training,29.976598639455784,0.21025842428207397,1172.84765625
92129,Pop,6,training,29.976598639455784,0.16776350140571594,1172.83984375
92130,Pop,6,training,30.002721088435376,0.18483008444309235,1173.853515625
92131,Pop,6,training,30.002721088435376,0.16800366342067719,1173.8486328125
92206,International,5,training,30.002721088435376,0.15255150198936462,939.4150390625
92275,Electronic,0,training,30.002721088435376,0.13256634771823883,711.7080078125
92282,Electronic,0,training,30.002721088435376,0.17583629488945007,746.779296875
92283,Electronic,0,training,30.002721088435376,0.1423494964838028,767.7509765625
92284,Electronic,0,training,29.976598639455784,0.17469656467437744,782.935546875
92292,Folk,2,training,30.002721088435376,0.1526576280593872,939.193359375
92366,Electronic,0,test,30.002721088435376,0.10786193609237671,736.8642578125
92466,Electronic,0,training,30.002721088435376,0.2368028312921524,1174.1259765625
92508,Rock,7,training,30.002721088435376,0.19315479695796967,703.783203125
92535,Folk,2,training,30.002721088435376,0.31167879700660706,470.142578125
92536,Folk,2,training,29.976598639455784,0.23696447908878326,469.73828125
92538,Folk,2,training,29.976598639455784,0.2810007333755493,469.7431640625
92539,Folk,2,training,30.002721088435376,0.2660292387008667,470.138671875
92540,Folk,2,training,30.002721088435376,0.21355582773685455,470.140625
92546,Electronic,0,training,29.976598639455784,0.3029596507549286,938.54296875
92548,Electronic,0,training,30.002721088435376,0.0611846037209034,939.4267578125
92549,Electronic,0,validation,30.002721088435376,0.23180048167705536,939.37890625
92551,Electronic,0,training,29.976598639455784,0.2965121865272522,938.541015625
92554,Electronic,0,training,30.002721088435376,0.2961435317993164,939.341796875
92556,Electronic,0,training,29.976598639455784,0.22088490426540375,938.580078125
92561,Electronic,0,training,30.002721088435376,0.21529214084148407,939.3935546875
92562,Electronic,0,training,30.002721088435376,0.2384546548128128,939.3916015625
92564,Electronic,0,training,30.002721088435376,0.2907090187072754,939.3486328125
92565,Experimental,1,training,29.976598639455784,0.03721175715327263,1173.0341796875
92573,Experimental,1,training,29.976598639455784,0.03144216164946556,1173.0390625
92574,Experimental,1,training,29.976598639455784,0.039367254823446274,1173.0537109375
92868,Rock,7,training,29.976598639455784,0.2768966853618622,1173.001953125
92872,Experimental,1,training,30.002721088435376,0.14425581693649292,913.830078125
92873,Experimental,1,training,29.976598639455784,0.0870124101638794,745.2177734375
92874,Experimental,1,training,29.976598639455784,0.15054090321063995,808.3515625
92878,Experimental,1,training,29.976598639455784,0.05355945974588394,787.3037109375
92881,Experimental,1,training,29.976598639455784,0.09997045993804932,871.9111328125
92885,Experimental,1,training,29.976598639455784,0.0753176212310791,836.9208984375
92886,Experimental,1,training,29.976598639455784,0.0832148864865303,715.9462890625
92887,Experimental,1,training,29.976598639455784,0.07776288688182831,888.3115234375
92888,Experimental,1,training,30.002721088435376,0.06880820542573929,833.10546875
92889,Experimental,1,training,30.002721088435376,0.07623977214097977,907.9150390625
92947,Instrumental,4,training,29.976598639455784,0.12202771753072739,1173.052734375
92948,Instrumental,4,training,30.002721088435376,0.0599929578602314,1174.072265625
92949,Instrumental,4,training,30.002721088435376,0.16259975731372833,1174.0732421875
92950,Instrumental,4,training,29.976598639455784,0.12447626143693924,1173.052734375
92951,Instrumental,4,training,30.002721088435376,0.06864278018474579,1174.0732421875
92952,Instrumental,4,training,29.976598639455784,0.1468537598848343,1173.06640625
92953,Instrumental,4,training,30.002721088435376,0.13564445078372955,1174.0849609375
92954,Instrumental,4,training,29.976598639455784,0.1531393676996231,1173.0546875
92955,Instrumental,4,training,30.002721088435376,0.11548146605491638,1174.0751953125
93074,Folk,2,validation,29.976598639455784,0.23636235296726227,703.12890625
93075,Folk,2,validation,29.976598639455784,0.16664943099021912,703.142578125
93076,Folk,2,validation,29.976598639455784,0.1398037225008011,703.1611328125
93363,Electronic,0,training,29.976598639455784,0.20783062279224396,1173.10546875
93364,Electronic,0,training,29.976598639455784,0.06739626079797745,1173.095703125
93518,Electronic,0,test,29.976598639455784,0.15683148801326752,411.0068359375
93519,Electronic,0,test,30.002721088435376,0.1507704257965088,411.3642578125
93520,Electronic,0,test,29.976598639455784,0.15513084828853607,411.0068359375
93521,Electronic,0,test,30.002721088435376,0.16079409420490265,411.3642578125
93522,Electronic,0,test,30.002721088435376,0.15323850512504578,411.3642578125
93523,Electronic,0,test,30.002721088435376,0.1515008956193924,411.36328125
93704,Folk,2,training,30.002721088435376,0.24341006577014923,470.158203125
93710,Folk,2,training,30.002721088435376,0.17718303203582764,470.1494140625
93712,Folk,2,training,29.976598639455784,0.14437256753444672,469.7412109375
93716,Folk,2,training,30.002721088435376,0.24290831387043,470.1494140625
93727,Electronic,0,training,29.976598639455784,0.276120126247406,1172.884765625
93867,Rock,7,training,29.988979591836735,0.20912198722362518,1173.328125
93868,Rock,7,training,29.988979591836735,0.20480217039585114,1173.4404296875
93915,Instrumental,4,training,29.976598639455784,0.04183979704976082,1173.05859375
93917,Instrumental,4,training,29.976598639455784,0.16511379182338715,1173.029296875
93918,Instrumental,4,training,29.976598639455784,0.14556235074996948,1173.04296875
93919,Instrumental,4,training,29.976598639455784,0.15776850283145905,1173.033203125
93920,Instrumental,4,training,29.976598639455784,0.049983829259872437,1173.0361328125
93921,Instrumental,4,training,29.976598639455784,0.0664246529340744,1173.0380859375
93940,Electronic,0,training,29.976598639455784,0.10873360931873322,937.529296875
93941,Electronic,0,training,30.002721088435376,0.03268278390169144,938.3427734375
93942,Pop,6,training,29.976598639455784,0.21832875907421112,1173.0703125
93943,Pop,6,training,29.976598639455784,0.09531061351299286,1173.04296875
93944,Pop,6,training,30.002721088435376,0.16889145970344543,1174.0693359375
93950,Rock,7,validation,29.976598639455784,0.3379925787448883,938.541015625
93956,Rock,7,validation,29.976598639455784,0.25633183121681213,938.5400390625
93981,International,5,training,30.002721088435376,0.2661217153072357,939.427734375
93983,Rock,7,validation,30.002721088435376,0.6084912419319153,470.0341796875
93985,Rock,7,validation,30.002721088435376,0.5694742202758789,470.0712890625
93986,Rock,7,validation,30.002721088435376,0.47668296098709106,470.0771484375
94026,Rock,7,training,29.976598639455784,0.2905667722225189,469.669921875
94033,Instrumental,4,training,29.976598639455784,0.26657915115356445,586.6337890625
94034,Instrumental,4,training,30.002721088435376,0.2093992531299591,587.138671875
94035,Instrumental,4,training,30.002721088435376,0.24693715572357178,587.126953125
94036,Instrumental,4,training,30.002721088435376,0.23803327977657318,469.7705078125
94037,Instrumental,4,training,29.976598639455784,0.1479807049036026,586.6123046875
94038,Instrumental,4,training,29.976598639455784,0.25947442650794983,586.6064453125
94039,Instrumental,4,training,29.976598639455784,0.2688199281692505,586.6259765625
94093,Rock,7,test,29.976598639455784,0.16253235936164856,1173.0810546875
94099,Rock,7,test,30.002721088435376,0.17420755326747894,1174.7470703125
94101,Rock,7,test,29.976598639455784,0.06698667258024216,1173.1025390625
94102,Rock,7,test,30.002721088435376,0.11292027682065964,1175.287109375
94263,Electronic,0,training,30.002721088435376,0.12737829983234406,1174.1416015625
94348,Rock,7,training,30.002721088435376,0.31087255477905273,1174.1298828125
94411,Electronic,0,training,29.976598639455784,0.22392380237579346,1173.0283203125
94414,Electronic,0,training,30.002721088435376,0.20478563010692596,1174.0546875
94415,Electronic,0,training,29.976598639455784,0.19782377779483795,1173.029296875
94419,Rock,7,training,30.002721088435376,0.20958438515663147,1174.1826171875
94422,Folk,2,training,29.976598639455784,0.24792537093162537,1173.12890625
94423,Pop,6,training,30.002721088435376,0.20481736958026886,1174.181640625
94426,Hip-Hop,3,training,29.976598639455784,0.22202809154987335,1173.111328125
94449,Hip-Hop,3,training,29.976598639455784,0.03941848874092102,1173.1357421875
94465,Hip-Hop,3,training,29.976598639455784,0.2969988286495209,1173.1416015625
94467,Hip-Hop,3,training,30.002721088435376,0.13547900319099426,1174.3291015625
94468,Hip-Hop,3,training,30.002721088435376,0.3240301311016083,1174.2109375
94628,Pop,6,training,29.976598639455784,0.08111514151096344,469.640625
94630,Pop,6,training,30.002721088435376,0.12392988055944443,470.0029296875
94631,Pop,6,training,30.002721088435376,0.0707298070192337,470.041015625
94632,Pop,6,training,29.976598639455784,0.07557658106088638,469.6591796875
94634,Pop,6,training,29.976598639455784,0.11616209149360657,469.626953125
94635,Pop,6,training,29.976598639455784,0.11847060918807983,469.603515625
94638,Pop,6,training,29.976598639455784,0.14095282554626465,469.6328125
94803,Electronic,0,test,29.976598639455784,0.1718645840883255,704.0380859375
95189,Experimental,1,training,29.976598639455784,0.12320248782634735,1173.0107421875
95231,Rock,7,training,29.976598639455784,0.25694379210472107,1173.0751953125
95248,Rock,7,training,30.002721088435376,0.29539522528648376,470.1025390625
95249,Rock,7,training,29.976598639455784,0.2755652666091919,469.72265625
95250,Rock,7,training,29.976598639455784,0.28427988290786743,469.7197265625
95251,Rock,7,training,30.002721088435376,0.2624855041503906,470.1337890625
95308,Rock,7,training,29.976598639455784,0.12498786300420761,938.6103515625
95309,Rock,7,training,29.976598639455784,0.1424713283777237,938.6083984375
95310,Rock,7,training,29.976598639455784,0.10496129840612411,938.6181640625
95452,Instrumental,4,training,29.976598639455784,0.11284293979406357,1173.06640625
95486,Pop,6,test,30.002721088435376,0.24533399939537048,1174.1279296875
95506,Rock,7,training,29.976598639455784,0.23873190581798553,469.7529296875
95535,Rock,7,test,29.976598639455784,0.1819406896829605,1174.517578125
95564,Experimental,1,training,29.976598639455784,0.2467019259929657,704.2529296875
95722,Instrumental,4,training,30.002721088435376,0.1919393539428711,703.669921875
95724,Instrumental,4,training,29.976598639455784,0.22290892899036407,703.072265625
95725,Instrumental,4,training,30.002721088435376,0.21628352999687195,703.6552734375
95726,Instrumental,4,training,30.002721088435376,0.1889437437057495,703.6630859375
95727,Instrumental,4,training,29.976598639455784,0.24345743656158447,703.0537109375
95908,Hip-Hop,3,training,29.976598639455784,0.2871834635734558,821.1396484375
95910,Hip-Hop,3,training,29.976598639455784,0.20378869771957397,586.6416015625
95911,Hip-Hop,3,training,29.976598639455784,0.409237265586853,821.1435546875
95912,Hip-Hop,3,training,29.976598639455784,0.2474503219127655,821.1318359375
95914,Hip-Hop,3,training,30.002721088435376,0.3389894962310791,587.162109375
95915,Hip-Hop,3,training,29.976598639455784,0.4869508743286133,703.9130859375
96166,International,5,training,30.002721088435376,0.06000655144453049,703.732421875
96167,International,5,training,29.976598639455784,0.04117877781391144,703.1357421875
96168,International,5,training,30.002721088435376,0.026940761134028435,703.75390625
96169,International,5,training,29.976598639455784,0.055324189364910126,703.10546875
96399,Rock,7,training,30.002721088435376,0.2533785402774811,939.404296875
96400,Rock,7,training,29.976598639455784,0.2010294795036316,938.580078125
96401,Rock,7,training,29.976598639455784,0.23043286800384521,938.5712890625
96402,Rock,7,training,29.976598639455784,0.21166443824768066,938.5595703125
96403,Rock,7,training,30.002721088435376,0.23442697525024414,939.39453125
96408,Rock,7,training,30.002721088435376,0.2978305220603943,470.03515625
96560,Rock,7,validation,30.002721088435376,0.2410968691110611,1174.16796875
96627,Experimental,1,training,29.976598639455784,0.0665985718369484,1172.125
96657,Hip-Hop,3,training,30.002721088435376,0.33808448910713196,1174.0869140625
96675,Hip-Hop,3,training,29.976598639455784,0.33470046520233154,1173.01171875
96678,Hip-Hop,3,training,29.976598639455784,0.22885499894618988,1173.1494140625
96692,Folk,2,training,29.976598639455784,0.09165672957897186,703.08984375
96693,Folk,2,training,30.002721088435376,0.1079876571893692,703.701171875
96694,Folk,2,training,29.976598639455784,0.10573482513427734,703.091796875
96695,Folk,2,training,29.976598639455784,0.11364990472793579,703.10546875
96696,Folk,2,training,29.976598639455784,0.10278459638357162,703.08984375
96697,Folk,2,training,30.002721088435376,0.0898398756980896,703.701171875
96698,Folk,2,training,29.976598639455784,0.07800379395484924,703.1015625
96699,Folk,2,training,29.976598639455784,0.05553848668932915,703.0712890625
96718,Rock,7,training,30.002721088435376,0.23976679146289825,470.1240234375
96726,Folk,2,training,29.976598639455784,0.055612046271562576,703.099609375
96728,Folk,2,training,29.976598639455784,0.06243792548775673,703.130859375
96729,Folk,2,training,29.976598639455784,0.07298585027456284,703.1298828125
96730,Folk,2,training,29.976598639455784,0.06078092008829117,703.119140625
96731,Folk,2,training,30.002721088435376,0.07472927868366241,703.72265625
96738,International,5,validation,29.976598639455784,0.1561853438615799,469.7392578125
96742,International,5,validation,29.976598639455784,0.21493594348430634,469.7275390625
96743,International,5,validation,29.976598639455784,0.2342572957277298,469.740234375
96759,Rock,7,validation,29.988979591836735,0.17279408872127533,469.88671875
96898,Experimental,1,training,29.976598639455784,0.23381435871124268,1172.07421875
96900,Experimental,1,training,29.976598639455784,0.6625394821166992,1172.078125
96901,Experimental,1,training,29.976598639455784,0.5073434114456177,1172.080078125
96902,Experimental,1,training,30.002721088435376,0.3455134332180023,1173.1240234375
96935,Rock,7,training,29.976598639455784,0.2983584702014923,1173.10546875
96936,Rock,7,training,29.976598639455784,0.2341545969247818,1173.1064453125
96944,Pop,6,training,29.976598639455784,0.18715044856071472,1173.083984375
96945,Pop,6,training,29.976598639455784,0.2734508216381073,1173.205078125
96946,Pop,6,training,29.976598639455784,0.20853833854198456,1173.095703125
97037,Hip-Hop,3,training,30.002721088435376,0.27482861280441284,1174.212890625
97041,Hip-Hop,3,training,30.002721088435376,0.297976553440094,708.2626953125
97043,Hip-Hop,3,training,30.002721088435376,0.3609332740306854,1068.03125
97211,Folk,2,training,29.976598639455784,0.06655696779489517,703.1064453125
97215,Folk,2,training,30.002721088435376,0.08480650931596756,703.7294921875
97216,Folk,2,training,30.002721088435376,0.09591911733150482,703.7421875
97279,Instrumental,4,training,29.976598639455784,0.07351404428482056,1173.1259765625
97283,Instrumental,4,training,29.976598639455784,0.044609252363443375,1173.103515625
97285,Instrumental,4,training,29.976598639455784,0.0505937784910202,1173.0966796875
97286,Rock,7,test,30.002721088435376,0.33423370122909546,1174.18359375
97373,Experimental,1,training,29.976598639455784,0.07202649861574173,1173.1103515625
97374,Experimental,1,training,29.976598639455784,0.273053914308548,1173.0927734375
97393,Electronic,0,training,29.976598639455784,0.10561379790306091,938.591796875
97404,Electronic,0,training,30.002721088435376,0.07738394290208817,939.44140625
97406,Experimental,1,training,29.976598639455784,0.33682313561439514,1173.0927734375
97407,Experimental,1,training,29.976598639455784,0.17714418470859528,1173.0986328125
97424,Electronic,0,training,30.002721088435376,0.13164731860160828,1174.052734375
97540,Electronic,0,training,30.002721088435376,0.1580146700143814,900.931640625
97542,Electronic,0,training,29.976598639455784,0.1275830715894699,879.8681640625
97544,Electronic,0,training,29.976598639455784,0.1980481892824173,848.1455078125
97545,Electronic,0,training,30.002721088435376,0.15598808228969574,794.6865234375
97547,Electronic,0,training,30.002721088435376,0.26280590891838074,1174.11328125
97548,Electronic,0,training,29.976598639455784,0.2532140016555786,1173.1328125
97568,Hip-Hop,3,training,30.002721088435376,0.23458603024482727,703.751953125
97569,Hip-Hop,3,training,29.976598639455784,0.1370203047990799,703.158203125
97570,Hip-Hop,3,training,29.976598639455784,0.1667378842830658,703.115234375
97585,Folk,2,training,29.976598639455784,0.24907024204730988,703.1435546875
97586,Folk,2,training,30.002721088435376,0.2524036765098572,703.7451171875
97587,Folk,2,training,30.002721088435376,0.22713983058929443,703.7607421875
97588,Folk,2,training,29.976598639455784,0.1372602880001068,703.1552734375
97589,Folk,2,training,30.002721088435376,0.15500399470329285,703.7548828125
97590,Folk,2,training,29.976598639455784,0.19353856146335602,703.15234375
97690,Rock,7,training,30.002721088435376,0.3723713755607605,1174.1044921875
97691,Hip-Hop,3,training,29.976598639455784,0.3051452040672302,852.8798828125
97692,Hip-Hop,3,training,29.976598639455784,0.16042070090770721,885.755859375
97697,Hip-Hop,3,training,30.002721088435376,0.21270804107189178,802.310546875
97793,Experimental,1,training,29.976598639455784,0.07180878520011902,938.548828125
97794,Experimental,1,training,30.002721088435376,0.09648726880550385,939.4072265625
97813,Experimental,1,training,30.002721088435376,0.284990131855011,939.37890625
97814,Experimental,1,training,29.976598639455784,0.10954718291759491,938.55859375
97841,Experimental,1,training,30.002721088435376,0.23369403183460236,1174.1083984375
97844,Electronic,0,training,30.002721088435376,0.2950240671634674,1174.0908203125
97845,Electronic,0,training,29.976598639455784,0.22852711379528046,1173.083984375
97846,Electronic,0,training,29.976598639455784,0.45271557569503784,1173.076171875
97847,Electronic,0,training,30.002721088435376,0.2280491292476654,1174.0986328125
97848,Electronic,0,training,29.976598639455784,0.3102400302886963,1173.0830078125
97886,Rock,7,training,29.976598639455784,0.2701846659183502,703.13671875
97887,Rock,7,training,29.976598639455784,0.2785974144935608,702.9931640625
97894,Rock,7,training,30.002721088435376,0.2816885709762573,1173.0966796875
97940,Electronic,0,training,30.002721088435376,0.1319921314716339,1174.0537109375
97958,Electronic,0,training,30.002721088435376,0.04277140274643898,703.6064453125
97959,Electronic,0,training,29.976598639455784,0.055349063128232956,703.0029296875
97960,Electronic,0,training,30.002721088435376,0.1100040003657341,703.6064453125
97961,Electronic,0,training,30.002721088435376,0.04329615458846092,703.6171875
97962,Electronic,0,training,29.976598639455784,0.028645262122154236,702.9970703125
97980,Hip-Hop,3,training,30.002721088435376,0.24847206473350525,1174.078125
97986,Hip-Hop,3,training,29.976598639455784,0.13917332887649536,1173.095703125
97987,Hip-Hop,3,training,29.976598639455784,0.058911677449941635,1173.1376953125
97988,Hip-Hop,3,training,30.002721088435376,0.19917631149291992,1174.109375
97989,Hip-Hop,3,training,30.002721088435376,0.03208119794726372,1174.1484375
98025,Rock,7,validation,29.976598639455784,0.11987752467393875,702.8984375
98026,International,5,validation,29.976598639455784,0.08836045116186142,703.0166015625
98028,International,5,validation,30.002721088435376,0.047780223190784454,703.6279296875
98031,International,5,validation,30.002721088435376,0.0644703060388565,703.6298828125
98077,Rock,7,test,30.002721088435376,0.27762719988822937,1174.263671875
98202,Electronic,0,training,30.002721088435376,0.18371760845184326,704.6875
98203,Electronic,0,training,29.976598639455784,0.289408802986145,704.08203125
98204,Electronic,0,training,29.976598639455784,0.19858437776565552,704.0771484375
98205,Electronic,0,training,29.976598639455784,0.24571493268013,704.0576171875
98206,Electronic,0,training,30.002721088435376,0.3395041525363922,704.6728515625
98227,Electronic,0,training,30.002721088435376,0.13360410928726196,1174.0576171875
98228,Electronic,0,training,29.976598639455784,0.11434783041477203,1173.041015625
98229,Experimental,1,validation,29.976598639455784,0.1193726658821106,1173.0126953125
98235,Instrumental,4,training,30.002721088435376,0.16340430080890656,1174.1552734375
98236,Instrumental,4,training,29.988979591836735,0.21787892282009125,1173.4912109375
98237,Instrumental,4,training,30.002721088435376,0.20991642773151398,1174.1376953125
98238,Instrumental,4,training,29.976598639455784,0.26544925570487976,1173.150390625
98251,Rock,7,training,30.002721088435376,0.3423537015914917,1174.0693359375
98297,Rock,7,training,30.002721088435376,0.18211160600185394,470.029296875
98298,International,5,test,30.002721088435376,0.0702822208404541,703.47265625
98299,International,5,test,29.976598639455784,0.0723675936460495,702.8642578125
98300,International,5,test,30.002721088435376,0.0878944993019104,703.4658203125
98301,International,5,test,29.976598639455784,0.10159261524677277,702.8525390625
98302,International,5,test,30.002721088435376,0.11123374104499817,703.470703125
98339,International,5,training,30.002721088435376,0.09285049885511398,703.4736328125
98346,International,5,test,30.002721088435376,0.2410443127155304,703.677734375
98348,International,5,test,29.976598639455784,0.25425174832344055,703.06640625
98349,International,5,test,29.976598639455784,0.19416895508766174,703.078125
98547,Hip-Hop,3,validation,30.002721088435376,0.14992189407348633,704.7421875
98548,Hip-Hop,3,validation,29.976598639455784,0.2910493314266205,704.1259765625
98549,Hip-Hop,3,validation,29.988979591836735,0.32849550247192383,704.35546875
98550,Hip-Hop,3,validation,29.976598639455784,0.28077733516693115,704.1259765625
98551,Hip-Hop,3,validation,30.002721088435376,0.2605433762073517,704.7578125
98552,Hip-Hop,3,validation,29.976598639455784,0.26569435000419617,704.138671875
98553,Hip-Hop,3,validation,29.976598639455784,0.22598537802696228,704.12890625
98554,Hip-Hop,3,validation,30.002721088435376,0.2733732759952545,704.751953125
98555,Hip-Hop,3,validation,29.976598639455784,0.23081420361995697,704.142578125
98556,Hip-Hop,3,validation,30.002721088435376,0.26657915115356445,704.740234375
98557,Hip-Hop,3,validation,30.002721088435376,0.38288649916648865,704.7724609375
98573,Hip-Hop,3,training,30.002721088435376,0.36391744017601013,1173.1884765625
98574,Hip-Hop,3,training,30.002721088435376,0.29971301555633545,1173.1953125
98575,Hip-Hop,3,training,30.002721088435376,0.16266067326068878,1173.228515625
98576,Hip-Hop,3,training,29.976598639455784,0.18450330197811127,1172.1767578125
98577,Hip-Hop,3,training,30.002721088435376,0.2686483860015869,1173.18359375
98578,Hip-Hop,3,training,29.976598639455784,0.23591385781764984,1172.16796875
98579,Hip-Hop,3,training,30.002721088435376,0.3126010298728943,1174.2265625
98580,Hip-Hop,3,training,29.976598639455784,0.25743117928504944,1172.1630859375
98581,Hip-Hop,3,training,29.976598639455784,0.1677742302417755,1172.16796875
98582,Hip-Hop,3,training,30.002721088435376,0.187799870967865,1173.185546875
98583,Hip-Hop,3,training,29.976598639455784,0.22250491380691528,1172.16015625
98584,Hip-Hop,3,training,30.002721088435376,0.20731370151042938,1173.1767578125
98585,Hip-Hop,3,training,30.002721088435376,0.29407697916030884,1173.212890625
98613,Hip-Hop,3,training,29.976598639455784,0.29869040846824646,907.6171875
98617,Hip-Hop,3,training,30.002721088435376,0.30924782156944275,1064.1953125
98618,Hip-Hop,3,training,29.976598639455784,0.08108697086572647,866.40234375
98619,Hip-Hop,3,training,30.002721088435376,0.32415828108787537,1071.61328125
98620,Hip-Hop,3,training,29.976598639455784,0.23597808182239532,993.6357421875
98621,Hip-Hop,3,training,29.976598639455784,0.15883579850196838,974.4716796875
98622,Hip-Hop,3,training,29.976598639455784,0.30479106307029724,957.2548828125
98623,Hip-Hop,3,training,30.002721088435376,0.32324934005737305,973.8603515625
98624,Hip-Hop,3,training,30.002721088435376,0.29347190260887146,1029.2978515625
98625,Hip-Hop,3,training,29.976598639455784,0.31043124198913574,979.263671875
98626,Hip-Hop,3,training,29.976598639455784,0.29871177673339844,915.775390625
98627,Hip-Hop,3,training,29.976598639455784,0.3449859917163849,996.0478515625
98628,Hip-Hop,3,training,30.002721088435376,0.3327234983444214,998.216796875
98655,International,5,validation,30.002721088435376,0.03374066948890686,703.521484375
98656,International,5,validation,30.002721088435376,0.0608643963932991,703.4970703125
98657,International,5,validation,29.976598639455784,0.041981764137744904,702.8876953125
98666,International,5,validation,29.976598639455784,0.1089685931801796,703.015625
98667,International,5,validation,29.976598639455784,0.30785638093948364,703.1142578125
98668,International,5,validation,30.002721088435376,0.24987466633319855,703.75390625
98669,International,5,validation,29.976598639455784,0.26190418004989624,703.125
98670,International,5,validation,29.976598639455784,0.1894235461950302,703.150390625
98671,International,5,validation,30.002721088435376,0.236789733171463,703.74609375
98680,International,5,training,29.976598639455784,0.0676279366016388,702.9248046875
98681,International,5,training,29.976598639455784,0.06578604131937027,702.9521484375
98701,Rock,7,training,29.988979591836735,0.33858034014701843,1173.482421875
98770,Electronic,0,training,29.976598639455784,0.09098909795284271,1173.0439453125
98838,Electronic,0,training,29.988979591836735,0.08625403791666031,1173.1884765625
99041,Electronic,0,training,30.002721088435376,0.2459080070257187,1174.1240234375
99093,Hip-Hop,3,test,30.002721088435376,0.17999352514743805,1174.0869140625
99095,Hip-Hop,3,test,30.002721088435376,0.20901024341583252,1174.0341796875
99096,Hip-Hop,3,test,29.976598639455784,0.18564434349536896,1173.0185546875
99135,Electronic,0,training,30.002721088435376,0.2666395306587219,703.69140625
99214,Experimental,1,training,30.002721088435376,0.11069588363170624,1174.0888671875
99260,Rock,7,training,29.976598639455784,0.2864193618297577,711.5009765625
99261,Electronic,0,training,29.976598639455784,0.12440917640924454,1173.0439453125
99274,Experimental,1,training,29.976598639455784,0.044450998306274414,1172.8505859375
99311,Electronic,0,training,29.976598639455784,0.2556111514568329,1173.10546875
99313,Electronic,0,training,29.976598639455784,0.2716540992259979,1173.109375
99345,Rock,7,training,30.002721088435376,0.312904953956604,1174.15234375
99361,International,5,training,29.976598639455784,0.15881790220737457,703.005859375
99362,International,5,training,30.002721088435376,0.06372228264808655,703.62109375
99363,International,5,training,30.002721088435376,0.08402069658041,703.623046875
99364,International,5,training,30.002721088435376,0.09323448687791824,703.634765625
99368,International,5,training,30.002721088435376,0.05126233398914337,703.7216796875
99369,International,5,training,29.976598639455784,0.08135256171226501,703.1103515625
99370,International,5,training,29.976598639455784,0.038211945444345474,703.1240234375
99371,International,5,training,30.002721088435376,0.03793710097670555,703.7412109375
99372,International,5,training,30.002721088435376,0.14947955310344696,703.7236328125
99373,International,5,training,30.002721088435376,0.07419004291296005,703.7451171875
99374,International,5,training,29.976598639455784,0.13820482790470123,703.1201171875
99375,International,5,training,29.976598639455784,0.054992325603961945,703.119140625
99389,International,5,training,30.002721088435376,0.06768220663070679,703.6806640625
99390,International,5,training,30.002721088435376,0.06191735714673996,703.6728515625
99391,International,5,training,29.976598639455784,0.0670308768749237,703.0615234375
99392,International,5,training,29.976598639455784,0.09011013805866241,703.0693359375
99393,International,5,training,30.002721088435376,0.11141504347324371,703.6708984375
99394,International,5,training,30.002721088435376,0.09491321444511414,703.6767578125
99395,International,5,training,30.002721088435376,0.10315167903900146,703.669921875
99411,Rock,7,training,29.976598639455784,0.24569477140903473,703.099609375
99419,Rock,7,training,30.002721088435376,0.20496980845928192,703.724609375
99436,Rock,7,training,30.002721088435376,0.29116490483283997,703.7744140625
99437,Rock,7,training,29.976598639455784,0.24452091753482819,703.1650390625
99438,Rock,7,training,30.002721088435376,0.28692030906677246,703.7666015625
99439,Rock,7,training,29.976598639455784,0.2706727683544159,703.1572265625
99440,Rock,7,training,30.002721088435376,0.3010503947734833,703.7705078125
99441,Rock,7,training,29.976598639455784,0.2747037708759308,703.1513671875
99442,Rock,7,training,30.002721088435376,0.28944820165634155,703.7607421875
99501,Hip-Hop,3,training,30.002721088435376,0.241282120347023,1174.111328125
99703,Electronic,0,training,30.002721088435376,0.16984815895557404,1173.9716796875
99704,Electronic,0,training,30.002721088435376,0.32482677698135376,1173.982421875
99707,Electronic,0,training,30.002721088435376,0.3289358615875244,1173.9775390625
100478,Hip-Hop,3,training,29.976598639455784,0.25759437680244446,1173.109375
100479,Hip-Hop,3,training,30.002721088435376,0.21689987182617188,1174.15234375
100480,Hip-Hop,3,training,29.976598639455784,0.28097692131996155,1173.1279296875
100497,Electronic,0,training,29.976598639455784,0.19390282034873962,1173.0576171875
100522,Electronic,0,validation,30.002721088435376,0.16938652098178864,704.732421875
100535,Electronic,0,training,29.976598639455784,0.14459964632987976,1172.1201171875
100536,Electronic,0,training,29.976598639455784,0.21018825471401215,1172.1083984375
100544,Electronic,0,training,30.002721088435376,0.1308339387178421,468.9619140625
100549,Electronic,0,training,29.976598639455784,0.3160911202430725,468.556640625
100550,Electronic,0,training,30.002721088435376,0.0837356224656105,469.013671875
100552,Electronic,0,training,30.002721088435376,0.13397277891635895,468.9814453125
100745,Electronic,0,training,29.976598639455784,0.03311192989349365,1172.8740234375
100799,Rock,7,training,29.976598639455784,0.28146472573280334,1173.0380859375
100802,Rock,7,training,30.002721088435376,0.3046778738498688,1174.0400390625
100835,Electronic,0,training,30.002721088435376,0.40425774455070496,704.7470703125
100949,Hip-Hop,3,training,29.976598639455784,0.24879683554172516,1173.0185546875
100958,Hip-Hop,3,training,29.976598639455784,0.2434040606021881,1173.0107421875
100959,Hip-Hop,3,training,29.976598639455784,0.22960397601127625,1173.005859375
100972,Electronic,0,training,30.002721088435376,0.3453931510448456,1174.10546875
100973,Electronic,0,training,29.976598639455784,0.3946140706539154,1173.0810546875
100975,Electronic,0,training,29.976598639455784,0.24317297339439392,1173.0751953125
100976,Electronic,0,training,30.002721088435376,0.20821000635623932,1174.111328125
101111,International,5,training,29.976598639455784,0.2613549828529358,703.1689453125
101112,International,5,training,30.002721088435376,0.3167913556098938,703.7919921875
101116,International,5,training,29.976598639455784,0.32502564787864685,703.1826171875
101118,International,5,training,29.976598639455784,0.3224305808544159,703.1982421875
101119,International,5,training,29.976598639455784,0.3500405550003052,703.1787109375
101864,Experimental,1,training,30.002721088435376,0.09774824231863022,1174.09765625
101868,Experimental,1,training,29.976598639455784,0.09660113602876663,1173.0625
101873,Experimental,1,training,29.976598639455784,0.02196253277361393,1173.09765625
101893,Experimental,1,training,29.976598639455784,0.05824979394674301,1172.8046875
101951,Rock,7,test,30.002721088435376,0.2210434228181839,703.681640625
102092,Experimental,1,training,29.976598639455784,0.08887781947851181,1173.1298828125
102112,Experimental,1,validation,29.976598639455784,0.06476878374814987,1173.1376953125
102114,Experimental,1,validation,29.976598639455784,0.19320347905158997,1173.1279296875
102195,Rock,7,training,30.002721088435376,0.23857788741588593,1173.8876953125
103518,Instrumental,4,test,29.988979591836735,0.2579565942287445,938.947265625
103519,Instrumental,4,test,29.988979591836735,0.20149843394756317,938.943359375
103520,Instrumental,4,test,29.988979591836735,0.19646988809108734,938.939453125
103521,Instrumental,4,test,29.988979591836735,0.24390192329883575,938.94140625
103522,Instrumental,4,test,29.976598639455784,0.19920149445533752,938.6396484375
103523,Instrumental,4,test,30.002721088435376,0.2513570785522461,939.46875
103600,Electronic,0,training,30.002721088435376,0.22214435040950775,1174.0615234375
103800,Hip-Hop,3,training,29.976598639455784,0.24597316980361938,1172.982421875
103808,Hip-Hop,3,training,29.976598639455784,0.2627016603946686,1173.037109375
104008,Folk,2,training,29.988979591836735,0.17031730711460114,1173.4208984375
104009,Folk,2,training,29.988979591836735,0.24152164161205292,1173.4111328125
104010,Folk,2,training,29.988979591836735,0.12829643487930298,1173.40625
104062,Rock,7,training,29.976598639455784,0.15557119250297546,704.130859375
104063,Rock,7,training,30.002721088435376,0.10480807721614838,704.7490234375
104064,Pop,6,training,30.002721088435376,0.24439939856529236,703.51953125
104065,Pop,6,training,30.002721088435376,0.11954037100076675,703.525390625
104066,Pop,6,training,29.976598639455784,0.2803548574447632,702.935546875
104067,Pop,6,training,30.002721088435376,0.22980095446109772,703.51953125
104068,Pop,6,training,29.976598639455784,0.24254614114761353,702.90234375
104086,Rock,7,training,30.002721088435376,0.2587718367576599,703.7041015625
104227,Rock,7,validation,29.976598639455784,0.26518696546554565,586.8837890625
104276,Electronic,0,training,30.002721088435376,0.3505295217037201,1174.150390625
104277,Electronic,0,training,30.002721088435376,0.3358672559261322,1174.16015625
104278,Electronic,0,training,30.002721088435376,0.0630541741847992,1174.138671875
104279,Electronic,0,training,30.002721088435376,0.2850677967071533,1174.162109375
104282,Electronic,0,training,29.976598639455784,0.324532687664032,469.6650390625
104283,Electronic,0,training,29.976598639455784,0.32077568769454956,469.6689453125
104284,Electronic,0,training,29.976598639455784,0.25864699482917786,469.6611328125
104356,Folk,2,training,30.002721088435376,0.2790389060974121,703.7041015625
104357,Folk,2,training,29.976598639455784,0.34315022826194763,703.1103515625
104434,Experimental,1,test,30.002721088435376,0.16687946021556854,1174.01171875
104625,Experimental,1,training,29.976598639455784,0.13625217974185944,1173.1005859375
104668,Rock,7,validation,30.002721088435376,0.22659701108932495,1174.03125
104724,Experimental,1,training,29.976598639455784,0.06112327054142952,1172.0703125
104725,Experimental,1,training,30.002721088435376,0.07540695369243622,1173.060546875
104779,Pop,6,validation,30.002721088435376,0.13241153955459595,1174.0576171875
104780,Pop,6,validation,30.002721088435376,0.13345716893672943,1174.0888671875
105022,Experimental,1,training,29.976598639455784,0.07313954830169678,938.2216796875
105119,Rock,7,training,29.976598639455784,0.22804521024227142,703.0966796875
105141,Rock,7,test,29.976598639455784,0.24521391093730927,1173.1455078125
105142,Rock,7,training,29.976598639455784,0.25882482528686523,1173.224609375
105144,Rock,7,test,29.976598639455784,0.1899295449256897,1173.220703125
105145,Rock,7,training,29.976598639455784,0.15069708228111267,1173.203125
105196,Folk,2,training,30.002721088435376,0.014485939405858517,587.4521484375
105408,Electronic,0,training,30.002721088435376,0.22519224882125854,1174.2490234375
105411,Electronic,0,training,30.002721088435376,0.17127738893032074,1174.2451171875
105412,Electronic,0,training,29.976598639455784,0.28824934363365173,1173.220703125
105413,Electronic,0,training,30.002721088435376,0.24686279892921448,1174.2470703125
105414,Electronic,0,training,29.976598639455784,0.2550181746482849,1173.212890625
105443,Hip-Hop,3,training,30.002721088435376,0.2431837022304535,1174.037109375
105450,Hip-Hop,3,training,30.002721088435376,0.11493360996246338,1174.115234375
105451,Hip-Hop,3,training,29.976598639455784,0.28482261300086975,1173.021484375
105662,Electronic,0,training,30.002721088435376,0.22371849417686462,775.580078125
105664,Electronic,0,training,29.976598639455784,0.20068278908729553,741.18359375
105670,Electronic,0,training,30.002721088435376,0.23018071055412292,748.646484375
105671,Electronic,0,training,30.002721088435376,0.21066825091838837,748.7294921875
105672,Electronic,0,training,29.976598639455784,0.1934538334608078,713.3076171875
105673,Electronic,0,training,29.976598639455784,0.15276838839054108,718.865234375
105674,Electronic,0,training,29.976598639455784,0.17015564441680908,738.099609375
105682,Rock,7,training,29.976598639455784,0.20328427851200104,1171.880859375
105683,Hip-Hop,3,training,30.002721088435376,0.07351191341876984,703.6884765625
105685,Hip-Hop,3,training,30.002721088435376,0.03239172324538231,703.73046875
105712,Folk,2,training,29.976598639455784,0.16123010218143463,703.1064453125
105713,Folk,2,training,29.976598639455784,0.15031906962394714,703.1083984375
105714,Folk,2,training,29.976598639455784,0.22725090384483337,703.1396484375
105715,Folk,2,training,29.976598639455784,0.2477302849292755,703.1162109375
105716,Folk,2,training,29.976598639455784,0.23360423743724823,703.11328125
105717,Folk,2,training,30.002721088435376,0.11060035228729248,703.7265625
105718,Folk,2,training,29.976598639455784,0.17924758791923523,703.1279296875
105719,Experimental,1,training,30.002721088435376,0.23555980622768402,1174.1494140625
105720,Experimental,1,training,30.002721088435376,0.1074555516242981,1174.1318359375
105722,Experimental,1,training,30.002721088435376,0.22353878617286682,1174.1416015625
105824,Hip-Hop,3,training,30.002721088435376,0.20030052959918976,468.9375
105825,Hip-Hop,3,training,29.976598639455784,0.1787470132112503,468.5244140625
105826,Hip-Hop,3,training,30.002721088435376,0.26154467463493347,469.03125
105827,Hip-Hop,3,training,30.002721088435376,0.1919328272342682,468.958984375
105887,Folk,2,training,29.976598639455784,0.0925198420882225,703.0380859375
105890,Folk,2,training,29.976598639455784,0.15881961584091187,703.0537109375
105912,Rock,7,training,30.002721088435376,0.24733078479766846,703.6484375
105914,Folk,2,training,30.002721088435376,0.18473714590072632,703.6357421875
105915,Folk,2,training,30.002721088435376,0.2034578174352646,703.640625
105916,Folk,2,training,29.976598639455784,0.11973950266838074,703.0126953125
105917,Folk,2,training,29.976598639455784,0.1883556991815567,703.03515625
105918,Folk,2,training,29.976598639455784,0.19168305397033691,703.0263671875
105919,Folk,2,training,30.002721088435376,0.21631190180778503,703.6376953125
105920,Folk,2,training,30.002721088435376,0.24946826696395874,703.6513671875
106274,Rock,7,training,30.002721088435376,0.10267744213342667,704.734375
106277,Rock,7,training,30.002721088435376,0.09037994593381882,704.7275390625
106339,Folk,2,training,29.976598639455784,0.1440715193748474,703.078125
106342,Folk,2,training,30.002721088435376,0.0853983461856842,703.685546875
106343,Folk,2,training,29.976598639455784,0.16035476326942444,703.083984375
106456,Folk,2,training,29.976598639455784,0.09284107387065887,1172.0634765625
106457,Folk,2,training,29.976598639455784,0.2163478136062622,468.4990234375
106458,Folk,2,training,30.002721088435376,0.5032604932785034,468.9091796875
106463,Rock,7,training,29.976598639455784,0.3352292478084564,703.9970703125
106465,Rock,7,training,30.002721088435376,0.34834223985671997,704.5927734375
106502,Instrumental,4,training,29.976598639455784,0.07550487667322159,704.0419921875
106522,Experimental,1,training,29.976598639455784,0.07113918662071228,469.59765625
106562,Rock,7,training,30.002721088435376,0.19664503633975983,470.0283203125
106563,Rock,7,training,30.002721088435376,0.14989806711673737,470.0556640625
106564,Rock,7,training,30.002721088435376,0.1641300618648529,470.03515625
106566,Rock,7,training,30.002721088435376,0.2268332690000534,470.0283203125
106567,Rock,7,training,30.002721088435376,0.1640818566083908,470.0419921875
106568,Rock,7,training,30.002721088435376,0.16519278287887573,470.0400390625
106569,Rock,7,training,30.002721088435376,0.1181175634264946,470.0517578125
106570,Rock,7,training,29.976598639455784,0.11860823631286621,469.6357421875
106571,Rock,7,training,29.976598639455784,0.11361593008041382,469.6328125
106629,Instrumental,4,test,30.002721088435376,0.2533699572086334,595.013671875
106872,Rock,7,test,29.976598639455784,0.14199301600456238,994.494140625
106876,Rock,7,test,29.976598639455784,0.13808120787143707,936.0625
106877,Rock,7,test,29.976598639455784,0.13673922419548035,975.95703125
106937,Folk,2,training,29.976598639455784,0.056764256209135056,703.0400390625
106948,Rock,7,validation,29.976598639455784,0.10950285196304321,703.095703125
106951,Rock,7,validation,29.976598639455784,0.2167646288871765,703.072265625
106952,Rock,7,validation,29.976598639455784,0.3193608522415161,703.07421875
106953,Rock,7,training,29.976598639455784,0.12191897630691528,702.9375
106954,Rock,7,training,30.002721088435376,0.1463780403137207,703.5703125
106955,Rock,7,training,29.976598639455784,0.12841422855854034,702.93359375
106956,Rock,7,training,30.002721088435376,0.11939036101102829,703.560546875
107020,Hip-Hop,3,training,30.002721088435376,0.20383688807487488,963.5615234375
107021,Hip-Hop,3,training,29.976598639455784,0.11845818907022476,920.5009765625
107025,Hip-Hop,3,training,30.002721088435376,0.2121869921684265,977.6962890625
107027,Hip-Hop,3,training,30.002721088435376,0.14125949144363403,996.8369140625
107028,Hip-Hop,3,training,29.976598639455784,0.16431261599063873,995.013671875
107029,Hip-Hop,3,training,29.976598639455784,0.2548084557056427,1085.130859375
107030,Hip-Hop,3,training,29.976598639455784,0.2046337127685547,1001.126953125
107031,Hip-Hop,3,training,29.976598639455784,0.1570313274860382,1003.9033203125
107046,Pop,6,validation,29.976598639455784,0.27089065313339233,1173.048828125
107047,Pop,6,validation,30.002721088435376,0.1778918206691742,1174.0712890625
107048,Pop,6,validation,29.976598639455784,0.2774791419506073,1173.052734375
107049,Pop,6,validation,29.976598639455784,0.15372827649116516,1173.064453125
107050,Pop,6,validation,30.002721088435376,0.10715053230524063,1174.0830078125
107101,Rock,7,training,29.988979591836735,0.3266630470752716,1173.4736328125
107125,Electronic,0,training,29.976598639455784,0.1307380348443985,1173.1337890625
107126,Electronic,0,training,29.976598639455784,0.1923007220029831,1173.1416015625
107127,Electronic,0,training,29.976598639455784,0.20303025841712952,1173.1376953125
107128,Electronic,0,training,29.976598639455784,0.17483317852020264,1173.14453125
107129,Electronic,0,training,30.002721088435376,0.08936510980129242,1174.138671875
107178,International,5,training,29.976598639455784,0.3623989224433899,1173.1953125
107179,International,5,training,30.002721088435376,0.37551966309547424,1174.2685546875
107180,International,5,training,29.976598639455784,0.37457019090652466,1173.1884765625
107181,International,5,training,29.976598639455784,0.3202405571937561,1173.185546875
107182,International,5,training,29.976598639455784,0.4534464478492737,1173.26953125
107183,International,5,training,29.976598639455784,0.3862760066986084,1173.212890625
107184,International,5,training,30.002721088435376,0.41893455386161804,1174.212890625
107185,International,5,training,30.002721088435376,0.4201269745826721,1174.2451171875
107186,International,5,training,29.976598639455784,0.32748985290527344,1173.2021484375
107187,International,5,training,29.976598639455784,0.4056318998336792,1173.1787109375
107188,International,5,training,29.976598639455784,0.33922630548477173,1173.1845703125
107189,International,5,training,29.976598639455784,0.36308202147483826,1173.1884765625
107248,International,5,training,30.002721088435376,0.17776605486869812,703.7041015625
107249,International,5,training,30.002721088435376,0.16955627501010895,703.6982421875
107250,International,5,training,29.976598639455784,0.14948415756225586,703.1201171875
107251,International,5,training,29.976598639455784,0.17087189853191376,703.0947265625
107256,International,5,training,30.002721088435376,0.13469833135604858,703.7158203125
107257,International,5,training,29.976598639455784,0.17778082191944122,703.0908203125
107388,Rock,7,training,30.002721088435376,0.19301550090312958,1064.9697265625
107389,Rock,7,training,29.976598639455784,0.10286948084831238,978.7548828125
107390,Rock,7,training,30.002721088435376,0.24502462148666382,947.47265625
107391,Rock,7,training,29.976598639455784,0.30349215865135193,1022.853515625
107425,Electronic,0,training,30.002721088435376,0.320609450340271,1174.1083984375
107426,Electronic,0,training,30.002721088435376,0.17118684947490692,1174.107421875
107427,Electronic,0,training,29.976598639455784,0.1391456425189972,1173.0654296875
107429,Electronic,0,training,29.976598639455784,0.0717785581946373,1172.9931640625
107432,Electronic,0,training,30.002721088435376,0.10077746957540512,1174.025390625
107433,Electronic,0,training,29.976598639455784,0.18900182843208313,1173.060546875
107434,Electronic,0,training,30.002721088435376,0.24722695350646973,1174.0595703125
107435,Electronic,0,training,30.002721088435376,0.12556418776512146,1174.140625
107476,Rock,7,training,29.976598639455784,0.2849237024784088,1004.0703125
107506,Rock,7,training,29.976598639455784,0.28349027037620544,954.732421875
107531,Instrumental,4,training,29.976598639455784,0.05640128254890442,704.0869140625
107532,Instrumental,4,training,29.976598639455784,0.09381893277168274,704.0869140625
107533,Instrumental,4,training,30.002721088435376,0.04553767293691635,704.7080078125
107534,Instrumental,4,training,30.002721088435376,0.04309040680527687,704.7646484375
107567,Folk,2,training,29.976598639455784,0.19328460097312927,703.1435546875
107569,Folk,2,training,30.002721088435376,0.1717628389596939,835.1083984375
107571,Folk,2,training,29.976598639455784,0.20609794557094574,857.697265625
107574,Folk,2,training,30.002721088435376,0.17491674423217773,849.591796875
107577,Folk,2,training,29.976598639455784,0.21684186160564423,849.6533203125
107578,Folk,2,training,29.976598639455784,0.2055807262659073,854.1826171875
107579,Folk,2,training,29.976598639455784,0.06119829788804054,810.9521484375
107583,Folk,2,training,30.002721088435376,0.03501224145293236,869.3369140625
107584,Folk,2,training,30.002721088435376,0.1760323941707611,869.1650390625
107588,Folk,2,training,30.002721088435376,0.0938330888748169,838.37890625
107589,Folk,2,training,29.976598639455784,0.05292484536767006,838.759765625
107590,Folk,2,training,29.976598639455784,0.038300469517707825,793.845703125
107591,Folk,2,training,29.976598639455784,0.11596730351448059,813.9501953125
107592,Folk,2,training,29.976598639455784,0.1995668113231659,846.427734375
107593,Folk,2,training,29.976598639455784,0.15543659031391144,853.123046875
107594,Folk,2,training,29.976598639455784,0.1324678361415863,835.1748046875
107595,Folk,2,training,29.976598639455784,0.1311948597431183,901.7490234375
107596,Folk,2,training,30.002721088435376,0.18864744901657104,835.7978515625
107597,Folk,2,training,30.002721088435376,0.13139130175113678,819.0380859375
107598,Folk,2,training,29.976598639455784,0.21291984617710114,967.6171875
107613,Electronic,0,training,29.976598639455784,0.13857713341712952,903.3828125
107616,Electronic,0,training,29.976598639455784,0.251268208026886,1063.2841796875
107617,Electronic,0,training,30.002721088435376,0.29396092891693115,999.494140625
107659,Rock,7,training,30.002721088435376,0.29313066601753235,470.0205078125
107799,Rock,7,training,29.976598639455784,0.21176263689994812,1173.1591796875
107804,Electronic,0,training,29.976598639455784,0.20782078802585602,1173.2021484375
107805,Rock,7,training,30.002721088435376,0.2467673122882843,1174.125
107809,Hip-Hop,3,training,30.002721088435376,0.18557314574718475,1174.0537109375
107810,Pop,6,training,30.002721088435376,0.19580166041851044,1174.109375
107850,Hip-Hop,3,training,29.976598639455784,0.20428510010242462,1173.0625
107851,Folk,2,training,30.002721088435376,0.1616009920835495,1174.0126953125
107852,Folk,2,training,30.002721088435376,0.20141388475894928,1174.0224609375
107908,Electronic,0,training,30.002721088435376,0.1201886460185051,704.7626953125
107909,Electronic,0,validation,30.002721088435376,0.10032845288515091,704.740234375
107910,Electronic,0,validation,29.976598639455784,0.13876602053642273,704.1083984375
107911,Electronic,0,validation,29.976598639455784,0.1285567581653595,704.138671875
107912,Electronic,0,validation,30.002721088435376,0.06615739315748215,704.7294921875
107913,Electronic,0,validation,29.976598639455784,0.05561819300055504,704.1279296875
107949,International,5,training,29.976598639455784,0.27479323744773865,1173.09375
107950,International,5,training,30.002721088435376,0.31281593441963196,1174.1162109375
107951,International,5,training,30.002721088435376,0.3270205557346344,1174.1279296875
107952,International,5,training,29.976598639455784,0.29553771018981934,1173.091796875
107953,International,5,training,29.976598639455784,0.2574661076068878,1173.095703125
107954,International,5,training,29.976598639455784,0.3095942437648773,1173.0810546875
107955,International,5,training,29.976598639455784,0.31749728322029114,1173.080078125
107956,International,5,training,30.002721088435376,0.3031091094017029,1174.1103515625
107957,International,5,training,30.002721088435376,0.26569098234176636,1174.1064453125
108012,Folk,2,training,29.976598639455784,0.22962211072444916,1173.166015625
108014,Folk,2,training,30.002721088435376,0.2282312661409378,1174.1279296875
108015,Folk,2,training,30.002721088435376,0.23779259622097015,1174.140625
108016,Folk,2,training,29.976598639455784,0.14669637382030487,1173.1708984375
108017,Instrumental,4,training,30.002721088435376,0.06930197775363922,1174.0322265625
108018,Instrumental,4,training,29.976598639455784,0.08506389707326889,1173.0185546875
108019,Instrumental,4,training,29.976598639455784,0.07207010686397552,1173.0078125
108020,Instrumental,4,training,29.976598639455784,0.03482017666101456,1173.0244140625
108021,Instrumental,4,training,30.002721088435376,0.0511314831674099,1174.03515625
108022,Instrumental,4,training,30.002721088435376,0.05824941769242287,1174.04296875
108023,Instrumental,4,training,29.976598639455784,0.10474241524934769,1173.0224609375
108024,Instrumental,4,training,30.002721088435376,0.03718337044119835,1174.0546875
108025,Instrumental,4,training,29.976598639455784,0.05035240948200226,1173.0087890625
108026,Instrumental,4,training,30.002721088435376,0.041034482419490814,1174.05078125
108027,Instrumental,4,training,29.976598639455784,0.0928955152630806,1173.056640625
108031,Rock,7,training,29.976598639455784,0.22669614851474762,989.8740234375
108036,Rock,7,training,29.976598639455784,0.19843794405460358,961.94921875
108037,Rock,7,training,30.002721088435376,0.2679857015609741,1174.0625
108038,Rock,7,training,29.976598639455784,0.28141915798187256,1173.0322265625
108049,Experimental,1,training,30.002721088435376,0.16297022998332977,1174.099609375
108050,Experimental,1,training,30.002721088435376,0.17479680478572845,1174.1064453125
108059,Experimental,1,training,29.976598639455784,0.07885091006755829,1173.0947265625
108060,Experimental,1,training,30.002721088435376,0.0840698629617691,470.046875
108079,Rock,7,validation,30.002721088435376,0.28301700949668884,1175.1494140625
108155,Rock,7,training,29.976598639455784,0.33112823963165283,1173.0830078125
108230,Electronic,0,training,30.002721088435376,0.33409583568573,1174.0546875
108290,Rock,7,training,29.976598639455784,0.2445477992296219,1173.1171875
108297,Rock,7,training,29.976598639455784,0.26155513525009155,1173.0947265625
108298,Rock,7,training,29.976598639455784,0.2750116288661957,1173.1025390625
108299,Folk,2,training,30.002721088435376,0.07685717195272446,1174.1162109375
108300,Folk,2,training,29.976598639455784,0.11850503832101822,1173.1083984375
108301,Folk,2,training,29.976598639455784,0.21321240067481995,1173.099609375
108302,Folk,2,training,30.002721088435376,0.1867823749780655,1174.1259765625
108303,Folk,2,training,29.976598639455784,0.21809053421020508,1173.1015625
108304,Folk,2,training,29.976598639455784,0.12340430170297623,1173.1708984375
108305,Folk,2,training,30.002721088435376,0.11218410730361938,1174.1259765625
108306,Folk,2,training,29.976598639455784,0.16403040289878845,1173.1181640625
108307,Folk,2,training,30.002721088435376,0.21074683964252472,1174.13671875
108308,Folk,2,training,29.976598639455784,0.11936190724372864,1173.0966796875
108313,Experimental,1,training,29.976598639455784,0.07032538205385208,1011.431640625
108314,Experimental,1,training,30.002721088435376,0.11591687798500061,857.4912109375
108318,Experimental,1,training,29.976598639455784,0.08351167291402817,1171.427734375
108319,Experimental,1,training,29.976598639455784,0.07949008047580719,861.2451171875
108339,Electronic,0,validation,30.002721088435376,0.1997755914926529,1174.1123046875
108341,Electronic,0,validation,29.976598639455784,0.2757895588874817,1173.087890625
108342,Electronic,0,validation,30.002721088435376,0.1583000272512436,1174.1044921875
108343,Electronic,0,training,29.976598639455784,0.18949539959430695,1173.1396484375
108415,Electronic,0,training,29.976598639455784,0.16938021779060364,1173.068359375
108416,Electronic,0,training,30.002721088435376,0.21721243858337402,1174.0888671875
108418,Electronic,0,training,29.976598639455784,0.08737929910421371,1173.06640625
108420,Electronic,0,training,29.976598639455784,0.15558122098445892,1173.06640625
108421,Electronic,0,training,29.976598639455784,0.15768203139305115,1173.1015625
108422,Electronic,0,training,30.002721088435376,0.17917431890964508,1174.0869140625
108423,Electronic,0,training,30.002721088435376,0.18672189116477966,1174.1015625
108425,Pop,6,training,29.976598639455784,0.2620956599712372,1173.1455078125
108426,Pop,6,training,30.002721088435376,0.18718938529491425,1174.1767578125
108427,Pop,6,training,30.002721088435376,0.2043950855731964,1174.171875
108428,Pop,6,training,29.976598639455784,0.15594050288200378,1173.1572265625
108429,Pop,6,training,29.976598639455784,0.18195605278015137,1173.1630859375
108456,Pop,6,test,29.976598639455784,0.17456313967704773,1173.5498046875
108457,Pop,6,test,30.002721088435376,0.2686980366706848,1174.99609375
108459,Pop,6,test,29.976598639455784,0.2397642433643341,1173.583984375
108460,Pop,6,test,29.976598639455784,0.2646885812282562,1174.4287109375
108461,Pop,6,test,30.002721088435376,0.24045264720916748,1174.203125
108464,Electronic,0,training,29.976598639455784,0.11719360202550888,1173.0361328125
108471,Instrumental,4,training,30.002721088435376,0.10399337857961655,1174.0654296875
108472,Instrumental,4,training,30.002721088435376,0.12411317229270935,1174.068359375
108473,Instrumental,4,training,29.976598639455784,0.04630493000149727,1173.0517578125
108474,Instrumental,4,training,29.976598639455784,0.1407807171344757,1173.05078125
108475,Instrumental,4,training,30.002721088435376,0.14357565343379974,1174.0751953125
108476,Instrumental,4,training,29.976598639455784,0.05519314482808113,1173.044921875
108477,Instrumental,4,training,29.976598639455784,0.19175241887569427,1173.04296875
108478,Instrumental,4,training,30.002721088435376,0.06428299099206924,1174.0673828125
108487,Hip-Hop,3,training,29.988979591836735,0.23606489598751068,1173.513671875
108488,Hip-Hop,3,training,29.988979591836735,0.21273250877857208,1173.5634765625
108489,Hip-Hop,3,training,29.988979591836735,0.22350750863552094,1173.4912109375
108490,Hip-Hop,3,training,29.988979591836735,0.24330578744411469,1173.5087890625
108491,Hip-Hop,3,training,29.988979591836735,0.2019655853509903,1173.4833984375
108492,Hip-Hop,3,training,29.988979591836735,0.17598068714141846,1173.4853515625
108493,Hip-Hop,3,test,29.988979591836735,0.18034899234771729,1173.5380859375
108494,Hip-Hop,3,training,29.988979591836735,0.24691428244113922,1173.5771484375
108495,Hip-Hop,3,test,29.988979591836735,0.17353305220603943,1173.5341796875
108496,Hip-Hop,3,training,29.988979591836735,0.20941336452960968,1173.4892578125
108497,Hip-Hop,3,training,29.988979591836735,0.2973346412181854,1173.486328125
108498,Hip-Hop,3,training,29.988979591836735,0.23757506906986237,1173.5625
108499,Hip-Hop,3,training,29.988979591836735,0.2239694446325302,1173.498046875
108500,Hip-Hop,3,training,29.988979591836735,0.16352662444114685,1173.6103515625
108501,Hip-Hop,3,training,29.988979591836735,0.23397909104824066,1173.486328125
108502,Rock,7,training,30.002721088435376,0.27992984652519226,1027.8212890625
108503,Rock,7,training,30.002721088435376,0.32719874382019043,1055.6630859375
108504,Rock,7,training,29.976598639455784,0.295342355966568,1070.5966796875
108505,Rock,7,training,30.002721088435376,0.3358151316642761,1073.8671875
108524,Electronic,0,test,30.002721088435376,0.2595759928226471,1041.46484375
108525,Electronic,0,test,29.976598639455784,0.29357442259788513,1026.580078125
108526,Electronic,0,test,30.002721088435376,0.18634070456027985,1003.2490234375
108527,Electronic,0,test,29.976598639455784,0.28448155522346497,951.8994140625
108528,Electronic,0,test,30.002721088435376,0.24870018661022186,958.5703125
108529,Electronic,0,test,29.976598639455784,0.11342678219079971,967.203125
108530,Electronic,0,test,29.976598639455784,0.3068111538887024,1132.884765625
108531,Electronic,0,test,30.002721088435376,0.24957375228405,1013.4208984375
108532,Electronic,0,test,29.976598639455784,0.16480235755443573,901.697265625
108533,Electronic,0,test,29.976598639455784,0.3708842992782593,988.953125
108745,Hip-Hop,3,training,30.002721088435376,0.14301981031894684,1174.068359375
108774,Hip-Hop,3,training,30.002721088435376,0.10629160702228546,1174.1884765625
108799,Hip-Hop,3,training,29.976598639455784,0.16464996337890625,1172.98828125
108808,Hip-Hop,3,training,29.976598639455784,0.18547195196151733,1172.994140625
108809,Hip-Hop,3,training,30.002721088435376,0.1937783658504486,1174.056640625
108812,Hip-Hop,3,training,29.976598639455784,0.25719448924064636,1172.994140625
108836,Hip-Hop,3,training,30.002721088435376,0.3244858682155609,1174.103515625
108837,Hip-Hop,3,training,29.976598639455784,0.21652422845363617,1173.0634765625
108838,Hip-Hop,3,training,30.002721088435376,0.29506027698516846,1174.06640625
108839,Hip-Hop,3,training,29.976598639455784,0.23130087554454803,1173.0380859375
108840,Hip-Hop,3,training,29.976598639455784,0.1835615485906601,1173.0546875
108841,Hip-Hop,3,training,29.976598639455784,0.33952170610427856,1173.0263671875
108842,Hip-Hop,3,test,30.002721088435376,0.22309623658657074,1174.09765625
108843,Hip-Hop,3,test,29.976598639455784,0.26315754652023315,1173.0634765625
108845,Hip-Hop,3,test,30.002721088435376,0.21731115877628326,1174.072265625
108846,Hip-Hop,3,test,30.002721088435376,0.22866149246692657,1174.0712890625
108847,Hip-Hop,3,test,29.976598639455784,0.25610893964767456,1173.0537109375
108863,International,5,validation,30.002721088435376,0.06208084896206856,703.5546875
108864,International,5,validation,29.976598639455784,0.15246690809726715,702.9091796875
108865,International,5,validation,29.976598639455784,0.11385292559862137,702.9208984375
108866,International,5,validation,30.002721088435376,0.09074059873819351,703.5166015625
108867,International,5,validation,29.976598639455784,0.10033542662858963,702.9287109375
108868,International,5,validation,30.002721088435376,0.15087932348251343,703.53125
108878,Instrumental,4,training,29.976598639455784,0.12505824863910675,904.7001953125
108879,Instrumental,4,training,30.002721088435376,0.12638112902641296,860.220703125
108880,Instrumental,4,training,30.002721088435376,0.17652812600135803,1002.84375
108881,Instrumental,4,training,30.002721088435376,0.1486833691596985,1000.5205078125
108882,Instrumental,4,training,30.002721088435376,0.10682285577058792,990.4951171875
108883,Instrumental,4,training,29.976598639455784,0.15100225806236267,930.017578125
108884,Instrumental,4,training,29.976598639455784,0.15384230017662048,900.283203125
108885,Instrumental,4,training,29.976598639455784,0.1171630248427391,760.2197265625
108906,Instrumental,4,training,29.976598639455784,0.04629012942314148,704.111328125
108957,Rock,7,training,30.002721088435376,0.2731436491012573,729.396484375
108961,Rock,7,training,30.002721088435376,0.22733476758003235,790.2353515625
108962,Rock,7,training,30.002721088435376,0.2891140580177307,677.42578125
108967,Rock,7,training,29.976598639455784,0.14702367782592773,703.1044921875
108968,Rock,7,training,29.976598639455784,0.1727563887834549,703.1083984375
108969,Rock,7,training,29.976598639455784,0.09929107874631882,703.1103515625
108970,Rock,7,training,29.976598639455784,0.1402728110551834,703.1162109375
108992,Rock,7,validation,30.002721088435376,0.30013272166252136,703.7216796875
109068,Experimental,1,training,30.002721088435376,0.24245685338974,1174.0478515625
109071,Experimental,1,training,30.002721088435376,0.19658052921295166,1174.064453125
109072,Experimental,1,training,30.002721088435376,0.2376922369003296,1174.0712890625
109106,Experimental,1,training,29.976598639455784,0.15894058346748352,929.16796875
109144,Experimental,1,validation,30.002721088435376,0.12008784711360931,1174.0556640625
109189,Instrumental,4,training,29.976598639455784,0.1266050934791565,1173.1962890625
109191,Instrumental,4,training,29.976598639455784,0.18575458228588104,1173.1884765625
109203,Rock,7,training,29.976598639455784,0.23017248511314392,469.611328125
109235,Rock,7,training,29.976598639455784,0.21696116030216217,703.1611328125
109276,Experimental,1,training,29.976598639455784,0.12461655586957932,1173.072265625
109349,Rock,7,training,29.976598639455784,0.24081948399543762,1173.0908203125
109350,Rock,7,training,30.002721088435376,0.30369147658348083,1017.4375
109355,Rock,7,training,30.002721088435376,0.3090191185474396,1026.193359375
109356,Rock,7,training,30.002721088435376,0.30365994572639465,1022.4248046875
109357,Rock,7,training,29.976598639455784,0.2854861319065094,1066.5322265625
109445,Folk,2,training,30.002721088435376,0.06927823275327682,703.7080078125
109446,Folk,2,training,29.976598639455784,0.07409597188234329,703.0791015625
109447,Folk,2,training,29.976598639455784,0.21208523213863373,703.099609375
109448,Folk,2,training,30.002721088435376,0.20722879469394684,703.6884765625
109449,Folk,2,training,29.976598639455784,0.1658342182636261,703.0771484375
109450,Folk,2,training,30.002721088435376,0.14097417891025543,703.6865234375
109468,Rock,7,training,29.976598639455784,0.32259368896484375,938.67578125
109480,Folk,2,training,30.002721088435376,0.08686481416225433,703.73828125
109481,Rock,7,training,29.988979591836735,0.20421923696994781,469.78125
109497,Rock,7,training,29.988979591836735,0.22629263997077942,469.7919921875
109535,Electronic,0,training,29.976598639455784,0.2208515703678131,704.0703125
109537,Electronic,0,training,29.976598639455784,0.14421434700489044,704.1279296875
109538,Electronic,0,training,30.002721088435376,0.19489030539989471,704.7216796875
109542,Electronic,0,training,29.988979591836735,0.30458304286003113,704.3701171875
109543,Electronic,0,training,29.976598639455784,0.27003273367881775,469.6767578125
109548,Experimental,1,training,30.002721088435376,0.05134878680109978,1173.037109375
109670,Hip-Hop,3,training,30.002721088435376,0.17317476868629456,1174.0107421875
109681,Hip-Hop,3,training,30.002721088435376,0.19651496410369873,1174.048828125
109684,Hip-Hop,3,training,29.976598639455784,0.25891241431236267,1173.0615234375
109685,Hip-Hop,3,training,29.976598639455784,0.2199622094631195,1173.076171875
109686,Hip-Hop,3,training,29.976598639455784,0.2368835210800171,1173.044921875
109687,Hip-Hop,3,training,30.002721088435376,0.19863520562648773,1174.052734375
109711,Experimental,1,training,29.976598639455784,0.05916561931371689,1172.0712890625
109712,Experimental,1,training,29.976598639455784,0.04335453361272812,1172.06640625
109896,Folk,2,training,30.002721088435376,0.24653008580207825,703.759765625
109900,Folk,2,training,30.002721088435376,0.26401254534721375,703.7373046875
109901,Folk,2,training,29.976598639455784,0.1804131120443344,703.1630859375
109902,Folk,2,training,29.976598639455784,0.27650511264801025,703.1240234375
109903,Folk,2,training,30.002721088435376,0.28620147705078125,703.7392578125
109904,Folk,2,training,29.976598639455784,0.2846907675266266,703.1572265625
109905,Folk,2,training,29.976598639455784,0.2596879005432129,703.1611328125
109906,Folk,2,training,30.002721088435376,0.26415330171585083,703.7470703125
109925,Electronic,0,validation,30.002721088435376,0.2379939705133438,704.642578125
109957,Pop,6,validation,30.002721088435376,0.018514182418584824,470.0263671875
109958,Pop,6,validation,30.002721088435376,0.02391061745584011,470.0009765625
109960,Pop,6,validation,30.002721088435376,0.05649275705218315,469.9755859375
109962,Pop,6,validation,29.976598639455784,0.06914190202951431,469.6005859375
109963,Pop,6,validation,30.002721088435376,0.050709906965494156,469.998046875
109971,Pop,6,validation,29.976598639455784,0.3009641170501709,469.5810546875
109972,Pop,6,validation,29.976598639455784,0.4077836871147156,469.5634765625
109973,Pop,6,validation,29.976598639455784,0.28064778447151184,469.580078125
109974,Pop,6,validation,29.976598639455784,0.32708555459976196,469.5869140625
109975,Pop,6,validation,29.976598639455784,0.3562464416027069,469.5732421875
109976,Pop,6,validation,29.976598639455784,0.25613507628440857,469.568359375
109977,Pop,6,validation,29.976598639455784,0.25790175795555115,469.591796875
109978,Pop,6,validation,30.002721088435376,0.07458318024873734,469.9921875
110070,Hip-Hop,3,test,29.976598639455784,0.25643056631088257,1173.1875
110082,Hip-Hop,3,test,30.002721088435376,0.1955970674753189,1174.0947265625
110084,Hip-Hop,3,test,29.976598639455784,0.2067655473947525,1173.0703125
110085,Hip-Hop,3,test,30.002721088435376,0.30658459663391113,1174.1025390625
110086,Hip-Hop,3,test,30.002721088435376,0.23074305057525635,1174.1015625
110102,Electronic,0,validation,30.002721088435376,0.18212507665157318,1174.119140625
110103,Electronic,0,validation,29.976598639455784,0.23951901495456696,1173.1005859375
110104,Electronic,0,validation,30.002721088435376,0.28398454189300537,1174.11328125
110105,Electronic,0,validation,29.976598639455784,0.2181374728679657,1173.0986328125
110106,Electronic,0,validation,29.976598639455784,0.19959516823291779,1173.0947265625
110107,Electronic,0,validation,30.002721088435376,0.21047896146774292,1174.107421875
110108,Electronic,0,validation,30.002721088435376,0.14669039845466614,1174.119140625
110109,Electronic,0,training,29.976598639455784,0.2323109209537506,1173.1220703125
110110,Electronic,0,training,29.976598639455784,0.22582124173641205,1173.1201171875
110111,Electronic,0,training,30.002721088435376,0.1955764889717102,1174.203125
110166,Rock,7,training,29.976598639455784,0.20095033943653107,703.1044921875
110167,Rock,7,training,29.976598639455784,0.17336483299732208,703.12109375
110171,Folk,2,training,29.976598639455784,0.13111355900764465,702.9287109375
110172,Folk,2,training,29.976598639455784,0.12858645617961884,702.92578125
110204,Experimental,1,test,29.976598639455784,0.1412932127714157,1172.892578125
110205,Experimental,1,test,29.976598639455784,0.09404251724481583,1172.8896484375
110206,Experimental,1,test,29.976598639455784,0.09252669662237167,1172.8876953125
110207,Experimental,1,test,30.002721088435376,0.1234186589717865,1173.91796875
110208,Experimental,1,test,29.976598639455784,0.0899721309542656,1172.8916015625
110209,Experimental,1,test,30.002721088435376,0.03372270241379738,1173.9130859375
110230,Experimental,1,training,29.976598639455784,0.2731609344482422,1173.0869140625
110259,Hip-Hop,3,training,29.976598639455784,0.26356998085975647,704.1943359375
110260,Hip-Hop,3,training,29.976598639455784,0.27193683385849,704.1962890625
110261,Hip-Hop,3,training,30.002721088435376,0.3175363838672638,704.8125
110262,Hip-Hop,3,training,30.002721088435376,0.2619546353816986,704.8095703125
110263,Hip-Hop,3,training,30.002721088435376,0.28769153356552124,704.8251953125
110264,Hip-Hop,3,training,30.002721088435376,0.27930501103401184,704.80859375
110265,Hip-Hop,3,training,29.976598639455784,0.37325596809387207,704.22265625
110266,Hip-Hop,3,training,30.002721088435376,0.28958162665367126,704.853515625
110267,Hip-Hop,3,training,29.976598639455784,0.30452069640159607,704.251953125
110274,Experimental,1,training,29.976598639455784,0.03349084034562111,1173.1787109375
110384,Folk,2,training,30.002721088435376,0.11711419373750687,703.5322265625
110410,Rock,7,training,30.002721088435376,0.21874389052391052,470.0947265625
110417,Rock,7,training,29.976598639455784,0.17781099677085876,469.6806640625
110436,Folk,2,training,29.976598639455784,0.17693018913269043,702.9658203125
110437,Folk,2,training,29.976598639455784,0.214401513338089,702.9375
110438,Folk,2,training,29.976598639455784,0.1916865110397339,702.955078125
110439,Folk,2,training,29.976598639455784,0.1818467378616333,702.9521484375
110440,Folk,2,training,30.002721088435376,0.21746434271335602,703.5537109375
110441,Folk,2,training,30.002721088435376,0.23675315082073212,703.552734375
110447,International,5,training,29.976598639455784,0.19200852513313293,1172.146484375
110448,International,5,training,30.002721088435376,0.28587350249290466,1173.169921875
110449,International,5,training,29.976598639455784,0.2518211603164673,1172.154296875
110450,International,5,training,29.976598639455784,0.17829903960227966,704.15625
110451,International,5,training,30.002721088435376,0.15311601758003235,704.728515625
110452,International,5,training,30.002721088435376,0.24915920197963715,1173.19140625
110546,Rock,7,training,30.002721088435376,0.20568512380123138,1174.1728515625
110610,Experimental,1,training,29.976598639455784,0.1508547067642212,1173.0703125
110611,Experimental,1,training,30.002721088435376,0.18226756155490875,1174.197265625
110623,Experimental,1,training,30.002721088435376,0.11253700405359268,1174.03125
110629,Experimental,1,training,30.002721088435376,0.11041494458913803,1174.0673828125
110630,Experimental,1,training,29.976598639455784,0.12278032302856445,1173.0185546875
110634,Rock,7,training,29.976598639455784,0.13377894461154938,1172.888671875
110636,Rock,7,training,29.976598639455784,0.2466890662908554,1172.9228515625
110637,Rock,7,training,30.002721088435376,0.17714254558086395,1173.982421875
110647,Instrumental,4,training,29.976598639455784,0.13851192593574524,937.68359375
110648,Instrumental,4,training,30.002721088435376,0.10922151803970337,938.4990234375
110649,Instrumental,4,training,29.976598639455784,0.16572818160057068,937.689453125
110650,Instrumental,4,training,29.976598639455784,0.1757374405860901,937.6865234375
110651,Instrumental,4,training,29.976598639455784,0.22037383913993835,937.677734375
110652,Instrumental,4,training,30.002721088435376,0.08352086693048477,938.4873046875
110653,Instrumental,4,training,30.002721088435376,0.07394548505544662,938.5107421875
110654,Instrumental,4,training,29.976598639455784,0.17420847713947296,937.67578125
110681,Experimental,1,training,30.002721088435376,0.037410955876111984,1174.197265625
110684,Experimental,1,training,29.976598639455784,0.008354674093425274,1173.146484375
110687,Electronic,0,training,29.976598639455784,0.22931621968746185,1173.0966796875
110688,Electronic,0,training,30.002721088435376,0.1371302753686905,1174.1142578125
110689,Electronic,0,training,29.976598639455784,0.23383237421512604,1173.0869140625
110690,Electronic,0,training,29.976598639455784,0.32903003692626953,1173.130859375
110691,Electronic,0,training,30.002721088435376,0.17846348881721497,1174.115234375
110711,Experimental,1,training,29.976598639455784,0.1514333039522171,1173.279296875
110735,Hip-Hop,3,training,30.002721088435376,0.1888834685087204,1174.1669921875
110736,Hip-Hop,3,training,29.976598639455784,0.012519007548689842,1173.2138671875
110743,Hip-Hop,3,test,30.002721088435376,0.1012323647737503,1174.0537109375
110744,Hip-Hop,3,test,30.002721088435376,0.10769804567098618,1174.0712890625
110756,Hip-Hop,3,test,30.002721088435376,0.3024539649486542,1174.0595703125
110764,Hip-Hop,3,test,30.002721088435376,0.2025117725133896,1174.119140625
110765,Hip-Hop,3,test,29.976598639455784,0.22281475365161896,1173.083984375
110768,Hip-Hop,3,test,29.976598639455784,0.348514199256897,1173.10546875
110771,Hip-Hop,3,test,30.002721088435376,0.19473528861999512,1174.09375
110772,Hip-Hop,3,test,30.002721088435376,0.2577499449253082,1174.09375
110774,Hip-Hop,3,test,30.002721088435376,0.2060481309890747,1174.0615234375
110775,Hip-Hop,3,test,29.976598639455784,0.19738978147506714,1173.0537109375
110776,Hip-Hop,3,test,29.976598639455784,0.1551440805196762,1173.0712890625
110777,Hip-Hop,3,test,29.976598639455784,0.17365694046020508,1173.0654296875
110778,Hip-Hop,3,test,29.976598639455784,0.243188738822937,1173.0810546875
110779,Hip-Hop,3,test,29.976598639455784,0.23857848346233368,1173.0849609375
110923,Folk,2,training,30.002721088435376,0.19051037728786469,703.78515625
110927,Folk,2,training,29.976598639455784,0.027352336794137955,703.162109375
110928,Folk,2,training,29.976598639455784,0.13153111934661865,703.158203125
110980,Rock,7,training,29.976598639455784,0.29085463285446167,1097.64453125
110982,Rock,7,training,30.002721088435376,0.11723657697439194,1021.8828125
110983,Rock,7,training,29.976598639455784,0.2898639738559723,990.4111328125
110985,Rock,7,training,29.976598639455784,0.3215108811855316,1035.626953125
111015,Instrumental,4,training,29.976598639455784,0.10614240914583206,1173.1005859375
111146,Instrumental,4,test,30.002721088435376,0.057655468583106995,1173.884765625
111147,Instrumental,4,test,30.002721088435376,0.04856044054031372,1173.884765625
111148,Instrumental,4,test,29.976598639455784,0.08790604025125504,1172.86328125
111149,Instrumental,4,test,29.976598639455784,0.029116837307810783,1172.8583984375
111150,Instrumental,4,test,29.976598639455784,0.03408244252204895,1172.8623046875
111151,Instrumental,4,test,29.976598639455784,0.07857193052768707,1172.8642578125
111153,Instrumental,4,test,29.976598639455784,0.04270165041089058,1172.8583984375
111154,Instrumental,4,test,29.976598639455784,0.08100917935371399,1172.8623046875
111182,Folk,2,validation,29.976598639455784,0.22236476838588715,703.19140625
111186,Folk,2,validation,30.002721088435376,0.29235443472862244,703.7890625
111187,Folk,2,validation,30.002721088435376,0.3154797852039337,703.78125
111188,Folk,2,validation,29.976598639455784,0.21071818470954895,703.185546875
111216,Experimental,1,test,29.976598639455784,0.15551355481147766,1022.5029296875
111220,Instrumental,4,training,30.002721088435376,0.11603084951639175,704.7529296875
111221,Instrumental,4,training,29.976598639455784,0.1347712278366089,704.1630859375
111222,Instrumental,4,training,30.002721088435376,0.093925341963768,704.748046875
111223,Instrumental,4,training,30.002721088435376,0.09999600052833557,704.7490234375
111224,Instrumental,4,training,30.002721088435376,0.07582029700279236,704.765625
111225,Instrumental,4,training,29.976598639455784,0.07656139135360718,704.134765625
111226,Instrumental,4,training,30.002721088435376,0.11661168187856674,704.7578125
111227,Instrumental,4,training,29.976598639455784,0.09050466120243073,704.1533203125
111228,Instrumental,4,training,29.976598639455784,0.11109393835067749,704.1416015625
111229,Instrumental,4,training,30.002721088435376,0.029927946627140045,704.7587890625
111230,Instrumental,4,training,29.976598639455784,0.13151192665100098,704.1357421875
111306,Rock,7,training,29.976598639455784,0.23180018365383148,1140.0595703125
111311,Rock,7,training,30.002721088435376,0.2287052720785141,1090.8779296875
111335,Rock,7,training,29.976598639455784,0.235306978225708,938.3544921875
111367,Pop,6,training,30.002721088435376,0.17891457676887512,1174.068359375
111368,Pop,6,training,29.976598639455784,0.13811692595481873,1173.0498046875
111371,Pop,6,training,29.976598639455784,0.29670125246047974,1173.0517578125
111372,Pop,6,training,29.976598639455784,0.15116778016090393,1173.0322265625
111375,Pop,6,training,29.976598639455784,0.22177208960056305,1173.03515625
111376,Pop,6,training,30.002721088435376,0.13145242631435394,1174.056640625
111377,Pop,6,training,30.002721088435376,0.1615443229675293,1174.109375
111378,Pop,6,training,29.976598639455784,0.22849531471729279,1173.056640625
111379,Pop,6,training,30.002721088435376,0.20108534395694733,1174.0927734375
111382,Pop,6,training,29.976598639455784,0.19232450425624847,1173.1015625
111385,Pop,6,training,29.976598639455784,0.3060567378997803,1173.080078125
111386,Pop,6,training,29.976598639455784,0.15385620296001434,1173.072265625
111387,Pop,6,training,29.976598639455784,0.2254294455051422,1173.083984375
111388,Pop,6,training,29.976598639455784,0.19903160631656647,1173.091796875
111389,Pop,6,training,30.002721088435376,0.27798140048980713,1174.0869140625
111390,Pop,6,training,29.976598639455784,0.13027605414390564,1173.068359375
111391,Pop,6,training,29.976598639455784,0.15609221160411835,1173.06640625
111392,Pop,6,training,30.002721088435376,0.2213752418756485,1174.1005859375
111393,Pop,6,training,29.976598639455784,0.18266184628009796,1173.072265625
111394,Pop,6,training,29.976598639455784,0.0825217142701149,1172.970703125
111395,Pop,6,training,30.002721088435376,0.1128942221403122,1174.1435546875
111396,Pop,6,training,29.976598639455784,0.09211759269237518,1173.06640625
111397,Pop,6,training,30.002721088435376,0.2647784352302551,1174.1123046875
111398,Pop,6,training,29.976598639455784,0.213571697473526,1173.0654296875
111399,Pop,6,training,30.002721088435376,0.1923619955778122,1174.0859375
111400,Pop,6,training,29.976598639455784,0.07624774426221848,1173.0615234375
111401,Pop,6,training,30.002721088435376,0.13106009364128113,1174.12109375
111402,Pop,6,training,30.002721088435376,0.21235524117946625,1174.087890625
111413,Electronic,0,validation,29.976598639455784,0.2881021201610565,1173.076171875
111416,Electronic,0,validation,29.976598639455784,0.32701441645622253,1173.0625
111460,Experimental,1,training,30.002721088435376,0.08833342790603638,863.94921875
111579,Experimental,1,training,29.976598639455784,0.11330036073923111,1172.8798828125
111658,Rock,7,training,30.002721088435376,0.2622462213039398,939.1611328125
111747,Rock,7,training,29.976598639455784,0.11980938911437988,703.142578125
111793,Instrumental,4,training,29.976598639455784,0.1995825469493866,704.095703125
111819,Electronic,0,training,29.976598639455784,0.08034566789865494,1172.974609375
111871,Instrumental,4,validation,29.976598639455784,0.09091890603303909,704.0673828125
111872,Instrumental,4,validation,29.976598639455784,0.12801313400268555,704.1484375
111873,Instrumental,4,training,30.002721088435376,0.1460077464580536,704.7919921875
111911,Rock,7,training,30.002721088435376,0.15204818546772003,587.3642578125
111933,Electronic,0,training,29.976598639455784,0.18259978294372559,1173.0458984375
111934,Hip-Hop,3,test,30.002721088435376,0.2831614017486572,1174.140625
111935,Hip-Hop,3,test,29.976598639455784,0.20021162927150726,1173.1162109375
111936,Hip-Hop,3,test,30.002721088435376,0.20958107709884644,1174.1396484375
111937,Hip-Hop,3,test,29.976598639455784,0.25305330753326416,1173.1220703125
111938,Hip-Hop,3,test,30.002721088435376,0.1739623248577118,1174.150390625
111974,Rock,7,training,30.002721088435376,0.18889352679252625,703.7626953125
111982,Rock,7,validation,29.988979591836735,0.13123819231987,938.6640625
111994,Instrumental,4,test,30.002721088435376,0.13007031381130219,703.646484375
112000,Instrumental,4,test,30.002721088435376,0.31649473309516907,703.6484375
112001,Instrumental,4,test,30.002721088435376,0.25753965973854065,703.646484375
112020,Rock,7,training,29.976598639455784,0.21701554954051971,938.3583984375
112065,Rock,7,training,29.976598639455784,0.2899080812931061,1173.1875
112066,Rock,7,training,29.976598639455784,0.29642292857170105,1173.1943359375
112088,Experimental,1,training,30.002721088435376,0.14278794825077057,1174.1103515625
112133,Experimental,1,training,30.002721088435376,0.0473511628806591,1174.05078125
112196,Experimental,1,training,29.976598639455784,0.08575672656297684,1173.060546875
112197,Experimental,1,training,29.976598639455784,0.08955319225788116,1173.087890625
112198,Experimental,1,training,29.976598639455784,0.08437389880418777,1173.0791015625
112199,Experimental,1,training,30.002721088435376,0.11550385504961014,1174.044921875
112209,Instrumental,4,training,30.002721088435376,0.29457420110702515,864.896484375
112210,Instrumental,4,training,30.002721088435376,0.22756290435791016,835.0517578125
112211,Instrumental,4,training,29.976598639455784,0.3289218544960022,886.7509765625
112215,Experimental,1,training,29.976598639455784,0.07448585331439972,1172.9736328125
112252,Folk,2,training,30.002721088435376,0.11626426875591278,926.4580078125
112314,Rock,7,training,29.976598639455784,0.2334376722574234,1014.5244140625
112315,Rock,7,training,30.002721088435376,0.27819737792015076,984.9755859375
112316,Rock,7,training,29.976598639455784,0.17111045122146606,982.2822265625
112317,Rock,7,training,29.976598639455784,0.30877232551574707,946.2900390625
112318,Rock,7,training,29.976598639455784,0.30234089493751526,1045.3623046875
112468,Hip-Hop,3,test,30.002721088435376,0.1728336066007614,1174.138671875
112481,Hip-Hop,3,test,29.976598639455784,0.2704302668571472,1173.056640625
112483,Hip-Hop,3,test,29.976598639455784,0.263632595539093,1173.0439453125
112484,Hip-Hop,3,test,29.976598639455784,0.16730815172195435,1173.0537109375
112485,Hip-Hop,3,test,29.976598639455784,0.24746522307395935,1173.0400390625
112486,Hip-Hop,3,test,30.002721088435376,0.21233248710632324,1174.0625
112487,Hip-Hop,3,test,29.976598639455784,0.29141828417778015,1173.03515625
112488,Hip-Hop,3,test,30.002721088435376,0.23516954481601715,1174.048828125
112490,Electronic,0,training,29.976598639455784,0.24414965510368347,1173.0966796875
112526,Rock,7,training,29.976598639455784,0.23308531939983368,1173.0361328125
112527,Rock,7,training,29.976598639455784,0.2516572177410126,1173.0947265625
112528,Rock,7,training,30.002721088435376,0.2200511395931244,1174.0634765625
112529,Rock,7,training,29.976598639455784,0.25258868932724,1173.033203125
112583,Experimental,1,training,30.002721088435376,0.14413519203662872,1175.04296875
112584,Experimental,1,training,29.976598639455784,0.06081612408161163,1173.501953125
112585,Experimental,1,training,30.002721088435376,0.21764861047267914,1175.6044921875
112586,Experimental,1,training,29.976598639455784,0.19164018332958221,1174.078125
112587,Experimental,1,training,30.002721088435376,0.17915165424346924,1175.1943359375
112588,Experimental,1,training,29.976598639455784,0.1092173308134079,1173.9609375
112668,Experimental,1,training,29.976598639455784,0.2276916205883026,938.3388671875
112733,Rock,7,training,30.002721088435376,0.327156126499176,1174.142578125
112734,Rock,7,training,29.976598639455784,0.3506717383861542,1173.1240234375
112735,Rock,7,training,30.002721088435376,0.33075931668281555,1174.189453125
112767,Electronic,0,training,29.976598639455784,0.19845418632030487,1173.150390625
112768,Electronic,0,training,29.976598639455784,0.13016927242279053,1173.1552734375
112769,Electronic,0,training,29.976598639455784,0.17822472751140594,1173.1494140625
112770,Electronic,0,training,30.002721088435376,0.2292819321155548,1174.158203125
112780,Experimental,1,training,30.002721088435376,0.12004772573709488,939.1669921875
112781,Experimental,1,training,29.976598639455784,0.08350900560617447,938.3564453125
112785,Experimental,1,training,30.002721088435376,0.19628214836120605,939.1826171875
112788,Experimental,1,training,30.002721088435376,0.2978474199771881,939.171875
112789,Experimental,1,training,30.002721088435376,0.16989320516586304,939.189453125
112790,Experimental,1,test,29.976598639455784,0.32330232858657837,1174.849609375
112821,Experimental,1,training,30.002721088435376,0.014496625401079655,1174.0068359375
112975,Instrumental,4,training,29.976598639455784,0.14267754554748535,702.9697265625
112976,Instrumental,4,training,29.976598639455784,0.1500236988067627,702.9677734375
112977,Instrumental,4,training,30.002721088435376,0.15874023735523224,703.5576171875
112978,Instrumental,4,training,30.002721088435376,0.12168565392494202,703.5791015625
113016,Pop,6,training,29.976598639455784,0.16828137636184692,648.080078125
113017,Pop,6,training,29.976598639455784,0.13805995881557465,664.2724609375
113018,Pop,6,training,30.002721088435376,0.1345478743314743,715.658203125
113019,Pop,6,training,30.002721088435376,0.10627211630344391,688.89453125
113020,Pop,6,training,30.002721088435376,0.21165604889392853,690.07421875
113021,Pop,6,training,30.002721088435376,0.10636670887470245,716.5537109375
113022,Pop,6,training,29.976598639455784,0.1389661282300949,687.5693359375
113023,Pop,6,training,29.976598639455784,0.07138366997241974,756.5205078125
113024,Pop,6,training,29.976598639455784,0.16740742325782776,672.0009765625
113025,Pop,6,training,30.002721088435376,0.0888272300362587,687.2900390625
113026,Pop,6,training,29.976598639455784,0.14807462692260742,717.2861328125
113027,Pop,6,training,30.002721088435376,0.16117019951343536,719.701171875
113028,Pop,6,training,29.976598639455784,0.08357954770326614,739.71875
113030,Hip-Hop,3,validation,29.976598639455784,0.29614460468292236,1173.1611328125
113031,Hip-Hop,3,validation,30.002721088435376,0.16742247343063354,1174.1484375
113032,Hip-Hop,3,validation,29.976598639455784,0.1945849508047104,1173.13671875
113033,Hip-Hop,3,validation,29.976598639455784,0.30358046293258667,1173.1904296875
113034,Hip-Hop,3,training,30.002721088435376,0.13538481295108795,1174.1298828125
113035,Hip-Hop,3,training,30.002721088435376,0.09183869510889053,1174.140625
113036,Hip-Hop,3,training,30.002721088435376,0.09026675671339035,1174.109375
113037,Hip-Hop,3,training,29.976598639455784,0.053846392780542374,1173.126953125
113063,Rock,7,training,29.976598639455784,0.31275710463523865,1173.0859375
113110,Instrumental,4,training,29.976598639455784,0.020617924630641937,1172.9921875
113164,Rock,7,training,30.002721088435376,0.3725830018520355,1175.3564453125
113165,Rock,7,training,29.976598639455784,0.38184329867362976,1173.5791015625
113166,Rock,7,training,30.002721088435376,0.21932674944400787,1174.3486328125
113167,Folk,2,training,30.002721088435376,0.15993094444274902,469.9248046875
113203,Experimental,1,training,30.002721088435376,0.0989728793501854,1173.7060546875
113259,International,5,training,29.976598639455784,0.13428854942321777,900.0390625
113260,International,5,training,30.002721088435376,0.1978873759508133,470.162109375
113261,International,5,training,29.976598639455784,0.22164393961429596,704.224609375
113262,International,5,test,30.002721088435376,0.11225264519453049,957.037109375
113263,International,5,training,29.976598639455784,0.18923328816890717,743.5908203125
113264,International,5,validation,29.976598639455784,0.28186848759651184,725.2529296875
113265,International,5,training,29.976598639455784,0.28335314989089966,712.6328125
113266,International,5,training,29.976598639455784,0.3055727779865265,1177.435546875
113267,International,5,validation,29.976598639455784,0.2559671700000763,821.4462890625
113268,International,5,training,30.002721088435376,0.30741965770721436,1174.2060546875
113269,International,5,training,29.976598639455784,0.23122085630893707,1173.060546875
113270,International,5,training,30.002721088435376,0.3238958418369293,1174.150390625
113271,International,5,training,30.002721088435376,0.18615330755710602,687.017578125
113272,International,5,training,30.002721088435376,0.1898314505815506,1036.9443359375
113273,International,5,test,29.976598639455784,0.12691622972488403,670.8505859375
113274,International,5,test,29.976598639455784,0.3330446481704712,1175.12109375
113275,International,5,test,29.976598639455784,0.2808663547039032,1174.658203125
113276,International,5,training,30.002721088435376,0.20733775198459625,707.5302734375
113277,International,5,training,29.976598639455784,0.23152537643909454,1173.1025390625
113278,International,5,validation,29.976598639455784,0.21739767491817474,644.79296875
113279,International,5,test,30.002721088435376,0.09027434885501862,698.3818359375
113280,International,5,training,30.002721088435376,0.07335736602544785,1174.203125
113281,International,5,training,29.976598639455784,0.14090244472026825,587.2001953125
113282,International,5,training,29.976598639455784,0.20893515646457672,1173.1181640625
113284,International,5,validation,29.976598639455784,0.2457396388053894,1173.0791015625
113294,Rock,7,training,30.002721088435376,0.22797386348247528,470.052734375
113303,Rock,7,training,29.988979591836735,0.2150413542985916,704.400390625
113304,Rock,7,training,30.002721088435376,0.29120516777038574,587.41796875
113305,Rock,7,training,30.002721088435376,0.22040130198001862,470.1025390625
113311,Rock,7,training,29.988979591836735,0.23332008719444275,1173.2099609375
113334,Electronic,0,training,30.002721088435376,0.12481790781021118,1174.1298828125
113335,Electronic,0,training,30.002721088435376,0.1505936235189438,1174.1328125
113336,Electronic,0,training,29.976598639455784,0.21410371363162994,1173.109375
113342,Folk,2,training,29.976598639455784,0.22444219887256622,937.6611328125
113343,Folk,2,training,29.976598639455784,0.24448277056217194,937.6767578125
113344,Folk,2,training,30.002721088435376,0.22556953132152557,938.4912109375
113357,Folk,2,training,29.976598639455784,0.16756987571716309,937.599609375
113359,Folk,2,training,29.976598639455784,0.10197976976633072,937.5986328125
113360,Folk,2,training,29.976598639455784,0.12841267883777618,937.6181640625
113453,Electronic,0,validation,30.002721088435376,0.18537922203540802,893.466796875
113511,Rock,7,training,30.002721088435376,0.08612611889839172,587.34765625
113512,Rock,7,training,29.976598639455784,0.12022984772920609,586.822265625
113513,Rock,7,training,29.976598639455784,0.1308404803276062,586.82421875
113530,Rock,7,training,30.002721088435376,0.08949253708124161,848.134765625
113558,Experimental,1,training,29.988979591836735,0.27794569730758667,704.392578125
113564,Experimental,1,training,29.976598639455784,0.19073006510734558,1173.125
113574,Rock,7,training,30.002721088435376,0.21761345863342285,1173.92578125
113696,International,5,training,30.002721088435376,0.12773288786411285,883.2783203125
113697,International,5,training,29.976598639455784,0.1046011820435524,876.7998046875
113698,International,5,training,30.002721088435376,0.06927289813756943,866.279296875
113699,International,5,training,29.976598639455784,0.09495458006858826,840.021484375
113700,International,5,training,29.976598639455784,0.1377631574869156,936.69921875
113701,International,5,training,30.002721088435376,0.10401025414466858,939.2548828125
113702,Experimental,1,training,30.002721088435376,0.4429933428764343,939.341796875
113787,Instrumental,4,training,30.002721088435376,0.09535042941570282,1174.13671875
113788,Instrumental,4,training,30.002721088435376,0.09609143435955048,1174.0859375
113789,Instrumental,4,training,30.002721088435376,0.10329369455575943,1174.095703125
113790,Instrumental,4,training,29.976598639455784,0.12960997223854065,1173.083984375
113808,Pop,6,training,29.976598639455784,0.3722786605358124,586.765625
113809,Pop,6,training,30.002721088435376,0.3196612596511841,587.2890625
113810,Pop,6,training,30.002721088435376,0.2736343443393707,587.279296875
113822,Rock,7,training,29.976598639455784,0.21392619609832764,937.6552734375
113932,Pop,6,training,30.002721088435376,0.09614069014787674,715.17578125
113933,Pop,6,training,29.976598639455784,0.10278356075286865,744.2021484375
113934,Pop,6,training,29.976598639455784,0.19469615817070007,688.169921875
113935,Pop,6,training,29.976598639455784,0.18705184757709503,858.888671875
113946,Folk,2,training,29.976598639455784,0.21790212392807007,937.6806640625
113949,Folk,2,training,29.976598639455784,0.10391001403331757,937.6591796875
113950,Folk,2,training,29.976598639455784,0.13220027089118958,937.6591796875
113969,Instrumental,4,training,29.976598639455784,0.12013649940490723,1173.099609375
113970,Electronic,0,training,29.976598639455784,0.2223527729511261,704.0224609375
113971,Electronic,0,training,29.976598639455784,0.18674564361572266,702.98046875
113972,Electronic,0,training,29.976598639455784,0.21548989415168762,702.978515625
113973,Electronic,0,training,30.002721088435376,0.20797155797481537,703.611328125
114006,Instrumental,4,validation,29.976598639455784,0.309626042842865,1173.0556640625
114007,Instrumental,4,validation,29.976598639455784,0.2518708407878876,1173.048828125
114036,Hip-Hop,3,training,29.976598639455784,0.27280670404434204,1173.033203125
114037,Hip-Hop,3,training,29.976598639455784,0.091827891767025,1173.044921875
114040,Hip-Hop,3,training,30.002721088435376,0.16295897960662842,1174.1171875
114041,Hip-Hop,3,training,30.002721088435376,0.21340472996234894,1174.078125
114042,Hip-Hop,3,training,29.976598639455784,0.09237215667963028,1173.0546875
114044,Hip-Hop,3,training,29.976598639455784,0.31182628870010376,1173.05859375
114045,Hip-Hop,3,training,29.976598639455784,0.12964898347854614,1173.048828125
114047,Hip-Hop,3,training,30.002721088435376,0.10819489508867264,1174.07421875
114048,Hip-Hop,3,training,29.976598639455784,0.1821795403957367,1173.0283203125
114049,Hip-Hop,3,training,29.976598639455784,0.19181370735168457,1173.0732421875
114050,Hip-Hop,3,training,29.976598639455784,0.19078055024147034,1173.05859375
114051,Hip-Hop,3,training,29.976598639455784,0.10321074724197388,1173.0615234375
114061,Electronic,0,training,29.976598639455784,0.23323024809360504,1173.13671875
114062,Electronic,0,training,29.988979591836735,0.2776114046573639,1173.4951171875
114063,Electronic,0,validation,30.002721088435376,0.24388399720191956,1174.1572265625
114064,Electronic,0,training,30.002721088435376,0.25276580452919006,1174.1220703125
114065,Electronic,0,training,29.976598639455784,0.1797819286584854,1173.126953125
114066,Electronic,0,training,30.002721088435376,0.2854008972644806,1174.1025390625
114067,Electronic,0,training,29.976598639455784,0.24196992814540863,1173.10546875
114069,Instrumental,4,training,29.988979591836735,0.032591238617897034,1173.5087890625
114070,Instrumental,4,training,29.988979591836735,0.11621081829071045,1173.4931640625
114072,Instrumental,4,training,29.988979591836735,0.06213376671075821,1173.4873046875
114073,Instrumental,4,training,29.988979591836735,0.05576876550912857,1173.4970703125
114074,Instrumental,4,training,29.988979591836735,0.035967666655778885,1173.4970703125
114076,Instrumental,4,training,29.988979591836735,0.052085500210523605,1173.490234375
114077,Instrumental,4,training,29.988979591836735,0.029235517606139183,1173.4970703125
114198,Rock,7,training,30.002721088435376,0.2681317925453186,1174.1953125
114199,Rock,7,training,30.002721088435376,0.2497745007276535,1174.1806640625
114200,Rock,7,training,29.976598639455784,0.20369857549667358,1173.134765625
114201,Rock,7,training,30.002721088435376,0.19972723722457886,1174.1650390625
114212,Instrumental,4,test,30.002721088435376,0.14863932132720947,704.7041015625
114222,Instrumental,4,test,30.002721088435376,0.10218485444784164,704.6875
114223,Instrumental,4,test,29.976598639455784,0.10408934950828552,704.078125
114231,Instrumental,4,training,29.988979591836735,0.16945917904376984,1173.48828125
114232,Instrumental,4,training,29.988979591836735,0.09525220096111298,1173.47265625
114233,Instrumental,4,training,29.988979591836735,0.060551002621650696,1173.4765625
114234,Instrumental,4,training,29.988979591836735,0.17542913556098938,1173.470703125
114235,Instrumental,4,training,29.988979591836735,0.04413853585720062,1173.4736328125
114236,Instrumental,4,training,29.988979591836735,0.1505999118089676,1173.4755859375
114237,Instrumental,4,training,29.988979591836735,0.18504956364631653,1173.4775390625
114238,Instrumental,4,training,29.988979591836735,0.17494848370552063,1173.484375
114239,Instrumental,4,training,29.988979591836735,0.11432137340307236,1173.48828125
114242,Electronic,0,training,29.976598639455784,0.28615665435791016,1173.080078125
114245,Electronic,0,training,29.976598639455784,0.21547015011310577,1173.1357421875
114265,Hip-Hop,3,training,29.988979591836735,0.23023943603038788,1173.314453125
114266,Hip-Hop,3,training,29.988979591836735,0.29627200961112976,1173.1845703125
114268,Hip-Hop,3,training,29.988979591836735,0.2286306619644165,1173.1875
114272,Hip-Hop,3,training,29.988979591836735,0.2476852536201477,1173.1884765625
114274,Hip-Hop,3,training,29.988979591836735,0.25810304284095764,1173.169921875
114275,Hip-Hop,3,training,29.988979591836735,0.21961624920368195,1173.1865234375
114279,Electronic,0,validation,29.976598639455784,0.21201613545417786,1173.0908203125
114282,Electronic,0,validation,29.976598639455784,0.12932918965816498,1173.09375
114283,Electronic,0,validation,29.976598639455784,0.2895376980304718,1173.3935546875
114289,Electronic,0,training,29.976598639455784,0.2938602566719055,937.51953125
114290,Electronic,0,training,30.002721088435376,0.30106329917907715,938.3076171875
114291,Electronic,0,training,30.002721088435376,0.30565810203552246,938.34765625
114292,Electronic,0,training,29.976598639455784,0.2902880609035492,937.5380859375
114293,Electronic,0,training,30.002721088435376,0.36845022439956665,938.3564453125
114294,Electronic,0,training,30.002721088435376,0.2295849621295929,938.3544921875
114295,Electronic,0,training,30.002721088435376,0.4225824177265167,938.3779296875
114296,Electronic,0,training,29.976598639455784,0.37485504150390625,937.546875
114297,Electronic,0,training,30.002721088435376,0.29986274242401123,938.3720703125
114298,Electronic,0,training,29.976598639455784,0.2704322040081024,937.6767578125
114371,Instrumental,4,training,29.976598639455784,0.15293793380260468,928.8359375
114372,Instrumental,4,training,29.976598639455784,0.17567503452301025,945.05078125
114373,Instrumental,4,training,30.002721088435376,0.27842482924461365,933.27734375
114374,Instrumental,4,training,29.988979591836735,0.23760877549648285,1173.2060546875
114375,Instrumental,4,training,29.976598639455784,0.2819063663482666,917.2138671875
114384,Electronic,0,training,29.976598639455784,0.4325936436653137,1173.01953125
114385,Electronic,0,training,29.976598639455784,0.4065679907798767,1172.9658203125
114386,Electronic,0,training,29.976598639455784,0.38880670070648193,961.8203125
114387,Electronic,0,training,30.002721088435376,0.3697206377983093,1174.048828125
114388,Electronic,0,training,30.002721088435376,0.35993334650993347,1173.9677734375
114389,Electronic,0,training,29.976598639455784,0.22859230637550354,1172.9453125
114390,Electronic,0,training,29.976598639455784,0.4816157817840576,1172.947265625
114391,Electronic,0,training,29.976598639455784,0.3831302523612976,1172.9453125
114392,Electronic,0,training,30.002721088435376,0.3417559564113617,1173.9677734375
114393,Electronic,0,training,29.976598639455784,0.42866745591163635,1173.0029296875
114395,Rock,7,training,30.002721088435376,0.08256494998931885,939.42578125
114396,Rock,7,training,29.976598639455784,0.05317145586013794,938.58984375
114397,Rock,7,training,29.976598639455784,0.08509134501218796,938.5927734375
114398,Rock,7,training,30.002721088435376,0.0275973342359066,939.3935546875
114399,Rock,7,training,30.002721088435376,0.07260552793741226,939.3916015625
114400,Rock,7,training,29.976598639455784,0.039795733988285065,938.576171875
114401,Rock,7,training,30.002721088435376,0.037529271095991135,939.392578125
114402,Rock,7,training,30.002721088435376,0.05535951256752014,939.412109375
114403,Rock,7,training,30.002721088435376,0.06724566221237183,939.416015625
114404,Rock,7,training,30.002721088435376,0.1433766633272171,939.4111328125
114405,Rock,7,training,29.976598639455784,0.09375112503767014,938.5830078125
114406,Rock,7,training,30.002721088435376,0.0595988892018795,939.4130859375
114408,Rock,7,training,29.976598639455784,0.05293315276503563,938.5341796875
114409,Rock,7,training,29.976598639455784,0.11206381767988205,938.5654296875
114410,Rock,7,training,30.002721088435376,0.11703893542289734,939.3544921875
114411,Rock,7,training,29.976598639455784,0.1013084426522255,938.5400390625
114412,Rock,7,training,29.976598639455784,0.08357535302639008,938.5341796875
114413,Rock,7,training,30.002721088435376,0.07674729079008102,939.3515625
114414,Rock,7,training,29.976598639455784,0.09434722363948822,938.5849609375
114415,Rock,7,training,30.002721088435376,0.10205116122961044,939.3720703125
114416,Rock,7,training,29.976598639455784,0.12207339704036713,938.57421875
114430,Rock,7,training,29.976598639455784,0.2914927005767822,1172.849609375
114532,Instrumental,4,training,29.988979591836735,0.0944494754076004,1173.484375
114533,Instrumental,4,training,29.988979591836735,0.1388763040304184,1173.478515625
114534,Instrumental,4,training,29.988979591836735,0.1175522729754448,1173.4765625
114535,Instrumental,4,training,29.988979591836735,0.07886455208063126,1173.478515625
114536,Instrumental,4,training,29.988979591836735,0.05641179531812668,1173.482421875
114538,Instrumental,4,training,29.988979591836735,0.1988019496202469,1173.478515625
114539,Instrumental,4,training,29.988979591836735,0.1715393215417862,1173.474609375
114541,Instrumental,4,training,29.988979591836735,0.12733270227909088,1173.478515625
114544,Electronic,0,training,29.988979591836735,0.32281622290611267,1173.341796875
114545,Electronic,0,training,29.988979591836735,0.30805402994155884,1173.416015625
114556,Electronic,0,training,30.002721088435376,0.4074266254901886,1174.1005859375
114558,Electronic,0,training,29.988979591836735,0.34797918796539307,1173.419921875
114559,Electronic,0,training,29.988979591836735,0.2162645161151886,1173.447265625
114879,International,5,training,29.976598639455784,0.08835234493017197,703.1328125
114880,International,5,training,29.976598639455784,0.08092967420816422,703.126953125
114884,International,5,training,30.002721088435376,0.10190015286207199,703.75390625
114936,International,5,training,30.002721088435376,0.08762568235397339,703.736328125
114937,International,5,training,30.002721088435376,0.10592766851186752,703.716796875
114938,International,5,training,30.002721088435376,0.10432130843400955,703.75
114939,International,5,training,29.976598639455784,0.10966110229492188,703.1201171875
114940,International,5,training,30.002721088435376,0.14175266027450562,703.716796875
114941,International,5,training,30.002721088435376,0.1121763065457344,703.75
114942,International,5,training,29.976598639455784,0.08352257311344147,703.12890625
114943,International,5,training,30.002721088435376,0.1210952028632164,703.712890625
114974,Experimental,1,test,29.976598639455784,0.13874052464962006,1173.1826171875
114976,Experimental,1,test,30.002721088435376,0.450581431388855,1174.20703125
115002,Instrumental,4,test,29.976598639455784,0.1634625792503357,704.1796875
115011,Instrumental,4,test,29.976598639455784,0.05140996724367142,704.140625
115125,Experimental,1,training,29.976598639455784,0.13813139498233795,937.30859375
115176,Instrumental,4,test,29.976598639455784,0.1501798927783966,704.1611328125
115262,International,5,training,30.002721088435376,0.2157028466463089,703.455078125
115263,International,5,training,30.002721088435376,0.22721467912197113,703.4638671875
115267,International,5,training,29.976598639455784,0.19687354564666748,702.849609375
115268,International,5,training,30.002721088435376,0.1682436168193817,703.4921875
115269,International,5,training,30.002721088435376,0.21751055121421814,703.486328125
115271,International,5,training,30.002721088435376,0.20039738714694977,703.7626953125
115272,International,5,training,30.002721088435376,0.17666248977184296,703.775390625
115273,International,5,training,29.976598639455784,0.2151414155960083,703.1357421875
115288,Instrumental,4,test,30.002721088435376,0.14858855307102203,704.7998046875
115289,Instrumental,4,test,30.002721088435376,0.23730742931365967,704.74609375
115290,Instrumental,4,test,29.976598639455784,0.10408934950828552,704.14453125
115292,Instrumental,4,test,30.002721088435376,0.10218485444784164,704.75390625
115293,Instrumental,4,test,29.976598639455784,0.1749958097934723,704.1484375
115294,Instrumental,4,test,30.002721088435376,0.14863932132720947,704.7705078125
115321,Electronic,0,training,29.976598639455784,0.15956342220306396,704.208984375
115339,Electronic,0,training,29.976598639455784,0.15985390543937683,704.2021484375
115391,Electronic,0,training,30.002721088435376,0.3241831064224243,1174.0791015625
115392,Electronic,0,training,30.002721088435376,0.17314043641090393,1174.0654296875
115470,Instrumental,4,training,29.988979591836735,0.1045263335108757,1173.48828125
115471,Instrumental,4,training,29.988979591836735,0.10511136054992676,1173.482421875
115472,Instrumental,4,training,29.988979591836735,0.09630899876356125,1173.4921875
115473,Instrumental,4,training,29.988979591836735,0.12095171213150024,1173.49609375
115474,Instrumental,4,training,29.988979591836735,0.05674197897315025,1173.486328125
115475,Instrumental,4,training,29.988979591836735,0.05452885851264,1173.515625
115591,Experimental,1,training,30.002721088435376,0.06650374829769135,938.125
115592,Experimental,1,training,29.976598639455784,0.1107107549905777,704.0732421875
115597,Experimental,1,training,29.976598639455784,0.13273489475250244,704.123046875
115697,Electronic,0,training,30.002721088435376,0.17884910106658936,1174.11328125
115698,Electronic,0,training,30.002721088435376,0.2678617238998413,1174.125
115699,Electronic,0,training,30.002721088435376,0.14935551583766937,1174.12109375
115700,Electronic,0,training,29.976598639455784,0.05293108522891998,1173.0908203125
115721,Electronic,0,training,29.976598639455784,0.17475104331970215,1172.0625
115722,Electronic,0,training,30.002721088435376,0.21432936191558838,1173.078125
115723,Electronic,0,training,29.976598639455784,0.1722543090581894,1172.0625
115724,Electronic,0,training,29.976598639455784,0.13876520097255707,1172.078125
115735,Rock,7,training,29.976598639455784,0.3084678053855896,1173.0947265625
115761,Rock,7,training,30.002721088435376,0.20248755812644958,1174.1298828125
115762,Rock,7,training,29.976598639455784,0.17110657691955566,1173.1103515625
115764,Rock,7,training,30.002721088435376,0.09566434472799301,1174.1142578125
115765,Rock,7,training,29.976598639455784,0.1841621845960617,1173.12109375
115766,Rock,7,training,30.002721088435376,0.10885079950094223,1174.1455078125
115767,Instrumental,4,training,29.976598639455784,0.09698884934186935,548.8779296875
115768,Instrumental,4,training,30.002721088435376,0.1142202839255333,536.1796875
115769,Instrumental,4,training,29.976598639455784,0.05799299478530884,525.3349609375
115771,Instrumental,4,training,29.976598639455784,0.07283352315425873,405.2607421875
115772,Instrumental,4,training,30.002721088435376,0.19949348270893097,552.0556640625
115773,Instrumental,4,training,29.976598639455784,0.08166421204805374,486.513671875
115774,Instrumental,4,training,30.002721088435376,0.1717521995306015,582.322265625
115775,Instrumental,4,training,29.976598639455784,0.15073338150978088,566.5078125
115811,Electronic,0,training,29.976598639455784,0.219991073012352,1173.0859375
115812,Electronic,0,training,30.002721088435376,0.2173004001379013,1174.1044921875
115813,Electronic,0,training,29.976598639455784,0.2071509063243866,1172.9794921875
115814,Electronic,0,training,29.976598639455784,0.2002720981836319,1173.0234375
115815,Electronic,0,training,30.002721088435376,0.21882392466068268,1174.1064453125
115816,Electronic,0,training,29.976598639455784,0.2272816300392151,1173.0859375
115817,Experimental,1,training,29.976598639455784,0.09538763016462326,937.296875
115849,Experimental,1,training,29.976598639455784,0.04575147479772568,1173.0791015625
115850,Experimental,1,training,29.976598639455784,0.050296276807785034,1173.0810546875
115852,Experimental,1,training,29.976598639455784,0.04465019702911377,1173.0791015625
115888,Instrumental,4,training,29.988979591836735,0.1370367705821991,1173.470703125
115891,Instrumental,4,training,29.988979591836735,0.2103845477104187,1173.4765625
115892,Instrumental,4,training,29.988979591836735,0.1689823418855667,1173.466796875
115922,Folk,2,training,30.002721088435376,0.20867235958576202,1174.1484375
115923,Folk,2,training,29.976598639455784,0.11623133718967438,1173.12890625
115925,Folk,2,training,30.002721088435376,0.22271138429641724,1175.0048828125
115926,Folk,2,test,29.976598639455784,0.19456243515014648,1173.7431640625
115927,Folk,2,training,30.002721088435376,0.21242153644561768,905.08203125
115930,Folk,2,training,30.002721088435376,0.0874742865562439,801.6943359375
115932,Folk,2,training,30.002721088435376,0.16591332852840424,816.9892578125
115935,Folk,2,training,30.002721088435376,0.142957404255867,736.978515625
115944,Folk,2,training,29.976598639455784,0.07013110816478729,469.5322265625
115948,Folk,2,training,30.002721088435376,0.07628261297941208,469.9384765625
116029,Electronic,0,training,29.976598639455784,0.11332221329212189,1173.1376953125
116068,Electronic,0,training,29.976598639455784,0.2412574142217636,1173.0859375
116098,Instrumental,4,training,29.988979591836735,0.17335562407970428,1173.482421875
116099,Instrumental,4,training,29.988979591836735,0.08350961655378342,1173.47265625
116101,Instrumental,4,training,29.988979591836735,0.1743437647819519,1173.458984375
116116,Experimental,1,training,29.976598639455784,0.21783967316150665,1173.0947265625
116119,Experimental,1,training,29.976598639455784,0.12253585457801819,1173.1015625
116175,Instrumental,4,test,29.976598639455784,0.23262916505336761,704.1904296875
116176,Instrumental,4,test,29.976598639455784,0.14445024728775024,704.2099609375
116177,Instrumental,4,test,29.976598639455784,0.21124522387981415,704.1826171875
116235,Electronic,0,training,29.976598639455784,0.17456595599651337,1173.0966796875
116236,Electronic,0,training,30.002721088435376,0.1881561130285263,1174.12109375
116237,Electronic,0,training,30.002721088435376,0.15570759773254395,1174.1279296875
116238,Electronic,0,validation,30.002721088435376,0.2537784278392792,1174.1611328125
116239,Electronic,0,training,30.002721088435376,0.35634008049964905,1174.125
116240,Electronic,0,validation,29.976598639455784,0.19724108278751373,1173.09765625
116241,Electronic,0,training,30.002721088435376,0.30624958872795105,1174.1611328125
116242,Electronic,0,training,29.976598639455784,0.28029635548591614,1173.0966796875
116243,Electronic,0,training,29.976598639455784,0.20797383785247803,1173.14453125
116261,Experimental,1,training,29.976598639455784,0.33221757411956787,1171.873046875
116344,Electronic,0,training,29.976598639455784,0.2325526475906372,1173.041015625
116345,Electronic,0,training,29.976598639455784,0.21289293467998505,1173.0791015625
116372,Experimental,1,training,30.002721088435376,0.03451698273420334,1174.2392578125
116383,Experimental,1,training,30.002721088435376,0.1520289182662964,1174.2138671875
116388,Hip-Hop,3,test,29.976598639455784,0.06067165732383728,1173.17578125
116389,Hip-Hop,3,test,30.002721088435376,0.10964078456163406,1174.2236328125
116390,Hip-Hop,3,test,30.002721088435376,0.046377722173929214,1174.1826171875
116407,Hip-Hop,3,test,29.976598639455784,0.08369854092597961,1173.1884765625
116446,Folk,2,training,30.002721088435376,0.19564217329025269,958.283203125
116447,Folk,2,training,30.002721088435376,0.15322500467300415,964.3125
116448,Folk,2,training,29.976598639455784,0.1932654231786728,982.3251953125
116449,Folk,2,training,30.002721088435376,0.20733173191547394,967.873046875
116451,Folk,2,training,29.976598639455784,0.10975991934537888,872.037109375
116452,Folk,2,training,30.002721088435376,0.18557317554950714,960.0791015625
116453,Folk,2,training,29.976598639455784,0.18080677092075348,921.1162109375
116454,Folk,2,training,29.976598639455784,0.20153886079788208,941.1748046875
116455,Folk,2,training,29.976598639455784,0.17124518752098083,911.2734375
116456,Folk,2,training,30.002721088435376,0.18523816764354706,838.25
116457,Folk,2,training,29.976598639455784,0.13148660957813263,899.3486328125
116458,Folk,2,training,29.976598639455784,0.20177806913852692,942.1884765625
116464,Experimental,1,training,30.002721088435376,0.25045058131217957,1173.9091796875
116465,Experimental,1,training,29.976598639455784,0.23957154154777527,1172.9248046875
116466,Instrumental,4,training,29.988979591836735,0.08960255235433578,1173.384765625
116467,Instrumental,4,training,29.988979591836735,0.08707169443368912,1173.384765625
116468,Instrumental,4,training,29.988979591836735,0.0638921931385994,1173.392578125
116487,Instrumental,4,training,29.988979591836735,0.07099813967943192,1173.484375
116488,Instrumental,4,training,29.988979591836735,0.11813719570636749,1173.4794921875
116489,Instrumental,4,training,29.988979591836735,0.06610804796218872,1173.4794921875
116490,Instrumental,4,training,29.988979591836735,0.10809754580259323,1173.4814453125
116491,Instrumental,4,training,29.988979591836735,0.09850452840328217,1173.4814453125
116514,Experimental,1,validation,30.002721088435376,0.2754148840904236,704.6962890625
116517,Experimental,1,validation,29.976598639455784,0.21688400208950043,704.0830078125
116525,Experimental,1,validation,29.976598639455784,0.2887606918811798,704.0869140625
116526,Instrumental,4,test,29.976598639455784,0.18232741951942444,704.1103515625
116527,Instrumental,4,test,29.976598639455784,0.2567587196826935,704.0927734375
116528,Instrumental,4,test,29.976598639455784,0.2544879615306854,704.123046875
116547,Rock,7,training,29.976598639455784,0.23003824055194855,938.580078125
116549,Instrumental,4,training,29.976598639455784,0.045031409710645676,1173.1513671875
116586,Experimental,1,training,29.976598639455784,0.15758773684501648,1173.142578125
116587,Experimental,1,training,30.002721088435376,0.07302234321832657,1173.9619140625
116704,Folk,2,training,29.976598639455784,0.06634996831417084,469.6806640625
116706,Folk,2,training,30.002721088435376,0.06437580287456512,470.048828125
116707,Folk,2,training,29.976598639455784,0.014235912822186947,469.646484375
116709,Experimental,1,training,30.002721088435376,0.09006303548812866,1174.0341796875
116733,Instrumental,4,training,29.988979591836735,0.06957992911338806,1173.5
116735,Instrumental,4,training,29.988979591836735,0.06355457752943039,1173.50390625
116736,Instrumental,4,training,29.988979591836735,0.029197223484516144,1173.5
116753,Instrumental,4,training,30.002721088435376,0.11678891628980637,1174.0703125
116755,Instrumental,4,training,29.976598639455784,0.030913757160305977,1173.04296875
116756,Instrumental,4,training,30.002721088435376,0.06893187761306763,1174.072265625
116757,Instrumental,4,training,29.976598639455784,0.06327597796916962,1173.0498046875
116758,Instrumental,4,training,30.002721088435376,0.11689580231904984,1174.0693359375
116759,Instrumental,4,training,30.002721088435376,0.10550526529550552,1174.0712890625
116760,Instrumental,4,training,30.002721088435376,0.11322571337223053,1174.0625
116833,Rock,7,training,29.976598639455784,0.7091265916824341,1173.0791015625
116868,Instrumental,4,training,29.988979591836735,0.09556401520967484,1173.5
116869,Instrumental,4,training,29.988979591836735,0.03889646753668785,1173.474609375
116870,Instrumental,4,training,29.988979591836735,0.13164983689785004,1173.505859375
116871,Instrumental,4,training,29.988979591836735,0.10431352257728577,1173.494140625
116872,Folk,2,training,29.976598639455784,0.12282560765743256,703.130859375
116873,Folk,2,training,30.002721088435376,0.13989947736263275,703.74609375
116874,Folk,2,training,29.976598639455784,0.10319922119379044,703.134765625
116876,Folk,2,training,30.002721088435376,0.1195184513926506,703.75
116877,Electronic,0,training,30.002721088435376,0.23916944861412048,1173.904296875
116878,Electronic,0,training,30.002721088435376,0.25696301460266113,1173.87890625
116879,Electronic,0,training,29.976598639455784,0.28148728609085083,1172.8935546875
116880,Electronic,0,training,30.002721088435376,0.19963164627552032,1173.880859375
116881,Electronic,0,training,29.976598639455784,0.23959513008594513,1172.8759765625
116882,Electronic,0,training,29.976598639455784,0.20730958878993988,1172.8818359375
116883,Folk,2,training,30.002721088435376,0.1142735555768013,1174.2294921875
117057,Experimental,1,training,29.976598639455784,0.11502353847026825,1172.9453125
117159,Instrumental,4,training,29.988979591836735,0.1445908397436142,1173.4453125
117160,Instrumental,4,training,29.988979591836735,0.09908559173345566,1173.4453125
117161,Instrumental,4,training,29.988979591836735,0.1594841629266739,1173.451171875
117169,Instrumental,4,training,29.988979591836735,0.05307077616453171,1173.5048828125
117170,Instrumental,4,training,29.988979591836735,0.07709161937236786,1173.4833984375
117171,Instrumental,4,training,29.988979591836735,0.015591089613735676,1173.5029296875
117172,Instrumental,4,training,29.988979591836735,0.03284534811973572,1173.4970703125
117173,Instrumental,4,training,29.988979591836735,0.05999147519469261,1173.47265625
117251,Instrumental,4,test,30.002721088435376,0.13769493997097015,704.7080078125
117252,Instrumental,4,test,30.002721088435376,0.04994375631213188,704.6982421875
117253,Instrumental,4,test,29.976598639455784,0.12852682173252106,704.1171875
117287,Electronic,0,training,29.976598639455784,0.4283035099506378,1172.0498046875
117288,Electronic,0,training,29.976598639455784,0.17590966820716858,1172.0595703125
117450,Rock,7,training,29.988979591836735,0.2587965726852417,1173.3681640625
117472,Pop,6,training,30.002721088435376,0.1484953910112381,704.501953125
117473,Pop,6,training,29.976598639455784,0.1373448669910431,703.890625
117609,Instrumental,4,training,29.988979591836735,0.10987591743469238,1173.4833984375
117610,Instrumental,4,training,29.988979591836735,0.0898343026638031,1173.5009765625
117611,Instrumental,4,training,29.988979591836735,0.09892625361680984,1173.4853515625
117612,Instrumental,4,training,29.988979591836735,0.08117004483938217,1173.478515625
117613,Instrumental,4,training,29.988979591836735,0.051867976784706116,1173.4814453125
117614,Instrumental,4,training,29.988979591836735,0.09716997295618057,1173.4892578125
117626,Instrumental,4,test,29.976598639455784,0.10673343390226364,1173.12890625
117627,Folk,2,training,30.002721088435376,0.45098304748535156,470.052734375
117628,Folk,2,training,30.002721088435376,0.3855918347835541,470.044921875
117629,Folk,2,training,30.002721088435376,0.09110007435083389,470.2958984375
117630,Folk,2,training,29.976598639455784,0.11050534248352051,960.33203125
117631,Folk,2,training,29.976598639455784,0.12098222225904465,992.66015625
117632,Folk,2,training,29.976598639455784,0.2444664090871811,469.650390625
117666,International,5,training,30.002721088435376,0.20613054931163788,1173.1689453125
117667,International,5,training,30.002721088435376,0.1848347932100296,1173.1806640625
117668,International,5,training,30.002721088435376,0.20798319578170776,1173.1806640625
117669,International,5,training,29.976598639455784,0.16986939311027527,1172.1513671875
117670,International,5,training,30.002721088435376,0.22872549295425415,1173.2216796875
117846,Experimental,1,training,30.002721088435376,0.13116511702537537,1174.134765625
117883,Rock,7,test,30.002721088435376,0.2921893894672394,703.7451171875
117884,Rock,7,test,29.976598639455784,0.26588520407676697,703.1376953125
117885,Rock,7,test,29.976598639455784,0.2979761064052582,703.1572265625
117886,Rock,7,test,30.002721088435376,0.2813389003276825,703.7763671875
117887,Rock,7,test,29.976598639455784,0.24190954864025116,703.1513671875
117942,International,5,validation,30.002721088435376,0.22947105765342712,1174.234375
117943,International,5,test,29.976598639455784,0.35622718930244446,1173.2177734375
117944,International,5,training,29.976598639455784,0.26605185866355896,1173.1923828125
117945,International,5,training,29.976598639455784,0.3049781620502472,1173.2255859375
117946,International,5,training,29.976598639455784,0.2659030258655548,1173.1904296875
117961,Experimental,1,test,29.976598639455784,0.26138636469841003,1173.2470703125
117966,Experimental,1,training,30.002721088435376,0.08611372858285904,1174.22265625
117967,Experimental,1,validation,29.976598639455784,0.07630942761898041,1173.2060546875
117970,Experimental,1,training,29.976598639455784,0.13656963407993317,1173.2041015625
117991,Experimental,1,training,30.002721088435376,0.06241026520729065,1174.2119140625
118000,Experimental,1,training,30.002721088435376,0.16488000750541687,1174.2998046875
118012,Experimental,1,training,30.002721088435376,0.25107723474502563,1174.251953125
118058,Instrumental,4,training,29.988979591836735,0.050123222172260284,1173.4794921875
118059,Instrumental,4,training,29.988979591836735,0.05235977843403816,1173.4775390625
118060,Instrumental,4,training,29.988979591836735,0.040516939014196396,1173.4677734375
118061,Instrumental,4,training,29.988979591836735,0.022911131381988525,1173.4677734375
118062,Instrumental,4,training,29.988979591836735,0.05511583760380745,1173.4697265625
118063,Instrumental,4,training,29.988979591836735,0.04160022363066673,1173.4873046875
118068,Instrumental,4,training,30.002721088435376,0.04575137421488762,1174.1875
118070,Electronic,0,validation,29.976598639455784,0.10446696728467941,1173.0732421875
118084,Experimental,1,training,29.976598639455784,0.0853242576122284,702.7861328125
118085,Experimental,1,training,29.976598639455784,0.10519709438085556,702.7802734375
118087,Experimental,1,training,29.976598639455784,0.09106922894716263,702.8037109375
118195,Experimental,1,training,30.002721088435376,0.08815942704677582,703.3876953125
118196,Experimental,1,training,29.976598639455784,0.08624424040317535,702.8193359375
118222,Experimental,1,training,29.976598639455784,0.09771893918514252,702.7939453125
118223,Experimental,1,training,29.976598639455784,0.07685878872871399,702.78515625
118257,Experimental,1,training,30.002721088435376,0.019580602645874023,1173.154296875
118276,Experimental,1,training,29.976598639455784,0.09737823158502579,702.818359375
118277,Experimental,1,training,29.976598639455784,0.1323689967393875,702.80859375
118279,Rock,7,training,30.002721088435376,0.22781287133693695,939.166015625
118327,Rock,7,training,29.976598639455784,0.10684565454721451,1173.39453125
118384,Rock,7,training,29.988979591836735,0.19388262927532196,1173.3125
118478,Experimental,1,training,29.976598639455784,0.20073361694812775,1172.96875
118484,Experimental,1,training,29.976598639455784,0.02530221827328205,1172.9677734375
118489,Experimental,1,training,29.976598639455784,0.0684148520231247,1172.9677734375
118496,Experimental,1,training,29.976598639455784,0.08759108930826187,1172.958984375
118498,Experimental,1,training,30.002721088435376,0.1973990947008133,1174.03515625
118499,Experimental,1,training,30.002721088435376,0.029446395114064217,1173.98828125
118500,Experimental,1,training,29.976598639455784,0.22902731597423553,1172.9609375
118502,Experimental,1,training,29.976598639455784,0.27044877409935,1172.9736328125
118503,Experimental,1,training,29.976598639455784,0.3441447913646698,1172.953125
118504,Experimental,1,training,30.002721088435376,0.04994392395019531,1173.9873046875
118505,Experimental,1,test,29.976598639455784,0.03390751779079437,1172.96875
118507,Experimental,1,training,29.976598639455784,0.16422700881958008,1172.9853515625
118569,Hip-Hop,3,training,29.976598639455784,0.14422497153282166,1173.001953125
118618,Instrumental,4,training,29.976598639455784,0.11799143254756927,586.755859375
118629,Electronic,0,training,29.976598639455784,0.08082801848649979,1173.15234375
118670,Folk,2,training,29.976598639455784,0.1711149960756302,1173.064453125
118671,Folk,2,training,29.976598639455784,0.16677820682525635,1173.0673828125
118672,Folk,2,training,29.976598639455784,0.1770702451467514,1173.052734375
118674,Folk,2,training,29.976598639455784,0.21098539233207703,945.87890625
118734,Electronic,0,training,29.976598639455784,0.24488212168216705,986.7861328125
118735,Folk,2,training,29.976598639455784,0.10135623812675476,723.5537109375
118738,Folk,2,training,30.002721088435376,0.2084064930677414,505.525390625
118739,Folk,2,training,30.002721088435376,0.15741674602031708,620.6015625
118886,Folk,2,validation,30.002721088435376,0.2034750133752823,1173.16015625
118891,Folk,2,validation,30.002721088435376,0.26464349031448364,1173.185546875
118920,Electronic,0,training,29.976598639455784,0.2251977026462555,703.93359375
118921,Electronic,0,training,30.002721088435376,0.22787070274353027,704.5654296875
118922,Electronic,0,training,30.002721088435376,0.2435431182384491,704.5791015625
118923,Electronic,0,training,29.976598639455784,0.0555390864610672,586.705078125
118950,Instrumental,4,training,29.988979591836735,0.03642631322145462,1173.41796875
118951,Instrumental,4,training,29.988979591836735,0.04040900245308876,1173.4228515625
118952,Instrumental,4,training,29.988979591836735,0.05889009311795235,1173.4208984375
118953,Instrumental,4,training,29.988979591836735,0.04935038834810257,1173.4228515625
118954,Instrumental,4,training,29.988979591836735,0.046685509383678436,1173.416015625
118955,Instrumental,4,training,29.988979591836735,0.03688647970557213,1173.4248046875
118957,Experimental,1,training,30.002721088435376,0.12706808745861053,938.3740234375
118958,Experimental,1,training,30.002721088435376,0.18911117315292358,938.3544921875
118972,Experimental,1,training,29.976598639455784,0.049677323549985886,937.552734375
118986,Experimental,1,training,29.988979591836735,0.3744336664676666,1173.3212890625
118987,Experimental,1,training,29.988979591836735,0.30999651551246643,1173.3251953125
118988,Experimental,1,training,29.988979591836735,0.22223509848117828,1173.3212890625
119025,Experimental,1,training,30.002721088435376,0.11912057548761368,704.7431640625
119026,Experimental,1,training,29.976598639455784,0.0986909493803978,704.1171875
119027,Experimental,1,training,29.976598639455784,0.11697915196418762,704.1552734375
119063,Experimental,1,training,30.002721088435376,0.10814855247735977,470.0322265625
119086,Experimental,1,training,29.976598639455784,0.13788966834545135,469.6455078125
119095,Experimental,1,training,30.002721088435376,0.0794813483953476,470.021484375
119097,Experimental,1,training,29.976598639455784,0.08273974806070328,469.62890625
119118,Experimental,1,training,30.002721088435376,0.17672622203826904,704.7890625
119134,Experimental,1,training,29.976598639455784,0.15188272297382355,704.158203125
119187,Pop,6,training,30.002721088435376,0.2893611192703247,704.7109375
119193,Pop,6,training,30.002721088435376,0.13644559681415558,704.703125
119257,Rock,7,training,30.002721088435376,0.03324638679623604,704.703125
119369,Experimental,1,training,29.976598639455784,0.035377681255340576,704.1025390625
119379,Experimental,1,training,30.002721088435376,0.05982453003525734,704.73046875
119413,Experimental,1,training,29.976598639455784,0.2385863959789276,704.1787109375
119545,Experimental,1,training,29.976598639455784,0.3775164484977722,704.107421875
119569,Rock,7,training,29.976598639455784,0.110626220703125,704.11328125
119571,Rock,7,training,29.976598639455784,0.04454318434000015,704.1396484375
119574,Rock,7,training,30.002721088435376,0.08119767904281616,704.75390625
119575,Experimental,1,training,30.002721088435376,0.07967367023229599,704.8076171875
119578,Experimental,1,training,30.002721088435376,0.14629624783992767,704.7890625
119579,Experimental,1,training,29.976598639455784,0.20816631615161896,704.2216796875
119580,Experimental,1,training,29.976598639455784,0.11982934176921844,704.28125
119582,Experimental,1,training,30.002721088435376,0.11039574444293976,704.767578125
119583,Experimental,1,training,29.976598639455784,0.16459432244300842,704.1552734375
119584,Pop,6,test,30.002721088435376,0.08037242293357849,704.66796875
119592,Pop,6,test,29.976598639455784,0.0660260021686554,704.078125
119715,Rock,7,training,30.002721088435376,0.20403353869915009,939.4052734375
119719,Folk,2,training,29.976598639455784,0.23733177781105042,938.474609375
119725,Folk,2,training,29.976598639455784,0.22177942097187042,938.4833984375
119726,Folk,2,training,29.976598639455784,0.2826813757419586,938.4736328125
119727,Experimental,1,training,30.002721088435376,0.22208158671855927,1174.1083984375
119745,Experimental,1,validation,30.002721088435376,0.07908674329519272,1174.0498046875
119828,Instrumental,4,test,30.002721088435376,0.21471840143203735,704.751953125
119830,Instrumental,4,test,29.976598639455784,0.22006113827228546,704.091796875
119831,Instrumental,4,test,30.002721088435376,0.2000836282968521,704.7158203125
119893,Instrumental,4,training,29.988979591836735,0.05578228831291199,1173.4609375
119894,Instrumental,4,training,29.988979591836735,0.1326085776090622,1173.4638671875
119895,Instrumental,4,training,29.988979591836735,0.06826156377792358,1173.462890625
119896,Instrumental,4,training,29.988979591836735,0.09321505576372147,1173.4609375
119897,Instrumental,4,training,29.988979591836735,0.08519984781742096,1173.466796875
119898,Instrumental,4,training,29.988979591836735,0.0390872023999691,1173.47265625
119899,Instrumental,4,training,29.988979591836735,0.09896688908338547,1173.474609375
119900,Instrumental,4,training,29.988979591836735,0.10560116916894913,1173.4609375
119901,Instrumental,4,training,29.988979591836735,0.10824304074048996,1173.45703125
119922,Rock,7,training,30.002721088435376,0.23436102271080017,939.197265625
119938,Hip-Hop,3,training,29.976598639455784,0.14305022358894348,638.357421875
119939,Hip-Hop,3,training,29.976598639455784,0.24890458583831787,619.7939453125
119940,Hip-Hop,3,training,29.976598639455784,0.2320551723241806,672.5263671875
119941,Hip-Hop,3,training,30.002721088435376,0.2255064994096756,694.23828125
119942,Hip-Hop,3,training,30.002721088435376,0.2280784398317337,637.521484375
119979,Hip-Hop,3,training,29.976598639455784,0.022536979988217354,1173.02734375
119985,Hip-Hop,3,training,30.002721088435376,0.22923554480075836,1174.0732421875
119988,Hip-Hop,3,training,30.002721088435376,0.2131807953119278,1174.0703125
119991,Hip-Hop,3,training,30.002721088435376,0.20871403813362122,1174.09765625
119992,Hip-Hop,3,training,29.976598639455784,0.14402779936790466,1173.0810546875
119993,Hip-Hop,3,training,30.002721088435376,0.24616873264312744,1174.0888671875
119994,Hip-Hop,3,training,30.002721088435376,0.22769714891910553,1174.0625
120099,Pop,6,validation,30.002721088435376,0.1527853161096573,704.7353515625
120105,Pop,6,training,29.976598639455784,0.12428299337625504,704.107421875
120109,Pop,6,training,29.976598639455784,0.21149253845214844,704.15234375
120111,Pop,6,training,30.002721088435376,0.14387619495391846,704.8271484375
120112,Pop,6,training,30.002721088435376,0.07008961588144302,704.7265625
120150,Experimental,1,training,29.976598639455784,0.07041600346565247,704.1884765625
120160,Experimental,1,training,29.976598639455784,0.0627727210521698,704.1455078125
120161,Experimental,1,training,30.002721088435376,0.14797015488147736,704.775390625
120171,Experimental,1,training,29.976598639455784,0.04255381226539612,704.1982421875
120172,Folk,2,training,29.976598639455784,0.04962834343314171,937.66015625
120177,Folk,2,training,29.976598639455784,0.11631416529417038,937.6611328125
120178,Folk,2,training,30.002721088435376,0.08513308316469193,938.46875
120179,Pop,6,training,29.976598639455784,0.23472186923027039,704.146484375
120183,Pop,6,training,30.002721088435376,0.20723366737365723,704.767578125
120184,Pop,6,training,30.002721088435376,0.17554473876953125,704.7451171875
120188,Pop,6,training,30.002721088435376,0.14174436032772064,704.779296875
120189,Pop,6,training,30.002721088435376,0.1592211127281189,704.7529296875
120194,Pop,6,training,29.976598639455784,0.2771635055541992,704.1474609375
120196,Pop,6,training,29.976598639455784,0.37613657116889954,704.1591796875
120199,Pop,6,training,29.976598639455784,0.12214735150337219,704.11328125
120200,Pop,6,training,29.976598639455784,0.22645457088947296,704.138671875
120201,Pop,6,validation,29.976598639455784,0.2020774781703949,704.2197265625
120203,Pop,6,training,29.976598639455784,0.12394947558641434,704.1298828125
120206,Pop,6,test,29.976598639455784,0.14922958612442017,704.17578125
120207,Pop,6,training,30.002721088435376,0.12653401494026184,704.7421875
120208,Pop,6,training,29.976598639455784,0.12288136035203934,704.1494140625
120296,Instrumental,4,training,29.976598639455784,0.21471534669399261,1173.0634765625
120297,Instrumental,4,training,29.988979591836735,0.12342929095029831,1173.427734375
120298,Instrumental,4,training,29.988979591836735,0.2706417441368103,1173.421875
120299,Instrumental,4,training,29.976598639455784,0.18290095031261444,1173.0712890625
120300,Instrumental,4,training,30.002721088435376,0.17447474598884583,1174.0908203125
120302,Instrumental,4,training,30.002721088435376,0.1435682326555252,1174.0947265625
120303,Instrumental,4,training,29.976598639455784,0.06924258172512054,1173.0751953125
120304,Instrumental,4,training,29.988979591836735,0.1823970079421997,1173.427734375
120305,Instrumental,4,training,29.988979591836735,0.20027661323547363,1173.427734375
120306,Instrumental,4,training,29.976598639455784,0.1537424474954605,1173.0830078125
120307,Instrumental,4,training,30.002721088435376,0.17579799890518188,1174.0947265625
120308,Instrumental,4,training,29.976598639455784,0.23347927629947662,1173.0771484375
120309,Instrumental,4,training,30.002721088435376,0.11526418477296829,1174.0986328125
120310,Instrumental,4,training,29.988979591836735,0.13157229125499725,1173.43359375
120312,Instrumental,4,training,29.988979591836735,0.13955046236515045,1173.435546875
120313,Instrumental,4,training,30.002721088435376,0.14395825564861298,1174.1025390625
120314,Instrumental,4,training,30.002721088435376,0.15065914392471313,1174.103515625
120315,Instrumental,4,training,30.002721088435376,0.09757839888334274,1174.095703125
120316,Instrumental,4,training,30.002721088435376,0.17306452989578247,1174.08203125
120317,Instrumental,4,training,30.002721088435376,0.12079375237226486,1174.0859375
120318,Instrumental,4,training,29.976598639455784,0.07279569655656815,1173.0927734375
120319,Instrumental,4,training,30.002721088435376,0.07969377934932709,1174.0986328125
120320,Instrumental,4,training,30.002721088435376,0.21034272015094757,1174.1015625
120321,Instrumental,4,training,29.976598639455784,0.1925375759601593,1173.0908203125
120322,Instrumental,4,training,29.988979591836735,0.17990726232528687,1173.421875
120323,Instrumental,4,training,30.002721088435376,0.1828221082687378,1174.09765625
120324,Instrumental,4,training,30.002721088435376,0.15788017213344574,1174.1044921875
120325,Instrumental,4,training,29.976598639455784,0.07917460799217224,1173.076171875
120326,Instrumental,4,training,29.976598639455784,0.06960802525281906,1173.068359375
120327,Instrumental,4,training,29.976598639455784,0.13954958319664001,1173.076171875
120328,Instrumental,4,training,29.976598639455784,0.10557787865400314,1173.0830078125
120329,Instrumental,4,training,29.976598639455784,0.1022748053073883,1173.1005859375
120330,Instrumental,4,training,29.988979591836735,0.14090563356876373,1173.43359375
120331,Instrumental,4,training,29.976598639455784,0.10518409311771393,1173.0732421875
120332,Instrumental,4,training,29.988979591836735,0.1499650478363037,1173.41796875
120333,Instrumental,4,training,29.988979591836735,0.15256382524967194,1173.4462890625
120462,Electronic,0,training,30.002721088435376,0.1776709407567978,1173.8544921875
120466,Electronic,0,training,30.002721088435376,0.16134507954120636,1173.861328125
120467,Electronic,0,training,29.976598639455784,0.1664452999830246,1172.8544921875
120468,Electronic,0,training,29.976598639455784,0.28124696016311646,1172.8408203125
120469,Electronic,0,training,30.002721088435376,0.27596795558929443,1173.8603515625
120470,Electronic,0,training,30.002721088435376,0.36680880188941956,1173.865234375
120471,Electronic,0,training,29.976598639455784,0.25127771496772766,1172.84375
120504,Instrumental,4,training,29.976598639455784,0.10419360548257828,684.3076171875
120513,Instrumental,4,validation,29.976598639455784,0.24886824190616608,1173.078125
120514,Instrumental,4,validation,30.002721088435376,0.3222745358943939,1174.099609375
120515,Instrumental,4,validation,29.976598639455784,0.1971820443868637,1173.0625
120518,Rock,7,validation,29.976598639455784,0.22799183428287506,469.548828125
120769,Instrumental,4,training,29.976598639455784,0.11055301129817963,1173.0947265625
120770,Instrumental,4,training,29.976598639455784,0.20666415989398956,1173.0986328125
120771,Instrumental,4,training,30.002721088435376,0.08936008810997009,1174.1328125
120772,Instrumental,4,training,29.976598639455784,0.04286167398095131,1173.099609375
120773,Instrumental,4,training,30.002721088435376,0.13781572878360748,1174.107421875
120774,Instrumental,4,training,30.002721088435376,0.08644431084394455,1174.1171875
120775,Instrumental,4,training,30.002721088435376,0.09956851601600647,1174.1474609375
120776,Instrumental,4,training,29.976598639455784,0.08262623846530914,1173.0986328125
120777,Instrumental,4,training,30.002721088435376,0.1631098985671997,1174.1103515625
120778,Instrumental,4,training,29.976598639455784,0.061587315052747726,1173.10546875
120779,Experimental,1,validation,29.976598639455784,0.16024167835712433,1173.0927734375
120782,Experimental,1,validation,30.002721088435376,0.42232170701026917,1174.125
121251,Rock,7,training,29.976598639455784,0.2156108319759369,1173.255859375
121256,Rock,7,training,30.002721088435376,0.1040404811501503,1174.1181640625
121257,Rock,7,training,29.976598639455784,0.1334950476884842,1173.142578125
121273,Experimental,1,training,29.976598639455784,0.12629321217536926,1007.296875
121288,Experimental,1,training,29.976598639455784,0.13562051951885223,908.3701171875
121312,Hip-Hop,3,training,29.976598639455784,0.20835347473621368,928.8515625
121313,Hip-Hop,3,training,30.002721088435376,0.1262831687927246,872.5341796875
121314,Hip-Hop,3,training,29.976598639455784,0.2740156650543213,896.216796875
121315,Hip-Hop,3,training,29.976598639455784,0.33685675263404846,784.4033203125
121316,Hip-Hop,3,training,30.002721088435376,0.24692755937576294,861.1259765625
121317,Hip-Hop,3,training,30.002721088435376,0.18546926975250244,772.8037109375
121318,Hip-Hop,3,training,29.976598639455784,0.22040025889873505,886.705078125
121319,Hip-Hop,3,training,30.002721088435376,0.21149501204490662,893.904296875
121320,Hip-Hop,3,training,29.976598639455784,0.22256214916706085,932.150390625
121321,Hip-Hop,3,training,29.976598639455784,0.22274167835712433,911.30859375
121322,Hip-Hop,3,training,29.976598639455784,0.28297555446624756,888.8974609375
121323,Hip-Hop,3,training,30.002721088435376,0.2649577260017395,883.2041015625
121346,Experimental,1,training,29.976598639455784,0.19432546198368073,937.4169921875
121366,Experimental,1,training,29.976598639455784,0.06156584620475769,704.2021484375
121415,Rock,7,test,29.976598639455784,0.31274348497390747,1090.021484375
121449,Electronic,0,training,29.976598639455784,0.26045918464660645,978.830078125
121450,Electronic,0,training,29.976598639455784,0.22212399542331696,996.728515625
121451,Electronic,0,training,29.976598639455784,0.33988896012306213,1084.8095703125
121452,Electronic,0,training,30.002721088435376,0.31791651248931885,1015.2734375
121453,Electronic,0,training,30.002721088435376,0.24974976480007172,924.2109375
121454,Electronic,0,training,29.976598639455784,0.26663458347320557,1023.4599609375
121472,Instrumental,4,training,29.988979591836735,0.10169690102338791,704.3291015625
121473,Instrumental,4,training,29.988979591836735,0.1429467350244522,704.3017578125
121474,Instrumental,4,training,29.988979591836735,0.06300043314695358,704.3154296875
121475,Instrumental,4,training,29.988979591836735,0.07134115695953369,704.3037109375
121570,Rock,7,training,30.002721088435376,0.20872947573661804,1173.1474609375
121589,Pop,6,training,30.002721088435376,0.20414255559444427,1173.16796875
121590,Pop,6,training,29.976598639455784,0.24222144484519958,1172.1494140625
121591,Pop,6,training,30.002721088435376,0.24791286885738373,1173.1650390625
121592,Pop,6,training,30.002721088435376,0.22090105712413788,1173.1572265625
121593,Pop,6,training,30.002721088435376,0.22833038866519928,1173.1865234375
121594,Pop,6,training,29.976598639455784,0.23665407299995422,1172.1435546875
121595,Electronic,0,test,30.002721088435376,0.22152568399906158,469.8642578125
121651,Instrumental,4,validation,29.976598639455784,0.5094814896583557,997.4775390625
121652,Instrumental,4,validation,30.002721088435376,0.1541140079498291,800.404296875
121653,Instrumental,4,validation,29.976598639455784,0.20722104609012604,1052.9306640625
121654,Instrumental,4,validation,29.976598639455784,0.28832322359085083,923.3642578125
121655,Instrumental,4,validation,29.976598639455784,0.14077351987361908,800.83984375
121656,Instrumental,4,validation,30.002721088435376,0.3229351341724396,949.1025390625
121657,Instrumental,4,validation,29.976598639455784,0.22541597485542297,1025.9794921875
121658,Instrumental,4,validation,29.976598639455784,0.2778494656085968,1021.3232421875
121659,Instrumental,4,validation,29.976598639455784,0.19903092086315155,964.162109375
121660,Instrumental,4,validation,29.976598639455784,0.44579407572746277,925.2841796875
121661,Instrumental,4,validation,29.976598639455784,0.15505440533161163,1004.1982421875
121662,Instrumental,4,validation,30.002721088435376,0.4366437494754791,777.8369140625
121663,Instrumental,4,validation,29.976598639455784,0.1994512379169464,865.5869140625
121664,Instrumental,4,validation,29.976598639455784,0.0684242695569992,840.5732421875
121665,Instrumental,4,validation,29.976598639455784,0.08417261391878128,971.408203125
121666,Instrumental,4,validation,29.976598639455784,0.1387006938457489,899.9990234375
121734,Pop,6,training,29.976598639455784,0.22717691957950592,469.5390625
121735,Pop,6,training,29.976598639455784,0.18346327543258667,469.5263671875
121736,Pop,6,training,30.002721088435376,0.30092936754226685,469.916015625
121737,Pop,6,training,30.002721088435376,0.26338809728622437,469.9375
121738,Pop,6,training,29.976598639455784,0.2256711721420288,469.517578125
121739,Pop,6,training,29.976598639455784,0.16226397454738617,469.5888671875
121740,Pop,6,training,29.976598639455784,0.27281537652015686,586.7890625
121813,Rock,7,training,30.002721088435376,0.23303350806236267,1174.462890625
121866,Rock,7,training,29.976598639455784,0.22046305239200592,937.6708984375
121867,Rock,7,training,29.976598639455784,0.23898936808109283,937.6669921875
121869,Rock,7,training,30.002721088435376,0.23366759717464447,938.486328125
121913,International,5,test,29.976598639455784,0.09414665400981903,938.646484375
121915,International,5,test,30.002721088435376,0.31739455461502075,939.45703125
121922,International,5,test,30.002721088435376,0.2849934697151184,939.4853515625
121926,International,5,test,29.976598639455784,0.2972029745578766,938.658203125
121929,International,5,test,29.976598639455784,0.27906569838523865,938.6298828125
121930,International,5,test,29.976598639455784,0.2542884349822998,938.646484375
121976,Experimental,1,training,29.976598639455784,0.1211470291018486,1173.224609375
121985,Experimental,1,training,29.976598639455784,0.2453128695487976,1173.205078125
121987,Experimental,1,training,30.002721088435376,0.08340126276016235,1174.28515625
121998,Experimental,1,test,30.002721088435376,0.10624489188194275,1174.2431640625
122001,Experimental,1,training,29.976598639455784,0.20813077688217163,1173.22265625
122003,Experimental,1,training,29.976598639455784,0.14897358417510986,1173.255859375
122004,Experimental,1,training,30.002721088435376,0.1729593724012375,1174.2548828125
122066,Rock,7,training,29.988979591836735,0.16132864356040955,1173.4169921875
122077,Rock,7,training,29.988979591836735,0.15965203940868378,1173.4189453125
122079,Rock,7,training,29.988979591836735,0.11805162578821182,1173.4150390625
122080,Rock,7,training,29.988979591836735,0.15786169469356537,1173.4189453125
122081,Rock,7,training,29.988979591836735,0.1951076090335846,1173.4189453125
122082,Rock,7,training,29.988979591836735,0.16439826786518097,1173.4091796875
122083,Rock,7,training,29.988979591836735,0.14896441996097565,1173.423828125
122084,Rock,7,training,29.988979591836735,0.14305484294891357,1173.4248046875
122085,Rock,7,training,29.988979591836735,0.15128523111343384,1173.4208984375
122086,Rock,7,training,29.988979591836735,0.15907786786556244,1173.416015625
122087,Rock,7,training,29.988979591836735,0.19374185800552368,1173.4228515625
122088,Rock,7,training,29.988979591836735,0.1568911224603653,1173.408203125
122106,Experimental,1,test,30.002721088435376,0.12436432391405106,1174.1396484375
122107,Experimental,1,test,30.002721088435376,0.11768057197332382,1174.15234375
122132,Experimental,1,training,30.002721088435376,0.1582736372947693,1174.1953125
122143,Experimental,1,test,29.976598639455784,0.14395925402641296,1173.2080078125
122153,Experimental,1,training,30.002721088435376,0.1509840339422226,1174.2041015625
122155,Experimental,1,test,29.976598639455784,0.1945846676826477,1173.2412109375
122166,Experimental,1,training,30.002721088435376,0.22277402877807617,1174.2451171875
122168,Experimental,1,test,30.002721088435376,0.13861370086669922,1174.1875
122190,Rock,7,training,29.976598639455784,0.17703117430210114,1172.9111328125
122199,Experimental,1,training,30.002721088435376,0.14033232629299164,1174.2216796875
122201,Experimental,1,training,29.976598639455784,0.10521965473890305,1173.162109375
122204,Experimental,1,training,29.976598639455784,0.1847318410873413,1173.212890625
122247,Experimental,1,training,29.976598639455784,0.18864686787128448,937.427734375
122261,Experimental,1,training,29.976598639455784,0.3032046854496002,948.1689453125
122352,Folk,2,validation,29.976598639455784,0.1175895482301712,1173.005859375
122353,Folk,2,validation,30.002721088435376,0.07425098121166229,1174.0595703125
122354,Folk,2,validation,30.002721088435376,0.12795262038707733,1174.0380859375
122355,Folk,2,validation,30.002721088435376,0.1137048602104187,1174.056640625
122356,Folk,2,validation,29.976598639455784,0.11789067834615707,1173.0322265625
122357,Folk,2,validation,29.976598639455784,0.1490686982870102,1173.033203125
122358,Folk,2,validation,30.002721088435376,0.1163395419716835,1174.0546875
122359,Folk,2,validation,30.002721088435376,0.14013655483722687,1174.0625
122360,Folk,2,validation,30.002721088435376,0.0830170065164566,1174.033203125
122362,Folk,2,validation,29.976598639455784,0.0868932455778122,1173.02734375
122363,Folk,2,validation,29.976598639455784,0.07948966324329376,1173.0234375
122364,Folk,2,validation,30.002721088435376,0.09013865888118744,1174.0380859375
122365,Folk,2,validation,30.002721088435376,0.040761783719062805,1174.0615234375
122395,Rock,7,training,29.976598639455784,0.14841674268245697,937.6591796875
122397,Rock,7,training,30.002721088435376,0.15601657330989838,938.48828125
122398,Rock,7,training,29.976598639455784,0.15291334688663483,937.6708984375
122399,Rock,7,training,30.002721088435376,0.10079781711101532,938.5029296875
122400,Rock,7,training,30.002721088435376,0.12720252573490143,938.48046875
122456,Electronic,0,validation,30.002721088435376,0.2359258085489273,1174.14453125
122457,Electronic,0,validation,30.002721088435376,0.18768149614334106,1174.169921875
122472,Rock,7,training,30.002721088435376,0.2808496356010437,969.57421875
122473,Pop,6,training,29.976598639455784,0.3000708222389221,971.3388671875
122474,Pop,6,training,30.002721088435376,0.25669002532958984,923.4794921875
122475,Pop,6,training,29.976598639455784,0.1555890589952469,913.7978515625
122498,Pop,6,training,30.002721088435376,0.2066856026649475,985.376953125
122499,Pop,6,training,30.002721088435376,0.12222856283187866,1056.83203125
122500,Pop,6,training,30.002721088435376,0.35174763202667236,979.451171875
122503,Pop,6,training,29.976598639455784,0.2622874975204468,860.728515625
122504,Pop,6,training,29.976598639455784,0.04482916370034218,781.3740234375
122510,Instrumental,4,test,29.976598639455784,0.18706223368644714,703.921875
122511,Instrumental,4,test,30.002721088435376,0.10060755908489227,704.71484375
122533,Pop,6,training,30.002721088435376,0.35649573802948,1000.9150390625
122534,Pop,6,training,30.002721088435376,0.09563396126031876,749.0341796875
122578,Pop,6,training,30.002721088435376,0.05396543815732002,916.5703125
122579,Pop,6,training,29.976598639455784,0.18206487596035004,948.4296875
122620,Rock,7,training,30.002721088435376,0.18477025628089905,938.4638671875
122621,Instrumental,4,training,29.976598639455784,0.11221065372228622,1173.1005859375
122622,Instrumental,4,training,29.988979591836735,0.1046404168009758,1173.47265625
122623,Instrumental,4,training,29.976598639455784,0.11562267690896988,1173.068359375
122624,Instrumental,4,training,29.976598639455784,0.43421468138694763,1173.11328125
122625,Instrumental,4,training,30.002721088435376,0.20183183252811432,1174.171875
122626,Instrumental,4,training,29.976598639455784,0.23854869604110718,1173.1455078125
122627,Instrumental,4,training,29.976598639455784,0.14809338748455048,1173.107421875
122628,Instrumental,4,training,29.976598639455784,0.25372686982154846,1173.1181640625
122630,Instrumental,4,training,29.976598639455784,0.38425546884536743,1173.123046875
122631,Instrumental,4,training,30.002721088435376,0.23382443189620972,1174.126953125
122632,Instrumental,4,training,29.976598639455784,0.34165164828300476,1173.1201171875
122633,Instrumental,4,training,29.976598639455784,0.34612831473350525,1173.1123046875
122634,Instrumental,4,training,29.976598639455784,0.175735205411911,1173.130859375
122635,Instrumental,4,training,29.976598639455784,0.19835418462753296,1173.12109375
122644,Instrumental,4,training,29.976598639455784,0.31986212730407715,1173.0400390625
122645,Instrumental,4,training,29.976598639455784,0.10862093418836594,1173.044921875
122646,Instrumental,4,training,30.002721088435376,0.21603292226791382,1174.068359375
122647,Instrumental,4,training,30.002721088435376,0.19355018436908722,1174.052734375
122648,Instrumental,4,training,29.976598639455784,0.28486526012420654,1173.03515625
122649,Instrumental,4,training,29.976598639455784,0.2890223562717438,1173.0595703125
122650,Instrumental,4,training,29.976598639455784,0.38421350717544556,1173.033203125
122651,Instrumental,4,training,29.976598639455784,0.2017798125743866,1173.05078125
122654,Instrumental,4,training,29.976598639455784,0.28089749813079834,1173.068359375
122671,Instrumental,4,training,30.002721088435376,0.08903472870588303,703.5302734375
122673,Instrumental,4,training,29.976598639455784,0.10377909988164902,702.9150390625
122675,Instrumental,4,training,30.002721088435376,0.09098006039857864,703.5205078125
122683,Rock,7,training,29.976598639455784,0.11864833533763885,1172.9638671875
122685,Rock,7,training,29.976598639455784,0.16324807703495026,1172.96484375
122686,Rock,7,training,30.002721088435376,0.2468401938676834,1174.0068359375
122798,Pop,6,training,30.002721088435376,0.20165053009986877,704.7080078125
122799,Pop,6,training,30.002721088435376,0.20322616398334503,704.7109375
122800,Pop,6,training,30.002721088435376,0.16073231399059296,704.7001953125
122803,Pop,6,training,29.976598639455784,0.17273864150047302,704.1123046875
122804,Pop,6,training,30.002721088435376,0.20539812743663788,704.708984375
122805,Pop,6,training,29.976598639455784,0.17656655609607697,704.09765625
122806,Pop,6,training,30.002721088435376,0.1676567941904068,704.705078125
122807,Pop,6,training,30.002721088435376,0.21946771442890167,704.7080078125
122808,Pop,6,training,30.002721088435376,0.25001245737075806,704.7021484375
122809,Pop,6,training,29.976598639455784,0.20481480658054352,704.09765625
122810,Pop,6,training,30.002721088435376,0.21018418669700623,704.7119140625
122832,Electronic,0,validation,30.002721088435376,0.34596505761146545,1174.1591796875
122901,International,5,training,29.976598639455784,0.2709788382053375,1172.0556640625
122910,Experimental,1,training,30.002721088435376,0.13423533737659454,939.439453125
122911,Rock,7,training,29.988979591836735,0.12560485303401947,1173.4970703125
122932,Folk,2,training,29.976598639455784,0.16585946083068848,1172.1259765625
122934,Folk,2,training,29.976598639455784,0.2902619540691376,1172.1318359375
122935,Folk,2,training,29.976598639455784,0.19097012281417847,1172.1279296875
122936,Folk,2,training,29.976598639455784,0.13109460473060608,1172.1279296875
122959,Experimental,1,training,29.976598639455784,0.07208487391471863,1173.16015625
122999,Electronic,0,training,30.002721088435376,0.244960755109787,1174.1337890625
123000,Electronic,0,training,29.976598639455784,0.27947717905044556,1173.107421875
123001,Electronic,0,training,29.976598639455784,0.16575407981872559,1173.1005859375
123002,Electronic,0,training,30.002721088435376,0.22215838730335236,1174.119140625
123003,Electronic,0,training,29.976598639455784,0.16455009579658508,1173.1259765625
123004,Electronic,0,training,29.976598639455784,0.303485244512558,1173.126953125
123094,Folk,2,training,30.002721088435376,0.06678450852632523,938.529296875
123096,Folk,2,training,30.002721088435376,0.0616334043443203,938.529296875
123097,Folk,2,training,30.002721088435376,0.06680132448673248,938.533203125
123099,Folk,2,training,29.976598639455784,0.065907783806324,937.71875
123147,Hip-Hop,3,training,29.976598639455784,0.13214817643165588,704.072265625
123273,Rock,7,training,30.002721088435376,0.11782685667276382,587.3466796875
123278,Rock,7,training,29.976598639455784,0.2342326045036316,1173.0673828125
123333,Experimental,1,training,30.002721088435376,0.21388517320156097,1092.17578125
123342,Experimental,1,training,29.976598639455784,0.15593619644641876,966.41796875
123427,Rock,7,training,29.976598639455784,0.10504086315631866,937.599609375
123438,Hip-Hop,3,training,29.976598639455784,0.25608688592910767,937.634765625
123439,Hip-Hop,3,training,30.002721088435376,0.31665799021720886,938.4443359375
123440,Hip-Hop,3,training,30.002721088435376,0.3694625198841095,938.4599609375
123441,Hip-Hop,3,training,30.002721088435376,0.30209410190582275,938.4404296875
123442,Hip-Hop,3,training,30.002721088435376,0.2726087272167206,938.4638671875
123458,Instrumental,4,training,29.976598639455784,0.13596989214420319,703.9189453125
123461,Instrumental,4,training,29.976598639455784,0.18108095228672028,703.9541015625
123467,Instrumental,4,training,29.976598639455784,0.13116192817687988,703.9296875
123468,Instrumental,4,training,30.002721088435376,0.13652834296226501,704.556640625
123474,Rock,7,training,29.976598639455784,0.11400127410888672,1173.1220703125
123484,Instrumental,4,training,29.976598639455784,0.08834466338157654,586.86328125
123485,Instrumental,4,training,29.976598639455784,0.11262903362512589,586.837890625
123486,Instrumental,4,training,29.976598639455784,0.1428283154964447,586.84765625
123487,Instrumental,4,training,29.976598639455784,0.05322614312171936,586.8427734375
123488,Instrumental,4,training,30.002721088435376,0.10749837011098862,587.345703125
123490,Folk,2,validation,30.002721088435376,0.19829460978507996,1174.443359375
123494,Folk,2,validation,30.002721088435376,0.08246199041604996,939.361328125
123501,Electronic,0,validation,29.976598639455784,0.20005063712596893,1173.0810546875
123502,Electronic,0,validation,30.002721088435376,0.37078696489334106,1174.1318359375
123503,Electronic,0,validation,29.976598639455784,0.17371279001235962,1173.09375
123504,Electronic,0,training,30.002721088435376,0.17901046574115753,1174.1484375
123505,Electronic,0,training,29.976598639455784,0.21561160683631897,1173.1416015625
123506,Electronic,0,training,29.976598639455784,0.24657735228538513,1173.1904296875
123509,Pop,6,training,29.976598639455784,0.1700928658246994,1173.1435546875
123523,Instrumental,4,training,29.976598639455784,0.10418029874563217,1173.01171875
123614,Hip-Hop,3,training,30.002721088435376,0.22209933400154114,1174.125
123641,Hip-Hop,3,training,29.976598639455784,0.22280029952526093,1173.0263671875
123645,Hip-Hop,3,training,29.976598639455784,0.30166950821876526,1173.03125
123647,Hip-Hop,3,training,29.976598639455784,0.2283315807580948,1173.083984375
123760,Instrumental,4,training,29.988979591836735,0.03115818090736866,704.2548828125
123761,Instrumental,4,training,30.002721088435376,0.10735374689102173,703.5966796875
123762,Instrumental,4,training,30.002721088435376,0.02223779819905758,703.6044921875
123763,Instrumental,4,training,29.976598639455784,0.04581435024738312,702.9853515625
123764,Instrumental,4,training,30.002721088435376,0.030664309859275818,703.6025390625
123821,Rock,7,training,29.976598639455784,0.18973559141159058,944.5400390625
123825,Rock,7,training,29.976598639455784,0.12619656324386597,896.3359375
123832,Rock,7,training,30.002721088435376,0.08514836430549622,842.2939453125
123834,Rock,7,training,30.002721088435376,0.22231429815292358,888.3994140625
123835,Rock,7,training,29.976598639455784,0.08591591566801071,750.275390625
123866,Rock,7,training,30.002721088435376,0.27757614850997925,938.486328125
123867,Rock,7,training,29.976598639455784,0.283330500125885,937.6728515625
123868,Rock,7,training,30.002721088435376,0.2512965798377991,938.48046875
123899,Folk,2,training,29.976598639455784,0.0635940432548523,937.59765625
123932,Electronic,0,training,29.976598639455784,0.3023967742919922,1003.541015625
123933,Electronic,0,training,29.976598639455784,0.286869078874588,814.8203125
123934,Electronic,0,training,29.976598639455784,0.31791117787361145,1011.251953125
123935,Electronic,0,training,30.002721088435376,0.2593018412590027,828.7265625
123936,Electronic,0,training,30.002721088435376,0.16507433354854584,897.23046875
123937,Electronic,0,training,29.976598639455784,0.28698301315307617,899.6357421875
123938,Electronic,0,training,29.976598639455784,0.2532331943511963,842.5322265625
123964,Hip-Hop,3,training,29.976598639455784,0.22151722013950348,938.6259765625
123965,Hip-Hop,3,training,30.002721088435376,0.08711200207471848,939.451171875
123966,Hip-Hop,3,training,30.002721088435376,0.2036261260509491,939.44921875
123968,Hip-Hop,3,training,29.976598639455784,0.19838030636310577,938.6455078125
123969,Hip-Hop,3,training,30.002721088435376,0.16786091029644012,939.4453125
123970,Hip-Hop,3,training,30.002721088435376,0.1379120945930481,939.4375
123971,Hip-Hop,3,training,29.976598639455784,0.29634514451026917,938.634765625
123972,Hip-Hop,3,training,30.002721088435376,0.19138072431087494,1174.1513671875
123973,Hip-Hop,3,training,29.976598639455784,0.27417558431625366,938.63671875
123974,Hip-Hop,3,training,29.976598639455784,0.24859283864498138,938.6513671875
123975,Hip-Hop,3,training,29.976598639455784,0.1811269223690033,938.6416015625
123976,Hip-Hop,3,training,29.976598639455784,0.1930452287197113,938.6376953125
123977,Hip-Hop,3,training,29.976598639455784,0.26149648427963257,938.63671875
123978,Hip-Hop,3,training,29.976598639455784,0.15549789369106293,938.658203125
123979,Hip-Hop,3,training,30.002721088435376,0.09642773866653442,939.455078125
123980,Hip-Hop,3,training,30.002721088435376,0.1837528645992279,939.4501953125
123981,Hip-Hop,3,training,30.002721088435376,0.31367576122283936,1007.474609375
123986,Hip-Hop,3,training,29.976598639455784,0.2782522439956665,1051.3115234375
124154,Experimental,1,training,30.002721088435376,0.043168894946575165,1174.080078125
124175,Instrumental,4,training,29.976598639455784,0.09475293010473251,542.8701171875
124176,Instrumental,4,training,29.976598639455784,0.07536525279283524,536.7392578125
124177,Instrumental,4,training,30.002721088435376,0.1574782133102417,528.15234375
124178,Instrumental,4,training,29.976598639455784,0.06582584232091904,578.3935546875
124179,Instrumental,4,training,29.976598639455784,0.0840722993016243,477.9931640625
124180,Instrumental,4,training,30.002721088435376,0.08665855973958969,588.4375
124181,Instrumental,4,training,29.976598639455784,0.0688248947262764,593.5849609375
124183,Instrumental,4,training,29.976598639455784,0.12160779535770416,576.0087890625
124184,Rock,7,test,29.976598639455784,0.2731485366821289,1173.134765625
124185,Rock,7,test,30.002721088435376,0.28441208600997925,1174.1884765625
124186,Rock,7,test,30.002721088435376,0.18440993130207062,1174.1611328125
124201,Rock,7,validation,30.002721088435376,0.21444666385650635,470.0556640625
124231,Experimental,1,training,29.976598639455784,0.2237858772277832,938.5654296875
124391,Rock,7,test,30.002721088435376,0.19501012563705444,704.6650390625
124392,Rock,7,test,30.002721088435376,0.1499498039484024,704.6572265625
124393,Rock,7,test,29.976598639455784,0.06964817643165588,704.052734375
124394,Rock,7,test,30.002721088435376,0.18628448247909546,704.6669921875
124409,Experimental,1,training,30.002721088435376,0.07163777947425842,703.73828125
124411,Experimental,1,training,30.002721088435376,0.10276776552200317,703.7373046875
124424,Folk,2,training,29.976598639455784,0.12052939087152481,703.19140625
124425,Folk,2,training,30.002721088435376,0.12089314311742783,703.787109375
124426,Folk,2,training,30.002721088435376,0.11245623975992203,703.783203125
124460,Rock,7,training,30.002721088435376,0.16426153481006622,703.71484375
124461,Rock,7,training,29.976598639455784,0.1535862684249878,703.1357421875
124470,Rock,7,training,30.002721088435376,0.17183272540569305,938.4521484375
124474,Pop,6,training,29.976598639455784,0.38483813405036926,704.078125
124477,Pop,6,training,29.976598639455784,0.33804619312286377,704.095703125
124479,Pop,6,training,29.976598639455784,0.36729565262794495,704.0869140625
124480,Pop,6,training,29.976598639455784,0.3596486449241638,704.0908203125
124481,Pop,6,training,29.976598639455784,0.3624556064605713,704.0810546875
124482,Pop,6,training,30.002721088435376,0.4077654480934143,704.693359375
124483,Pop,6,training,29.976598639455784,0.3426210284233093,704.072265625
124484,Pop,6,training,29.976598639455784,0.41937458515167236,704.0703125
124485,Pop,6,training,30.002721088435376,0.1866646558046341,704.701171875
124509,Experimental,1,training,29.976598639455784,0.18552975356578827,1173.08984375
124517,Experimental,1,validation,29.976598639455784,0.05551299452781677,1173.1298828125
124518,Experimental,1,validation,29.976598639455784,0.058481425046920776,1173.1572265625
124519,Experimental,1,validation,30.002721088435376,0.03799660876393318,1174.2109375
124554,Electronic,0,training,29.976598639455784,0.2145916223526001,1173.0302734375
124555,Electronic,0,training,30.002721088435376,0.21971070766448975,1174.0546875
124702,Hip-Hop,3,training,30.002721088435376,0.10744614154100418,704.7001953125
124752,Electronic,0,training,30.002721088435376,0.26864081621170044,1173.09765625
124753,Electronic,0,training,30.002721088435376,0.31102216243743896,1173.0927734375
124754,Electronic,0,training,29.976598639455784,0.2977740466594696,1172.0791015625
124755,Electronic,0,training,29.976598639455784,0.09326256066560745,1172.0615234375
124756,Electronic,0,training,29.976598639455784,0.2695288062095642,1172.0673828125
124870,Experimental,1,training,29.976598639455784,0.22610513865947723,756.30078125
124872,Instrumental,4,training,30.002721088435376,0.054401006549596786,1174.091796875
124873,Instrumental,4,training,30.002721088435376,0.11841394752264023,1174.0556640625
124874,Instrumental,4,training,29.976598639455784,0.15660235285758972,1173.0556640625
124875,Instrumental,4,training,30.002721088435376,0.06998005509376526,1174.083984375
124876,Instrumental,4,training,29.976598639455784,0.09879555553197861,1173.0625
124877,Instrumental,4,training,29.976598639455784,0.05307817459106445,1173.05078125
124891,Experimental,1,validation,30.002721088435376,0.2021816223859787,939.3720703125
124892,Experimental,1,validation,30.002721088435376,0.1966921091079712,939.390625
124912,Electronic,0,training,30.002721088435376,0.22369256615638733,767.21875
124913,Electronic,0,training,29.976598639455784,0.267355740070343,772.3369140625
124915,Electronic,0,training,29.976598639455784,0.17178930342197418,734.06640625
124916,Electronic,0,training,29.976598639455784,0.15397869050502777,794.9521484375
124917,Electronic,0,training,30.002721088435376,0.28274768590927124,840.234375
124918,Electronic,0,training,29.976598639455784,0.2540892958641052,1172.97265625
124971,Experimental,1,training,29.976598639455784,0.1649492383003235,937.41015625
124992,Rock,7,training,29.976598639455784,0.2347186654806137,586.8505859375
124996,Rock,7,training,29.976598639455784,0.21265862882137299,586.8466796875
125001,Rock,7,training,29.976598639455784,0.26202714443206787,586.8427734375
125002,Rock,7,training,29.976598639455784,0.22224338352680206,586.845703125
125003,Rock,7,training,29.976598639455784,0.16361413896083832,586.8525390625
125004,Rock,7,training,29.976598639455784,0.18468953669071198,586.8310546875
125154,Electronic,0,validation,29.976598639455784,0.1407547891139984,1173.171875
125156,Electronic,0,validation,29.976598639455784,0.13257639110088348,1173.1640625
125157,Electronic,0,validation,30.002721088435376,0.17310836911201477,1174.2138671875
125158,Electronic,0,validation,30.002721088435376,0.1631762981414795,1174.1806640625
125159,Electronic,0,validation,29.976598639455784,0.1778010129928589,1173.1640625
125160,Electronic,0,validation,30.002721088435376,0.22391009330749512,1174.1962890625
125161,Electronic,0,validation,29.976598639455784,0.17936190962791443,1173.16796875
125182,Folk,2,training,29.976598639455784,0.22203195095062256,1172.92578125
125183,Folk,2,training,29.976598639455784,0.23592914640903473,1172.92578125
125185,Folk,2,training,29.976598639455784,0.28735536336898804,1172.931640625
125186,Folk,2,training,29.976598639455784,0.26141446828842163,1172.919921875
125187,Folk,2,training,30.002721088435376,0.2831663489341736,1173.9443359375
125188,Folk,2,training,30.002721088435376,0.2895188331604004,1173.94140625
125189,Folk,2,training,29.976598639455784,0.25463494658470154,1172.958984375
125190,Folk,2,training,29.976598639455784,0.23809923231601715,1172.91796875
125191,Folk,2,training,29.976598639455784,0.2282390594482422,1172.9189453125
125192,Folk,2,training,30.002721088435376,0.2775394916534424,1173.98046875
125193,Folk,2,training,29.976598639455784,0.20479947328567505,1172.9443359375
125194,Folk,2,training,29.976598639455784,0.21151579916477203,1172.9326171875
125195,Folk,2,training,30.002721088435376,0.267595499753952,1173.9541015625
125196,Folk,2,training,30.002721088435376,0.2476627677679062,1173.94921875
125237,Experimental,1,validation,30.002721088435376,0.1459345668554306,1173.9970703125
125238,Experimental,1,validation,30.002721088435376,0.2108999788761139,1174.009765625
125239,Experimental,1,validation,30.002721088435376,0.4767735004425049,1174.0869140625
125240,Experimental,1,validation,30.002721088435376,0.15800189971923828,1174.0322265625
125286,Electronic,0,training,30.002721088435376,0.21211670339107513,939.4228515625
125287,Electronic,0,training,29.976598639455784,0.19208787381649017,938.595703125
125288,Electronic,0,training,29.976598639455784,0.0998360812664032,938.6279296875
125289,Electronic,0,training,29.976598639455784,0.2462560087442398,938.6474609375
125291,Electronic,0,training,29.976598639455784,0.2798422873020172,938.5986328125
125293,Electronic,0,training,29.976598639455784,0.2871645987033844,938.6630859375
125298,Electronic,0,training,30.002721088435376,0.20891501009464264,939.443359375
125299,Electronic,0,training,29.976598639455784,0.25641265511512756,938.6376953125
125312,International,5,training,30.002721088435376,0.21140509843826294,703.5
125313,International,5,training,29.976598639455784,0.3588997721672058,702.880859375
125314,International,5,training,29.976598639455784,0.23264223337173462,702.861328125
125315,Electronic,0,training,30.002721088435376,0.22916822135448456,939.40234375
125333,Experimental,1,training,30.002721088435376,0.0717935785651207,1174.0791015625
125337,Experimental,1,training,30.002721088435376,0.025031665340065956,1174.0869140625
125375,Pop,6,training,30.002721088435376,0.21206332743167877,587.3720703125
125377,Pop,6,training,29.976598639455784,0.40064796805381775,586.8701171875
125432,Rock,7,training,29.988979591836735,0.23793117702007294,1173.4970703125
125551,Rock,7,training,30.002721088435376,0.13209253549575806,1174.146484375
125612,Instrumental,4,training,30.002721088435376,0.016102872788906097,1174.0458984375
125614,Instrumental,4,training,29.976598639455784,0.05119333788752556,1173.0302734375
125616,Instrumental,4,training,30.002721088435376,0.12769442796707153,1174.046875
125617,Instrumental,4,training,29.976598639455784,0.08788630366325378,1173.048828125
125618,Instrumental,4,training,30.002721088435376,0.03517267480492592,1174.05859375
125620,Instrumental,4,training,29.976598639455784,0.04953095689415932,1173.03125
125621,Instrumental,4,training,29.976598639455784,0.08808967471122742,1173.0419921875
125622,Instrumental,4,training,30.002721088435376,0.05082082003355026,1174.0546875
125657,Instrumental,4,training,29.988979591836735,0.13731767237186432,1173.494140625
125659,Instrumental,4,training,29.988979591836735,0.14699548482894897,1173.48046875
125680,Instrumental,4,training,30.002721088435376,0.11619521677494049,1174.1259765625
125681,Instrumental,4,training,30.002721088435376,0.07250566780567169,1174.1474609375
125721,Pop,6,training,29.976598639455784,0.37320008873939514,1173.025390625
125722,Pop,6,training,30.002721088435376,0.37995752692222595,1174.0498046875
125723,Pop,6,training,30.002721088435376,0.37990471720695496,1174.0517578125
125774,Rock,7,training,29.976598639455784,0.2487626075744629,1172.1669921875
125776,Rock,7,training,29.976598639455784,0.20166689157485962,1172.173828125
125777,Rock,7,training,29.976598639455784,0.24950900673866272,1172.166015625
125778,Rock,7,training,29.976598639455784,0.22870856523513794,1172.1640625
125779,Rock,7,training,30.002721088435376,0.2303900122642517,1173.1875
125809,Instrumental,4,training,29.976598639455784,0.023809142410755157,1173.0263671875
125812,Instrumental,4,training,29.976598639455784,0.07176017016172409,1173.03515625
125813,Instrumental,4,training,29.976598639455784,0.014470180496573448,1173.0341796875
125814,Instrumental,4,training,29.976598639455784,0.039115484803915024,1173.02734375
125815,Instrumental,4,training,29.988979591836735,0.10180243849754333,1173.439453125
125816,Instrumental,4,training,29.988979591836735,0.0326680913567543,1173.4375
125817,Instrumental,4,training,29.988979591836735,0.11092517524957657,1173.439453125
125818,Instrumental,4,training,29.988979591836735,0.05544878542423248,1173.4072265625
125819,Instrumental,4,training,29.988979591836735,0.12379918247461319,1173.4052734375
125820,Instrumental,4,training,29.988979591836735,0.1505999118089676,1173.41015625
125821,Instrumental,4,training,29.988979591836735,0.04413853585720062,1173.4384765625
125822,Instrumental,4,training,29.988979591836735,0.059843968600034714,1173.4033203125
125823,Instrumental,4,training,29.988979591836735,0.15664483606815338,1173.4765625
125824,Instrumental,4,training,29.988979591836735,0.08058364689350128,1173.4765625
125825,Instrumental,4,training,29.988979591836735,0.1249634325504303,1173.482421875
125826,Instrumental,4,training,29.988979591836735,0.13374002277851105,1173.46875
125827,Instrumental,4,training,29.988979591836735,0.080965057015419,1173.484375
125999,Electronic,0,validation,30.002721088435376,0.1555659919977188,1173.94140625
126014,Instrumental,4,training,30.002721088435376,0.07479715347290039,1174.140625
126015,Instrumental,4,training,29.976598639455784,0.12494321912527084,1173.1044921875
126016,Instrumental,4,training,30.002721088435376,0.11610918492078781,1174.125
126017,Instrumental,4,training,30.002721088435376,0.10481317341327667,1174.126953125
126018,Instrumental,4,training,30.002721088435376,0.1368519812822342,1174.126953125
126047,Rock,7,training,30.002721088435376,0.27444496750831604,703.5263671875
126055,Experimental,1,training,30.002721088435376,0.1149686872959137,734.025390625
126102,Pop,6,training,29.976598639455784,0.34770697355270386,1173.01171875
126103,Pop,6,training,30.002721088435376,0.3125002384185791,1174.0205078125
126104,Pop,6,training,30.002721088435376,0.3294651508331299,1174.0244140625
126105,Pop,6,training,29.976598639455784,0.3341323435306549,1172.990234375
126180,Instrumental,4,training,29.976598639455784,0.20056591928005219,843.2763671875
126181,Instrumental,4,training,29.976598639455784,0.20208017528057098,746.2890625
126182,Instrumental,4,training,29.976598639455784,0.23156028985977173,798.796875
126183,Instrumental,4,training,30.002721088435376,0.22405824065208435,822.625
126185,Instrumental,4,training,29.976598639455784,0.07710963487625122,692.8134765625
126186,Instrumental,4,training,30.002721088435376,0.22254008054733276,831.935546875
126187,Instrumental,4,training,30.002721088435376,0.16791297495365143,722.1171875
126188,Instrumental,4,training,30.002721088435376,0.22094622254371643,742.4892578125
126189,Instrumental,4,training,30.002721088435376,0.18991343677043915,748.9189453125
126214,Instrumental,4,training,29.976598639455784,0.06206387281417847,1173.0263671875
126215,Instrumental,4,training,30.002721088435376,0.0961495041847229,1174.0556640625
126216,Instrumental,4,training,30.002721088435376,0.04984968528151512,1174.0478515625
126217,Instrumental,4,training,29.976598639455784,0.13059712946414948,1173.03125
126218,Instrumental,4,training,30.002721088435376,0.036705974489450455,1174.0556640625
126219,Instrumental,4,training,29.976598639455784,0.10429267585277557,1173.033203125
126220,Instrumental,4,training,29.976598639455784,0.10042499005794525,1173.03125
126221,Experimental,1,training,29.976598639455784,0.10540849715471268,1173.0166015625
126223,Experimental,1,training,30.002721088435376,0.09662625938653946,1173.89453125
126224,Experimental,1,training,29.976598639455784,0.052807677537202835,1172.8720703125
126225,Experimental,1,training,29.976598639455784,0.09674850851297379,1172.8740234375
126226,Experimental,1,training,29.976598639455784,0.08783847838640213,1172.8544921875
126227,Experimental,1,training,29.976598639455784,0.0804172232747078,1172.8642578125
126229,Instrumental,4,training,30.002721088435376,0.018407978117465973,1174.041015625
126230,Instrumental,4,training,29.976598639455784,0.03757466748356819,1173.0205078125
126231,Instrumental,4,training,29.976598639455784,0.033291179686784744,1173.0205078125
126232,Instrumental,4,training,29.976598639455784,0.04132850840687752,1173.03515625
126233,Instrumental,4,training,30.002721088435376,0.018206309527158737,1174.05859375
126234,Instrumental,4,training,29.976598639455784,0.06890105456113815,1173.0390625
126240,Instrumental,4,test,29.976598639455784,0.25908902287483215,704.12890625
126241,Instrumental,4,test,29.976598639455784,0.23142431676387787,704.142578125
126242,Instrumental,4,test,30.002721088435376,0.22496818006038666,704.7529296875
126243,Instrumental,4,test,30.002721088435376,0.18947142362594604,704.78515625
126276,Instrumental,4,training,29.976598639455784,0.06092628091573715,1172.8642578125
126283,Instrumental,4,training,30.002721088435376,0.06069134548306465,1173.888671875
126289,Instrumental,4,training,30.002721088435376,0.05994118005037308,1173.9208984375
126290,Instrumental,4,training,30.002721088435376,0.07659083604812622,1173.919921875
126291,Instrumental,4,training,30.002721088435376,0.025660358369350433,1173.9208984375
126292,Electronic,0,validation,30.002721088435376,0.12376244366168976,1174.21875
126294,Rock,7,training,29.976598639455784,0.16682299971580505,1173.0234375
126295,Rock,7,training,30.002721088435376,0.19607804715633392,1174.00390625
126297,Rock,7,training,29.976598639455784,0.25714540481567383,1173.005859375
126300,Rock,7,training,29.976598639455784,0.2079908400774002,1172.9912109375
126316,Instrumental,4,training,29.988979591836735,0.05992833897471428,665.0380859375
126317,Instrumental,4,training,29.988979591836735,0.07288156449794769,668.2265625
126318,Instrumental,4,training,29.988979591836735,0.08994113653898239,712.9287109375
126319,Instrumental,4,training,29.988979591836735,0.06681958585977554,757.849609375
126320,Instrumental,4,training,29.988979591836735,0.10195799916982651,706.6611328125
126321,Instrumental,4,training,29.988979591836735,0.0653342753648758,664.1796875
126354,Pop,6,training,29.976598639455784,0.1613132208585739,704.06640625
126357,Pop,6,training,30.002721088435376,0.13911110162734985,704.6904296875
126362,Pop,6,training,29.976598639455784,0.06600787490606308,704.0673828125
126398,Pop,6,training,30.002721088435376,0.1430039256811142,950.212890625
126400,Pop,6,training,30.002721088435376,0.16631703078746796,901.9228515625
126401,Pop,6,training,30.002721088435376,0.24128839373588562,983.9306640625
126402,Pop,6,training,30.002721088435376,0.1747651845216751,900.0751953125
126403,Pop,6,training,30.002721088435376,0.1373176872730255,949.9794921875
126404,Pop,6,training,29.976598639455784,0.20180568099021912,919.8154296875
126405,Pop,6,training,29.976598639455784,0.09432802349328995,921.6474609375
126406,Pop,6,training,30.002721088435376,0.2598985433578491,1015.14453125
126407,Pop,6,training,30.002721088435376,0.2733766734600067,953.3515625
126408,Instrumental,4,training,30.002721088435376,0.05695180222392082,1174.1474609375
126409,Instrumental,4,training,29.976598639455784,0.08024394512176514,1173.126953125
126410,Instrumental,4,training,30.002721088435376,0.1385904997587204,1174.1552734375
126411,Instrumental,4,training,30.002721088435376,0.1493707001209259,1174.14453125
126412,Instrumental,4,training,30.002721088435376,0.15300050377845764,1174.1572265625
126413,Instrumental,4,training,30.002721088435376,0.09436701983213425,1174.1376953125
126414,Instrumental,4,training,29.976598639455784,0.04681527614593506,1173.0947265625
126415,Instrumental,4,training,30.002721088435376,0.13073256611824036,1174.12890625
126416,Instrumental,4,training,30.002721088435376,0.0648043155670166,1174.13671875
126417,Instrumental,4,training,30.002721088435376,0.03675249218940735,1174.126953125
126425,Pop,6,training,29.976598639455784,0.23394429683685303,931.8857421875
126426,Pop,6,training,29.976598639455784,0.2750491201877594,908.560546875
126427,Pop,6,training,29.976598639455784,0.26741668581962585,963.884765625
126428,Pop,6,training,29.976598639455784,0.3935052752494812,936.4111328125
126429,Pop,6,training,29.976598639455784,0.20760677754878998,1044.865234375
126430,Pop,6,training,29.976598639455784,0.08151344209909439,526.203125
126431,Pop,6,training,30.002721088435376,0.3676086664199829,997.8720703125
126455,Folk,2,training,29.976598639455784,0.051789477467536926,895.369140625
126489,Folk,2,training,30.002721088435376,0.15377070009708405,1025.025390625
126490,Folk,2,training,29.976598639455784,0.15418927371501923,947.71875
126491,Folk,2,training,30.002721088435376,0.11781278997659683,914.06640625
126505,Experimental,1,training,29.976598639455784,0.06786095350980759,1173.1455078125
126506,Experimental,1,validation,30.002721088435376,0.15120822191238403,1174.1552734375
126507,Experimental,1,test,29.976598639455784,0.139194056391716,1173.1806640625
126508,Experimental,1,training,29.976598639455784,0.006238461472094059,1173.154296875
126510,Experimental,1,training,29.976598639455784,0.06334692984819412,1173.1064453125
126512,Experimental,1,training,30.002721088435376,0.06906484067440033,1174.1328125
126516,Experimental,1,validation,29.976598639455784,0.29242759943008423,1173.13671875
126519,Experimental,1,training,29.976598639455784,0.15565718710422516,1173.126953125
126520,Experimental,1,training,30.002721088435376,0.06551112979650497,1174.2529296875
126521,Experimental,1,training,29.976598639455784,0.2209998369216919,1173.1552734375
126522,Experimental,1,training,29.976598639455784,0.31223052740097046,1173.1640625
126550,Experimental,1,validation,29.976598639455784,0.08604475110769272,937.46484375
126557,Experimental,1,validation,29.976598639455784,0.17669813334941864,937.46484375
126559,Experimental,1,validation,29.976598639455784,0.1936117708683014,937.46484375
126584,Instrumental,4,validation,30.002721088435376,0.28976377844810486,1174.1259765625
126585,Instrumental,4,validation,30.002721088435376,0.21911802887916565,1174.1240234375
126586,Instrumental,4,validation,29.976598639455784,0.21382997930049896,1173.1396484375
126587,Instrumental,4,validation,29.976598639455784,0.2223033756017685,1173.10546875
126588,Instrumental,4,validation,30.002721088435376,0.19479577243328094,1174.1591796875
126589,Instrumental,4,validation,29.976598639455784,0.2019503265619278,1173.162109375
126598,Rock,7,training,29.988979591836735,0.23544396460056305,704.55078125
126600,Experimental,1,training,30.002721088435376,0.26121988892555237,1173.939453125
126601,Experimental,1,training,29.976598639455784,0.34478095173835754,1172.9462890625
126602,Experimental,1,training,29.976598639455784,0.2985819876194,1172.8955078125
126603,Experimental,1,training,29.976598639455784,0.23520509898662567,1172.8935546875
126605,Experimental,1,training,29.976598639455784,0.31405818462371826,1172.89453125
126606,Experimental,1,training,30.002721088435376,0.4012417793273926,1173.9287109375
126607,Experimental,1,training,30.002721088435376,0.30546391010284424,1173.91015625
126608,Experimental,1,training,29.976598639455784,0.21783289313316345,1172.8916015625
126646,Instrumental,4,training,29.988979591836735,0.21180181205272675,704.1953125
126666,Rock,7,training,30.002721088435376,0.236296147108078,1174.0517578125
126667,Rock,7,training,30.002721088435376,0.23450042307376862,1174.046875
126668,Rock,7,training,29.976598639455784,0.1976536214351654,1173.0341796875
126669,Rock,7,training,30.002721088435376,0.25342869758605957,1174.0419921875
126670,Rock,7,training,30.002721088435376,0.21994058787822723,1174.0419921875
126671,Rock,7,training,30.002721088435376,0.23348061740398407,1174.0439453125
126672,Rock,7,training,29.976598639455784,0.2291123867034912,1173.0166015625
126673,Rock,7,training,29.976598639455784,0.1691615879535675,1173.0087890625
126674,Rock,7,training,30.002721088435376,0.15333493053913116,1174.05859375
126675,Rock,7,training,30.002721088435376,0.225863516330719,1174.0419921875
126676,Rock,7,training,30.002721088435376,0.17094609141349792,1174.05859375
126716,Instrumental,4,training,29.976598639455784,0.04204268753528595,1173.111328125
126717,Instrumental,4,training,29.976598639455784,0.06583362817764282,1173.1015625
126718,Instrumental,4,training,29.976598639455784,0.12619589269161224,1173.1015625
126719,Instrumental,4,training,30.002721088435376,0.07219402492046356,1174.12890625
126720,Instrumental,4,training,29.976598639455784,0.06956735998392105,1173.1025390625
126743,Folk,2,training,29.976598639455784,0.17954441905021667,989.7158203125
126746,Folk,2,training,30.002721088435376,0.19449619948863983,965.7080078125
126747,Folk,2,training,30.002721088435376,0.2077440619468689,977.263671875
126748,Folk,2,training,30.002721088435376,0.22039549052715302,1010.39453125
126749,Folk,2,training,29.976598639455784,0.23595348000526428,1085.3291015625
126773,Electronic,0,validation,30.002721088435376,0.058860719203948975,1174.1748046875
126778,Folk,2,training,29.976598639455784,0.12725147604942322,1173.27734375
126781,Folk,2,training,29.976598639455784,0.10087992995977402,1173.2421875
126782,Folk,2,training,29.976598639455784,0.09558510780334473,1173.2763671875
126786,Folk,2,training,30.002721088435376,0.09061399102210999,1174.3203125
126789,Folk,2,training,29.976598639455784,0.10820339620113373,1173.3056640625
126790,Folk,2,training,30.002721088435376,0.11729512363672256,1174.322265625
126882,Instrumental,4,training,29.976598639455784,0.09311836957931519,1173.1103515625
126883,Instrumental,4,training,30.002721088435376,0.05696770176291466,1174.1396484375
126884,Instrumental,4,training,30.002721088435376,0.09126334637403488,1174.1337890625
126885,Instrumental,4,training,29.976598639455784,0.07248865067958832,1173.115234375
126886,Instrumental,4,training,30.002721088435376,0.0936838760972023,1174.1357421875
126887,Instrumental,4,training,29.976598639455784,0.12841399013996124,1173.10546875
126899,Electronic,0,training,29.976598639455784,0.17194707691669464,1172.8212890625
126900,Electronic,0,training,30.002721088435376,0.3136560618877411,1173.8447265625
126944,Rock,7,training,29.976598639455784,0.26914069056510925,1172.0810546875
126979,Folk,2,training,29.976598639455784,0.07296516746282578,896.8408203125
127036,Instrumental,4,training,30.002721088435376,0.020871076732873917,911.3408203125
127037,Instrumental,4,training,30.002721088435376,0.0840369239449501,946.0458984375
127062,Folk,2,training,30.002721088435376,0.14371977746486664,988.9931640625
127066,Folk,2,training,30.002721088435376,0.08713019639253616,953.197265625
127155,Experimental,1,training,29.976598639455784,0.07037244737148285,1172.962890625
127159,Electronic,0,training,29.976598639455784,0.18213491141796112,640.3115234375
127180,Pop,6,test,30.002721088435376,0.2883621156215668,922.3671875
127181,Pop,6,test,29.976598639455784,0.24498112499713898,849.931640625
127182,Pop,6,test,29.976598639455784,0.21681444346904755,973.599609375
127183,Pop,6,test,30.002721088435376,0.29360586404800415,883.087890625
127184,Pop,6,test,29.976598639455784,0.2971296012401581,939.96875
127185,Pop,6,test,29.976598639455784,0.2285607010126114,847.4228515625
127186,Pop,6,test,30.002721088435376,0.260731041431427,940.728515625
127187,Pop,6,test,29.976598639455784,0.23357899487018585,947.4736328125
127188,Pop,6,test,30.002721088435376,0.20729787647724152,952.912109375
127189,Pop,6,test,29.976598639455784,0.1262417435646057,879.8125
127190,Folk,2,training,30.002721088435376,0.18830783665180206,721.0439453125
127191,Folk,2,training,30.002721088435376,0.2948201596736908,909.23828125
127192,Folk,2,training,30.002721088435376,0.2117685079574585,876.0302734375
127193,Folk,2,training,29.976598639455784,0.18219146132469177,886.5771484375
127194,Folk,2,training,29.976598639455784,0.20244209468364716,891.9716796875
127203,Pop,6,training,29.976598639455784,0.3113890588283539,853.662109375
127204,Pop,6,training,29.976598639455784,0.24836046993732452,944.7802734375
127205,Pop,6,training,29.976598639455784,0.27609264850616455,814.125
127206,Pop,6,training,29.976598639455784,0.28019416332244873,990.1796875
127207,Instrumental,4,training,30.002721088435376,0.13744568824768066,655.294921875
127208,Instrumental,4,training,30.002721088435376,0.1150253638625145,862.212890625
127209,Instrumental,4,training,29.976598639455784,0.11044202744960785,915.0966796875
127210,Instrumental,4,training,29.976598639455784,0.06232171133160591,756.4111328125
127211,Instrumental,4,training,29.976598639455784,0.07825956493616104,778.4931640625
127212,Instrumental,4,training,29.976598639455784,0.06890881806612015,774.4697265625
127263,Electronic,0,training,30.002721088435376,0.1965746283531189,1174.0234375
127265,Folk,2,training,29.976598639455784,0.11382927745580673,766.9560546875
127266,Folk,2,training,30.002721088435376,0.09537672251462936,749.900390625
127267,Folk,2,training,29.976598639455784,0.14285656809806824,750.876953125
127268,Pop,6,training,29.976598639455784,0.2919842302799225,1026.9267578125
127269,Pop,6,training,29.976598639455784,0.34923967719078064,1006.4990234375
127271,Pop,6,training,29.976598639455784,0.2865734398365021,964.4736328125
127273,Pop,6,training,30.002721088435376,0.31923630833625793,991.4287109375
127274,Pop,6,training,29.976598639455784,0.26415112614631653,992.146484375
127275,Pop,6,training,29.976598639455784,0.27207526564598083,954.2578125
127276,Pop,6,training,30.002721088435376,0.2749248743057251,926.724609375
127277,Pop,6,training,29.976598639455784,0.26906418800354004,1045.6923828125
127278,Pop,6,training,29.976598639455784,0.32099783420562744,1010.755859375
127279,Pop,6,training,30.002721088435376,0.1614803969860077,882.505859375
127280,Pop,6,training,29.976598639455784,0.26117709279060364,896.7548828125
127281,Pop,6,training,29.976598639455784,0.23870636522769928,1009.59765625
127285,Pop,6,training,29.976598639455784,0.36629176139831543,1017.6484375
127286,Pop,6,training,30.002721088435376,0.2460254430770874,992.7880859375
127287,Pop,6,training,29.976598639455784,0.15420730412006378,944.3955078125
127288,Pop,6,training,29.976598639455784,0.2578510046005249,970.423828125
127289,Pop,6,training,30.002721088435376,0.21015343070030212,836.1943359375
127290,Pop,6,training,30.002721088435376,0.3840041160583496,1016.8466796875
127294,Pop,6,training,29.976598639455784,0.4412573277950287,1063.9326171875
127295,Pop,6,training,30.002721088435376,0.43471649289131165,1029.9541015625
127296,Pop,6,training,30.002721088435376,0.22484378516674042,958.0810546875
127297,Pop,6,training,29.976598639455784,0.417458713054657,1048.9814453125
127298,Pop,6,training,30.002721088435376,0.3195134401321411,985.37109375
127299,Pop,6,training,30.002721088435376,0.38468122482299805,1010.3779296875
127300,Pop,6,training,29.976598639455784,0.35131630301475525,988.75
127301,Pop,6,training,29.976598639455784,0.3438442349433899,965.4521484375
127302,Pop,6,training,29.976598639455784,0.29709795117378235,1015.6689453125
127303,Pop,6,training,30.002721088435376,0.22631148993968964,937.25
127330,Rock,7,test,30.002721088435376,0.3625503182411194,703.73828125
127331,Instrumental,4,test,30.002721088435376,0.25047776103019714,704.7685546875
127339,Rock,7,training,29.976598639455784,0.18361490964889526,1173.091796875
127343,Electronic,0,training,30.002721088435376,0.4159674346446991,1174.103515625
127349,Electronic,0,training,30.002721088435376,0.28995686769485474,1174.1162109375
127350,Electronic,0,training,29.976598639455784,0.1937229037284851,1173.0849609375
127356,International,5,training,29.976598639455784,0.1470823585987091,703.1845703125
127357,International,5,training,30.002721088435376,0.14239737391471863,703.7724609375
127358,International,5,training,30.002721088435376,0.14157992601394653,703.830078125
127359,International,5,training,29.976598639455784,0.15972194075584412,703.197265625
127360,International,5,training,30.002721088435376,0.15800097584724426,703.7890625
127402,Experimental,1,training,29.988979591836735,0.1708677113056183,1173.5712890625
127422,Experimental,1,training,29.976598639455784,0.05692317709326744,1173.1064453125
127469,Experimental,1,training,30.002721088435376,0.06097249314188957,1174.1728515625
127484,Experimental,1,test,30.002721088435376,0.09818023443222046,939.5361328125
127494,Instrumental,4,training,30.002721088435376,0.09748545289039612,1174.1171875
127495,Instrumental,4,training,30.002721088435376,0.021968532353639603,1174.115234375
127496,Instrumental,4,training,29.976598639455784,0.21780866384506226,1173.0927734375
127497,Instrumental,4,training,29.976598639455784,0.1513611525297165,1173.1083984375
127498,Instrumental,4,training,30.002721088435376,0.28441333770751953,1174.1181640625
127499,Instrumental,4,training,29.976598639455784,0.1524616777896881,1173.1005859375
127519,Instrumental,4,test,30.002721088435376,0.29488930106163025,704.7509765625
127520,Instrumental,4,test,29.976598639455784,0.2634294629096985,704.111328125
127532,Experimental,1,validation,30.002721088435376,0.28170499205589294,1174.2021484375
127541,Experimental,1,validation,30.002721088435376,0.30274876952171326,1174.212890625
127542,Experimental,1,validation,29.976598639455784,0.34258899092674255,1173.1962890625
127559,Rock,7,test,29.976598639455784,0.3155760169029236,1173.4111328125
127620,Pop,6,training,29.976598639455784,0.1497153341770172,1172.861328125
127623,Pop,6,training,29.976598639455784,0.22700373828411102,1172.857421875
127648,Instrumental,4,training,30.002721088435376,0.10057137161493301,1174.12890625
127660,Instrumental,4,training,30.002721088435376,0.14750275015830994,1174.12890625
127661,Instrumental,4,training,29.976598639455784,0.13257694244384766,1173.1083984375
127662,Instrumental,4,training,29.976598639455784,0.141984760761261,1173.1083984375
127663,Instrumental,4,training,29.976598639455784,0.20918865501880646,1173.1083984375
127720,Rock,7,training,29.988979591836735,0.2738925814628601,1173.5107421875
127722,Folk,2,training,29.976598639455784,0.0730866938829422,459.6123046875
127726,Folk,2,training,30.002721088435376,0.1443682312965393,453.591796875
127798,Experimental,1,training,29.976598639455784,0.2680432200431824,938.564453125
127804,Electronic,0,training,29.976598639455784,0.2097371220588684,938.607421875
127806,Electronic,0,training,29.976598639455784,0.1687377691268921,938.623046875
127865,International,5,validation,29.988979591836735,0.1152605339884758,1173.3681640625
127866,International,5,validation,29.988979591836735,0.07064448297023773,1173.3642578125
127867,International,5,validation,29.988979591836735,0.17134658992290497,1173.3720703125
127868,International,5,validation,29.988979591836735,0.1760573834180832,1173.3623046875
127869,International,5,validation,29.988979591836735,0.1619473695755005,1173.3779296875
127870,International,5,validation,29.988979591836735,0.15924525260925293,1173.3876953125
127871,International,5,validation,29.988979591836735,0.1273612678050995,1173.3759765625
127878,Experimental,1,training,29.988979591836735,0.19038456678390503,1173.37109375
127908,Pop,6,training,29.976598639455784,0.25048622488975525,1172.109375
127909,Pop,6,training,29.976598639455784,0.2534745931625366,1172.11328125
127910,Pop,6,training,29.976598639455784,0.2560165524482727,1172.11328125
127911,Pop,6,training,29.976598639455784,0.2641029357910156,1172.1142578125
127912,Pop,6,training,29.976598639455784,0.24069008231163025,1172.115234375
127913,Pop,6,training,30.002721088435376,0.2468075305223465,1173.1328125
127914,Pop,6,training,30.002721088435376,0.24654214084148407,1173.134765625
127915,Pop,6,training,30.002721088435376,0.23939229547977448,1173.140625
127916,Folk,2,training,30.002721088435376,0.20557579398155212,1173.1357421875
127936,Electronic,0,validation,29.988979591836735,0.08781281113624573,1173.318359375
127996,Instrumental,4,training,30.002721088435376,0.12424187362194061,1173.9248046875
128441,Hip-Hop,3,test,29.976598639455784,0.29256126284599304,1173.216796875
128443,Hip-Hop,3,training,30.002721088435376,0.2170194834470749,1174.125
128448,Rock,7,training,30.002721088435376,0.18069739639759064,1174.111328125
128469,Instrumental,4,training,29.976598639455784,0.05619261413812637,1173.119140625
128470,Instrumental,4,training,29.976598639455784,0.08938029408454895,1173.109375
128471,Instrumental,4,training,29.976598639455784,0.11499299108982086,1173.099609375
128472,Instrumental,4,training,29.976598639455784,0.05667806416749954,1173.1044921875
128473,Instrumental,4,training,30.002721088435376,0.11542055010795593,1174.134765625
128476,Pop,6,training,29.976598639455784,0.20896941423416138,1173.0908203125
128477,Pop,6,training,29.988979591836735,0.2351832389831543,1173.45703125
128482,Pop,6,training,29.988979591836735,0.23838423192501068,1173.462890625
128484,Pop,6,validation,30.002721088435376,0.16555850207805634,1174.26171875
128494,Hip-Hop,3,training,29.976598639455784,0.29707059264183044,1173.2509765625
128500,Folk,2,training,30.002721088435376,0.18870583176612854,1174.2353515625
128504,Rock,7,training,30.002721088435376,0.2799019515514374,1174.2080078125
128619,Instrumental,4,training,30.002721088435376,0.11613137274980545,1174.068359375
128666,Hip-Hop,3,training,29.976598639455784,0.3757267892360687,1173.12109375
128668,Hip-Hop,3,training,30.002721088435376,0.3619401454925537,1174.1171875
128699,Rock,7,training,30.002721088435376,0.2731266915798187,1173.06640625
128709,Rock,7,training,29.976598639455784,0.1637217402458191,1056.8330078125
128710,Rock,7,training,29.976598639455784,0.16271477937698364,1088.7509765625
128711,Rock,7,training,29.976598639455784,0.17067460715770721,1027.1396484375
128758,Electronic,0,validation,29.988979591836735,0.19701199233531952,1173.3447265625
128759,Electronic,0,validation,29.988979591836735,0.15826041996479034,1173.328125
128760,Electronic,0,validation,29.988979591836735,0.2541171908378601,1173.3193359375
128799,Experimental,1,training,29.988979591836735,0.23226521909236908,1173.443359375
128811,Instrumental,4,training,30.002721088435376,0.05460507422685623,1174.12890625
128812,Instrumental,4,training,29.976598639455784,0.062470972537994385,1173.0947265625
128813,Instrumental,4,training,30.002721088435376,0.0968940332531929,1174.12109375
128814,Instrumental,4,training,30.002721088435376,0.08992184698581696,1174.134765625
128815,Instrumental,4,training,29.976598639455784,0.05037606880068779,1173.0986328125
128816,Instrumental,4,training,29.976598639455784,0.03573758900165558,1173.0888671875
128825,Experimental,1,training,30.002721088435376,0.19242912530899048,1174.17578125
128827,Experimental,1,training,29.976598639455784,0.13555432856082916,1173.1376953125
128828,Experimental,1,training,29.976598639455784,0.16823823750019073,1173.169921875
128835,Experimental,1,training,29.976598639455784,0.09093672782182693,1173.1064453125
128845,Experimental,1,training,30.002721088435376,0.11800957471132278,1174.1298828125
128878,Experimental,1,test,29.976598639455784,0.1744925081729889,704.1279296875
128879,Experimental,1,test,29.976598639455784,0.22048631310462952,704.13671875
128880,Experimental,1,test,30.002721088435376,0.20624426007270813,704.76171875
128881,Experimental,1,test,30.002721088435376,0.11762729287147522,704.7451171875
128882,Experimental,1,test,29.976598639455784,0.26824161410331726,704.130859375
128885,Instrumental,4,test,30.002721088435376,0.19105271995067596,704.45703125
128886,Instrumental,4,test,30.002721088435376,0.1394849717617035,704.46875
128887,Instrumental,4,test,29.976598639455784,0.2456655353307724,703.87890625
128888,Instrumental,4,test,29.976598639455784,0.20178496837615967,703.9033203125
128927,Hip-Hop,3,training,29.976598639455784,0.272550106048584,1173.0439453125
128992,Experimental,1,training,29.976598639455784,0.20578411221504211,1173.0888671875
129039,Instrumental,4,training,30.002721088435376,0.03911149129271507,1174.146484375
129040,Instrumental,4,training,29.976598639455784,0.05265427008271217,1173.1240234375
129042,Instrumental,4,training,30.002721088435376,0.0872967541217804,1174.1484375
129043,Instrumental,4,training,29.976598639455784,0.08533430844545364,1173.130859375
129044,Instrumental,4,training,30.002721088435376,0.09805639088153839,1174.138671875
129046,Rock,7,training,30.002721088435376,0.3495752811431885,704.5224609375
129048,Pop,6,validation,29.976598639455784,0.3867458701133728,937.552734375
129049,Pop,6,validation,30.002721088435376,0.28032049536705017,1173.072265625
129051,Pop,6,validation,30.002721088435376,0.33160677552223206,1173.1083984375
129052,Pop,6,validation,29.976598639455784,0.12188595533370972,1172.056640625
129053,Pop,6,validation,29.976598639455784,0.32790639996528625,1172.0966796875
129054,Pop,6,validation,30.002721088435376,0.2523983418941498,1173.111328125
129055,Pop,6,validation,30.002721088435376,0.28746259212493896,1173.09375
129056,Pop,6,validation,29.976598639455784,0.12792228162288666,1172.0615234375
129088,Rock,7,validation,30.002721088435376,0.37865668535232544,1174.0908203125
129089,Rock,7,validation,29.976598639455784,0.32510077953338623,1173.064453125
129090,Rock,7,validation,30.002721088435376,0.35728511214256287,1174.09375
129091,Rock,7,validation,29.976598639455784,0.36717772483825684,1173.0703125
129092,Rock,7,validation,30.002721088435376,0.34543368220329285,1174.087890625
129093,Rock,7,validation,30.002721088435376,0.38221049308776855,1174.0849609375
129094,Rock,7,validation,30.002721088435376,0.3811933994293213,1174.0771484375
129095,Rock,7,validation,30.002721088435376,0.3642721474170685,1174.0888671875
129096,Rock,7,validation,29.976598639455784,0.3054918646812439,1173.0634765625
129097,Rock,7,validation,30.002721088435376,0.3492511808872223,1174.0986328125
129098,Rock,7,validation,29.976598639455784,0.3814958333969116,1173.0810546875
129184,Instrumental,4,training,30.002721088435376,0.12703268229961395,1174.15625
129185,Instrumental,4,training,30.002721088435376,0.06351355463266373,1174.1611328125
129186,Instrumental,4,training,29.976598639455784,0.0630326122045517,1173.1181640625
129187,Instrumental,4,training,30.002721088435376,0.08055158704519272,1174.140625
129188,Instrumental,4,training,29.976598639455784,0.03823543339967728,1173.1279296875
129189,Instrumental,4,training,30.002721088435376,0.04063865914940834,1174.1640625
129190,Instrumental,4,training,30.002721088435376,0.09828805923461914,1174.130859375
129268,Rock,7,training,29.976598639455784,0.15798981487751007,1173.6669921875
129362,Pop,6,training,29.976598639455784,0.2637714445590973,990.7841796875
129372,Pop,6,training,29.976598639455784,0.2859500050544739,840.720703125
129374,Pop,6,training,30.002721088435376,0.3739301264286041,965.7392578125
129375,Pop,6,training,30.002721088435376,0.27558091282844543,1096.4482421875
129391,Pop,6,training,30.002721088435376,0.140975221991539,975.6240234375
129392,Pop,6,training,29.976598639455784,0.1672464907169342,902.330078125
129393,Pop,6,training,29.976598639455784,0.12473596632480621,884.134765625
129395,International,5,training,30.002721088435376,0.14742188155651093,703.791015625
129396,International,5,training,30.002721088435376,0.14560000598430634,703.806640625
129397,International,5,training,29.976598639455784,0.12849999964237213,703.1650390625
129398,International,5,training,29.988979591836735,0.13633295893669128,704.44921875
129399,Rock,7,training,29.976598639455784,0.1926117241382599,1173.1376953125
129400,International,5,training,30.002721088435376,0.22166898846626282,703.84375
129401,International,5,training,29.976598639455784,0.2376934438943863,703.234375
129402,International,5,training,30.002721088435376,0.22581908106803894,703.845703125
129403,International,5,training,29.976598639455784,0.24365688860416412,703.232421875
129404,International,5,training,30.002721088435376,0.19213558733463287,703.841796875
129405,International,5,training,30.002721088435376,0.2277151346206665,703.8515625
129406,International,5,training,29.976598639455784,0.2079554945230484,703.248046875
129407,International,5,training,30.002721088435376,0.16560286283493042,703.85546875
129439,Folk,2,training,29.988979591836735,0.19427618384361267,1173.5068359375
129442,Folk,2,training,29.988979591836735,0.19919149577617645,1173.4794921875
129444,Folk,2,training,29.988979591836735,0.22396115958690643,1173.484375
129620,Experimental,1,training,29.988979591836735,0.057027339935302734,704.314453125
129622,Experimental,1,validation,30.002721088435376,0.05576224625110626,704.720703125
129624,Experimental,1,training,29.988979591836735,0.06809248775243759,704.3583984375
129674,Hip-Hop,3,training,30.002721088435376,0.23044930398464203,1174.1259765625
129675,Hip-Hop,3,training,29.976598639455784,0.307742178440094,1173.1025390625
129683,Folk,2,training,29.976598639455784,0.18333257734775543,971.66796875
129694,Folk,2,training,30.002721088435376,0.22068428993225098,1021.0400390625
129695,Folk,2,training,29.976598639455784,0.21736325323581696,1049.1748046875
129696,Folk,2,training,30.002721088435376,0.2008785903453827,956.001953125
129742,Electronic,0,validation,29.976598639455784,0.3391757309436798,1172.9638671875
129806,Hip-Hop,3,training,29.976598639455784,0.39557716250419617,1173.076171875
129807,Hip-Hop,3,training,29.976598639455784,0.22355352342128754,1173.0732421875
129808,Hip-Hop,3,training,30.002721088435376,0.26552632451057434,1174.11328125
129816,International,5,training,29.988979591836735,0.04839962348341942,1173.5234375
129874,International,5,training,29.976598639455784,0.10491824150085449,1173.0498046875
129875,International,5,training,29.976598639455784,0.21644333004951477,1173.0869140625
129876,International,5,training,30.002721088435376,0.2738403081893921,1174.076171875
129879,International,5,training,30.002721088435376,0.2264784574508667,470.001953125
129880,International,5,training,29.976598639455784,0.1202780157327652,704.078125
129882,International,5,training,30.002721088435376,0.11245038360357285,587.353515625
129883,International,5,training,29.976598639455784,0.08163436502218246,1173.0625
129884,International,5,training,30.002721088435376,0.09953979402780533,1174.0732421875
129885,International,5,training,29.976598639455784,0.0821617916226387,704.0869140625
129886,International,5,training,30.002721088435376,0.18026162683963776,1174.0966796875
129887,International,5,training,29.976598639455784,0.06286101043224335,704.07421875
129889,International,5,training,29.976598639455784,0.15928445756435394,1173.05859375
129904,Hip-Hop,3,training,30.002721088435376,0.2518540322780609,938.369140625
129910,Hip-Hop,3,training,29.976598639455784,0.22729052603244781,937.5224609375
129914,Hip-Hop,3,training,29.976598639455784,0.217260479927063,937.529296875
129915,Hip-Hop,3,training,30.002721088435376,0.25900208950042725,938.341796875
129918,Hip-Hop,3,training,29.976598639455784,0.2781602144241333,937.52734375
129919,Hip-Hop,3,training,30.002721088435376,0.2870766222476959,938.337890625
129920,Hip-Hop,3,training,29.976598639455784,0.20376884937286377,937.521484375
129922,International,5,training,29.988979591836735,0.07498788088560104,1173.66015625
129923,International,5,training,29.988979591836735,0.09085779637098312,1173.669921875
129924,International,5,training,29.988979591836735,0.11924878507852554,1173.66796875
129925,International,5,training,29.988979591836735,0.07921168208122253,1173.6640625
129926,International,5,training,29.988979591836735,0.10867642611265182,1173.662109375
129927,International,5,training,29.988979591836735,0.08311886340379715,1173.6630859375
129962,Rock,7,training,29.976598639455784,0.12130013853311539,702.91015625
129968,Rock,7,training,29.976598639455784,0.12023171782493591,703.0234375
129969,Rock,7,training,30.002721088435376,0.12340555340051651,703.521484375
129970,Rock,7,training,30.002721088435376,0.11363480985164642,703.5224609375
129972,Rock,7,training,30.002721088435376,0.07800881564617157,703.515625
129973,Rock,7,training,29.976598639455784,0.10103171318769455,702.904296875
129997,Rock,7,training,29.976598639455784,0.275278240442276,938.3671875
130016,Rock,7,training,29.976598639455784,0.13456258177757263,469.5849609375
130084,Rock,7,training,29.988979591836735,0.1749352067708969,1173.51171875
130129,Electronic,0,training,29.976598639455784,0.3349493443965912,1173.078125
130130,Electronic,0,training,29.976598639455784,0.30572712421417236,1173.0517578125
130131,Electronic,0,training,30.002721088435376,0.18205951154232025,1174.0732421875
130132,Electronic,0,training,29.976598639455784,0.3503607213497162,1173.0732421875
130133,Electronic,0,training,29.976598639455784,0.3865566551685333,1173.0546875
130134,Electronic,0,training,30.002721088435376,0.3911403715610504,1174.078125
130135,Electronic,0,training,29.976598639455784,0.31244051456451416,1173.0849609375
130136,Electronic,0,training,30.002721088435376,0.3628847301006317,1174.0703125
130137,Electronic,0,training,29.976598639455784,0.29423630237579346,1173.0615234375
130168,Hip-Hop,3,training,29.976598639455784,0.14188988506793976,1173.1181640625
130170,Hip-Hop,3,training,29.976598639455784,0.17214025557041168,1173.0380859375
130218,Hip-Hop,3,training,29.976598639455784,0.1838761866092682,1174.99609375
130265,Pop,6,training,29.976598639455784,0.16822485625743866,1173.0205078125
130347,Folk,2,training,29.988979591836735,0.09238873422145844,1173.4912109375
130349,Folk,2,training,29.988979591836735,0.06627660989761353,1173.48046875
130367,Pop,6,training,30.002721088435376,0.2505194842815399,1173.1357421875
130368,Pop,6,training,29.976598639455784,0.14745980501174927,1172.107421875
130369,Pop,6,training,29.976598639455784,0.21484440565109253,1172.140625
130370,Pop,6,training,30.002721088435376,0.1970224529504776,1173.123046875
130371,Pop,6,training,30.002721088435376,0.17558127641677856,1173.1171875
130372,Pop,6,training,29.976598639455784,0.208939790725708,1172.107421875
130440,Hip-Hop,3,training,30.002721088435376,0.20317669212818146,1174.08984375
130454,Hip-Hop,3,training,29.976598639455784,0.12613780796527863,1173.080078125
130456,Hip-Hop,3,training,29.976598639455784,0.11870080232620239,1173.1015625
130650,Hip-Hop,3,training,29.976598639455784,0.17214025557041168,1173.0224609375
130667,Folk,2,training,29.988979591836735,0.15056920051574707,1173.6083984375
130682,Rock,7,training,29.976598639455784,0.1671101152896881,1173.0078125
130683,Rock,7,training,29.976598639455784,0.21622277796268463,1173.046875
130689,Rock,7,training,30.002721088435376,0.11511938273906708,1174.1259765625
130691,Rock,7,training,30.002721088435376,0.051669828593730927,1174.1103515625
130692,Rock,7,training,30.002721088435376,0.07746124267578125,1174.107421875
130693,Rock,7,training,30.002721088435376,0.12984420359134674,1174.1240234375
130702,Hip-Hop,3,validation,29.976598639455784,0.19553132355213165,1173.0234375
130709,Hip-Hop,3,training,30.002721088435376,0.18544134497642517,1174.1396484375
130710,Hip-Hop,3,training,30.002721088435376,0.22355903685092926,1174.1416015625
130711,Hip-Hop,3,training,29.976598639455784,0.19836485385894775,1173.1318359375
130752,Instrumental,4,test,29.976598639455784,0.04884733259677887,704.0908203125
130758,Folk,2,training,29.976598639455784,0.0942348912358284,1173.138671875
130920,Electronic,0,training,30.002721088435376,0.1437121331691742,1174.16796875
130921,Electronic,0,training,29.976598639455784,0.08890657126903534,1173.1435546875
130922,Electronic,0,training,30.002721088435376,0.18574000895023346,1174.173828125
130923,Electronic,0,training,29.976598639455784,0.17532095313072205,1173.1708984375
130927,Instrumental,4,validation,30.002721088435376,0.15151554346084595,939.421875
130929,Instrumental,4,training,30.002721088435376,0.07357345521450043,1174.138671875
130930,Instrumental,4,training,30.002721088435376,0.09874425828456879,1174.130859375
130931,Instrumental,4,training,30.002721088435376,0.070105642080307,1174.12890625
130932,Instrumental,4,training,30.002721088435376,0.12493348866701126,1174.14453125
130933,Instrumental,4,training,29.976598639455784,0.059716593474149704,1173.1201171875
130934,Instrumental,4,training,30.002721088435376,0.07884079962968826,1174.13671875
130937,Folk,2,training,30.002721088435376,0.2555113434791565,961.68359375
130940,Folk,2,training,30.002721088435376,0.2698981761932373,930.94921875
130944,Folk,2,training,30.002721088435376,0.18218830227851868,870.32421875
130945,Folk,2,training,29.976598639455784,0.2084696888923645,925.001953125
130948,Folk,2,training,29.976598639455784,0.11587179452180862,749.6767578125
130950,Folk,2,training,30.002721088435376,0.14181958138942719,838.0146484375
130951,Folk,2,training,30.002721088435376,0.15107673406600952,780.85546875
130952,Folk,2,training,30.002721088435376,0.09824633598327637,851.2255859375
130953,Folk,2,training,29.976598639455784,0.16309186816215515,832.9482421875
130954,Folk,2,training,29.976598639455784,0.1323399692773819,733.8779296875
130955,Folk,2,training,30.002721088435376,0.12916907668113708,865.935546875
130956,Folk,2,training,30.002721088435376,0.10033488273620605,563.69140625
130963,Folk,2,training,29.976598639455784,0.16750691831111908,603.7158203125
130964,Folk,2,training,30.002721088435376,0.05167103931307793,859.8359375
130986,Experimental,1,training,29.976598639455784,0.21745039522647858,1173.234375
130988,Instrumental,4,training,30.002721088435376,0.03119870088994503,1174.134765625
130989,Instrumental,4,training,30.002721088435376,0.06757798790931702,1174.1357421875
130990,Instrumental,4,training,29.976598639455784,0.051996227353811264,1173.125
130991,Instrumental,4,training,30.002721088435376,0.0811803787946701,1174.1298828125
130992,Instrumental,4,training,30.002721088435376,0.09804923832416534,1174.1328125
130993,Instrumental,4,training,29.976598639455784,0.10561958700418472,1173.111328125
131016,Hip-Hop,3,training,29.976598639455784,0.12879051268100739,1173.037109375
131019,Hip-Hop,3,training,29.976598639455784,0.08994761109352112,1173.048828125
131020,Hip-Hop,3,training,30.002721088435376,0.10129094868898392,1174.07421875
131021,Hip-Hop,3,training,29.976598639455784,0.10827936977148056,1173.056640625
131024,Experimental,1,training,29.976598639455784,0.37456607818603516,1173.06640625
131166,Rock,7,training,30.002721088435376,0.02934056520462036,1174.1943359375
131292,Rock,7,training,30.002721088435376,0.21707908809185028,939.1787109375
131323,Instrumental,4,training,30.002721088435376,0.1102515161037445,1174.130859375
131324,Instrumental,4,training,30.002721088435376,0.13242506980895996,1174.1337890625
131325,Instrumental,4,training,30.002721088435376,0.16297931969165802,1174.115234375
131326,Instrumental,4,training,29.976598639455784,0.15126731991767883,1173.1162109375
131327,Instrumental,4,training,29.976598639455784,0.1204206645488739,1173.1103515625
131385,Experimental,1,training,29.976598639455784,0.22715072333812714,938.37890625
131410,Experimental,1,test,30.002721088435376,0.20577490329742432,704.671875
131422,Hip-Hop,3,training,29.976598639455784,0.24625247716903687,1173.060546875
131425,Hip-Hop,3,training,30.002721088435376,0.06846106797456741,1174.0810546875
131426,Hip-Hop,3,training,29.976598639455784,0.19495289027690887,1173.0546875
131436,Pop,6,training,29.988979591836735,0.2528236210346222,704.2802734375
131439,Pop,6,training,29.988979591836735,0.228550985455513,704.2724609375
131444,Pop,6,training,29.988979591836735,0.0830557644367218,704.2900390625
131446,Pop,6,training,29.988979591836735,0.1478169709444046,704.2900390625
131448,Pop,6,training,29.988979591836735,0.2015925794839859,704.2744140625
131449,Pop,6,training,29.988979591836735,0.18667912483215332,704.2744140625
131451,Pop,6,training,29.988979591836735,0.2540628910064697,704.2724609375
131452,Pop,6,training,29.988979591836735,0.19529038667678833,704.3046875
131453,Pop,6,training,29.988979591836735,0.1978205293416977,704.2783203125
131454,Pop,6,training,29.988979591836735,0.19574199616909027,704.2626953125
131476,Instrumental,4,test,30.002721088435376,0.07002943009138107,704.5400390625
131536,Rock,7,training,29.976598639455784,0.3151879906654358,469.607421875
131540,Experimental,1,validation,29.976598639455784,0.318364679813385,1171.9091796875
131552,Rock,7,training,29.988979591836735,0.17630508542060852,704.4052734375
131553,Rock,7,training,29.988979591836735,0.19203431904315948,704.4443359375
131554,Rock,7,training,29.988979591836735,0.26084643602371216,704.4580078125
131567,Experimental,1,training,30.002721088435376,0.22703634202480316,1174.1708984375
131624,Experimental,1,training,29.976598639455784,0.15061861276626587,937.6298828125
131656,Rock,7,training,29.976598639455784,0.1874862015247345,937.642578125
131657,Rock,7,training,29.976598639455784,0.18054886162281036,937.6259765625
131658,Rock,7,training,29.976598639455784,0.18809054791927338,937.6279296875
131764,Pop,6,training,29.976598639455784,0.35635921359062195,1173.09765625
131767,Pop,6,training,29.976598639455784,0.3491609990596771,1173.080078125
131770,Pop,6,training,29.976598639455784,0.4599441587924957,1173.0712890625
131771,Pop,6,training,30.002721088435376,0.2928749918937683,1174.162109375
131772,Pop,6,training,29.976598639455784,0.4903762936592102,1173.078125
131773,Pop,6,training,30.002721088435376,0.31355881690979004,1174.119140625
131774,Pop,6,training,29.976598639455784,0.5563050508499146,1173.1708984375
131787,Instrumental,4,training,29.976598639455784,0.1324949860572815,1173.1728515625
131789,Instrumental,4,training,30.002721088435376,0.23230193555355072,1174.1279296875
131791,Instrumental,4,training,29.976598639455784,0.2099657654762268,1173.12890625
131792,Instrumental,4,training,30.002721088435376,0.21850953996181488,1174.138671875
131794,Instrumental,4,training,30.002721088435376,0.22433540225028992,1174.115234375
131795,Instrumental,4,training,30.002721088435376,0.19142737984657288,1174.134765625
131796,Instrumental,4,training,29.976598639455784,0.24863658845424652,1173.1279296875
131797,Instrumental,4,training,29.976598639455784,0.2408239245414734,1173.140625
131837,Instrumental,4,training,29.988979591836735,0.11003986746072769,704.2392578125
131897,Folk,2,training,29.976598639455784,0.12913216650485992,1173.05078125
131899,Folk,2,training,29.976598639455784,0.09364099055528641,1173.044921875
131900,Folk,2,training,30.002721088435376,0.09933320432901382,1174.0693359375
131901,Folk,2,training,30.002721088435376,0.15408574044704437,1174.0771484375
131902,Folk,2,training,29.976598639455784,0.05377606302499771,1173.0556640625
131903,Folk,2,training,30.002721088435376,0.13441796600818634,1174.0732421875
131904,Folk,2,training,30.002721088435376,0.16007225215435028,1174.068359375
131911,Instrumental,4,training,29.976598639455784,0.13231757283210754,1173.0380859375
131912,Instrumental,4,training,30.002721088435376,0.045358359813690186,1174.0595703125
131913,Instrumental,4,training,30.002721088435376,0.14529365301132202,1174.064453125
131914,Instrumental,4,training,29.976598639455784,0.14397835731506348,1173.0390625
131917,Instrumental,4,training,29.976598639455784,0.1013256385922432,1173.048828125
131918,Instrumental,4,training,29.976598639455784,0.09742432832717896,1173.05078125
131919,Instrumental,4,training,29.976598639455784,0.06578982621431351,1173.046875
131922,Instrumental,4,training,30.002721088435376,0.074982188642025,1174.0517578125
131923,Instrumental,4,training,29.976598639455784,0.21672040224075317,1173.041015625
131924,Instrumental,4,training,29.976598639455784,0.04092705249786377,1173.04296875
131925,Instrumental,4,training,29.976598639455784,0.14090409874916077,1173.03515625
131932,International,5,test,29.976598639455784,0.0960020199418068,1172.087890625
131933,International,5,test,30.002721088435376,0.09606672823429108,1173.119140625
131934,International,5,test,30.002721088435376,0.09369093924760818,1173.12109375
131935,International,5,test,29.976598639455784,0.12626001238822937,1172.095703125
131936,International,5,test,30.002721088435376,0.10567516088485718,1173.12890625
131938,International,5,training,29.988979591836735,0.13315093517303467,1173.5009765625
131939,International,5,training,29.988979591836735,0.1398591548204422,1173.5205078125
131940,International,5,training,29.988979591836735,0.1331891566514969,1173.5166015625
131941,International,5,training,29.988979591836735,0.13220684230327606,1173.5166015625
131942,International,5,training,29.988979591836735,0.1212737113237381,1173.4951171875
131950,International,5,training,29.988979591836735,0.09198366105556488,1173.556640625
131951,International,5,training,29.988979591836735,0.07819704711437225,1173.552734375
131952,International,5,training,29.988979591836735,0.06841470301151276,1173.5634765625
131953,International,5,training,29.988979591836735,0.0795465037226677,1173.5791015625
131978,Rock,7,validation,29.976598639455784,0.29444965720176697,1173.05859375
131979,Rock,7,validation,29.976598639455784,0.2305801808834076,1173.07421875
131980,Instrumental,4,training,29.976598639455784,0.1394726186990738,938.79296875
131982,Instrumental,4,training,30.002721088435376,0.12130792438983917,939.2978515625
131983,Instrumental,4,training,29.976598639455784,0.10051563382148743,938.4765625
131984,Instrumental,4,training,29.976598639455784,0.08138611912727356,938.4765625
131985,Instrumental,4,training,29.976598639455784,0.1057947501540184,938.486328125
131986,Instrumental,4,training,30.002721088435376,0.15089623630046844,939.2900390625
132019,Experimental,1,training,29.976598639455784,0.05992675572633743,639.23828125
132040,Folk,2,training,29.976598639455784,0.1000639945268631,820.8671875
132041,Folk,2,training,29.976598639455784,0.06041986495256424,820.90234375
132042,Folk,2,training,29.976598639455784,0.07187513262033463,820.875
132045,Folk,2,training,30.002721088435376,0.07096713781356812,821.5947265625
132117,Hip-Hop,3,test,29.976598639455784,0.24661602079868317,1173.15625
132118,Hip-Hop,3,training,29.976598639455784,0.2412402331829071,1173.0927734375
132122,Pop,6,training,29.976598639455784,0.21969495713710785,1173.1416015625
132134,Electronic,0,training,29.976598639455784,0.20321163535118103,1173.00390625
132138,Electronic,0,training,30.002721088435376,0.18236155807971954,1174.0234375
132139,International,5,training,29.988979591836735,0.061951830983161926,1173.5107421875
132140,International,5,training,29.988979591836735,0.06916438043117523,1173.5185546875
132141,International,5,training,29.988979591836735,0.07270301878452301,1173.4873046875
132142,International,5,training,29.988979591836735,0.04934946447610855,1173.5009765625
132171,Rock,7,test,30.002721088435376,0.3162004351615906,1025.7666015625
132272,Experimental,1,training,30.002721088435376,0.32677173614501953,854.884765625
132310,Instrumental,4,validation,29.976598639455784,0.09454045444726944,469.5419921875
132420,Electronic,0,training,29.976598639455784,0.19687561690807343,1173.00390625
132424,Experimental,1,training,30.002721088435376,0.1635933667421341,1174.1259765625
132434,Experimental,1,training,29.976598639455784,0.13398607075214386,1173.0859375
132436,Experimental,1,training,29.976598639455784,0.5670217871665955,1173.064453125
132448,Electronic,0,test,30.002721088435376,0.13792189955711365,1174.0322265625
132449,Folk,2,validation,29.988979591836735,0.12288826704025269,1173.46484375
132453,Folk,2,validation,29.988979591836735,0.08727753162384033,1173.470703125
132454,Folk,2,validation,29.988979591836735,0.0943504050374031,1173.462890625
132455,Folk,2,validation,29.988979591836735,0.11766021698713303,1173.44921875
132456,Folk,2,validation,29.988979591836735,0.0823512151837349,1173.453125
132561,Instrumental,4,training,30.002721088435376,0.0787879228591919,1174.189453125
132566,Instrumental,4,training,29.976598639455784,0.036538995802402496,1173.1845703125
132567,Instrumental,4,training,29.988979591836735,0.39960765838623047,1173.52734375
132568,Instrumental,4,training,29.976598639455784,0.07403293997049332,1173.2080078125
132589,Experimental,1,validation,30.002721088435376,0.01111407671123743,1173.2041015625
132675,Instrumental,4,training,29.976598639455784,0.13696426153182983,704.0595703125
132677,Instrumental,4,training,29.976598639455784,0.09924580901861191,704.04296875
132678,Instrumental,4,training,29.976598639455784,0.1379796415567398,704.0458984375
132679,Instrumental,4,training,29.976598639455784,0.07811041176319122,704.0458984375
132773,Electronic,0,training,29.976598639455784,0.044663917273283005,704.09375
132774,Electronic,0,training,30.002721088435376,0.03144441172480583,704.7109375
132775,Electronic,0,training,29.976598639455784,0.11144472658634186,704.1005859375
132778,Pop,6,training,29.988979591836735,0.22927166521549225,704.2822265625
132779,Pop,6,training,29.988979591836735,0.1958519071340561,704.29296875
132781,Pop,6,training,29.988979591836735,0.11214374005794525,704.2890625
132784,Pop,6,training,29.988979591836735,0.24640856683254242,704.2919921875
132786,Pop,6,training,29.988979591836735,0.15982045233249664,704.287109375
132787,Pop,6,training,29.988979591836735,0.21275083720684052,704.294921875
132788,Pop,6,training,29.988979591836735,0.2698003351688385,704.2900390625
132789,Pop,6,training,29.988979591836735,0.11661212891340256,704.3095703125
132790,Pop,6,training,29.988979591836735,0.18669633567333221,704.2822265625
132791,Pop,6,training,29.988979591836735,0.2140054553747177,704.296875
132792,Pop,6,training,29.988979591836735,0.2468264102935791,704.2978515625
132793,Pop,6,training,29.988979591836735,0.17488902807235718,704.296875
132794,Pop,6,training,29.988979591836735,0.15462636947631836,704.30078125
132795,Pop,6,training,29.988979591836735,0.24579471349716187,704.302734375
132914,Rock,7,training,29.976598639455784,0.14440076053142548,863.0791015625
132954,Hip-Hop,3,training,29.988979591836735,0.14876285195350647,704.333984375
132961,Hip-Hop,3,training,29.988979591836735,0.2898500859737396,704.3271484375
132962,Hip-Hop,3,training,29.988979591836735,0.1056380346417427,704.34375
132963,Hip-Hop,3,training,29.988979591836735,0.09901954978704453,704.3154296875
132964,Hip-Hop,3,training,29.988979591836735,0.18199890851974487,704.3193359375
132965,Hip-Hop,3,training,29.988979591836735,0.13257503509521484,704.3623046875
133015,Electronic,0,training,30.002721088435376,0.21396860480308533,1173.666015625
133016,Electronic,0,training,30.002721088435376,0.36680880188941956,1173.8544921875
133019,Electronic,0,training,30.002721088435376,0.09932079166173935,1173.8642578125
133020,Electronic,0,training,30.002721088435376,0.13058382272720337,1173.8701171875
133022,Electronic,0,training,30.002721088435376,0.46065059304237366,1173.8525390625
133023,Electronic,0,training,30.002721088435376,0.19138041138648987,1173.8515625
133024,Electronic,0,training,29.976598639455784,0.29342344403266907,1172.8466796875
133025,Electronic,0,training,30.002721088435376,0.31530988216400146,1173.85546875
133026,Electronic,0,training,29.976598639455784,0.09822795540094376,1172.833984375
133027,Electronic,0,training,29.976598639455784,0.2524365782737732,1172.8330078125
133028,Electronic,0,training,30.002721088435376,0.09729218482971191,1173.869140625
133029,Electronic,0,training,29.976598639455784,0.09039229899644852,1172.8330078125
133100,Instrumental,4,validation,29.976598639455784,0.11881910264492035,469.5478515625
133102,Instrumental,4,test,30.002721088435376,0.28228896856307983,704.70703125
133272,Rock,7,training,30.002721088435376,0.40415987372398376,1174.0498046875
133273,Rock,7,training,30.002721088435376,0.31699293851852417,1174.068359375
133274,Rock,7,training,29.976598639455784,0.38004550337791443,1173.04296875
133275,Rock,7,training,29.976598639455784,0.3157254457473755,1173.046875
133276,Rock,7,training,30.002721088435376,0.18926461040973663,1174.0634765625
133293,Experimental,1,training,29.976598639455784,0.2527792453765869,1173.109375
133294,Experimental,1,training,30.002721088435376,0.2967129349708557,470.04296875
133332,Experimental,1,training,29.988979591836735,0.15798631310462952,469.7880859375
133333,Experimental,1,training,30.002721088435376,0.08051332831382751,470.205078125
133431,Instrumental,4,validation,29.976598639455784,0.13964790105819702,1173.10546875
133432,Instrumental,4,validation,30.002721088435376,0.22052159905433655,1174.1083984375
133433,Instrumental,4,validation,29.976598639455784,0.13842137157917023,1173.1015625
133434,Instrumental,4,validation,29.976598639455784,0.10953926295042038,1173.103515625
133435,Instrumental,4,validation,30.002721088435376,0.10408812016248703,1174.1220703125
133436,Instrumental,4,validation,29.976598639455784,0.16448388993740082,1173.095703125
133437,Instrumental,4,validation,29.976598639455784,0.13341465592384338,1173.1015625
133438,Instrumental,4,validation,29.976598639455784,0.1727658063173294,1173.1015625
133439,Instrumental,4,validation,30.002721088435376,0.1455158293247223,1174.1220703125
133440,Instrumental,4,validation,30.002721088435376,0.13139918446540833,1174.125
133441,Instrumental,4,validation,29.976598639455784,0.1425998955965042,1173.09765625
133442,Instrumental,4,validation,29.976598639455784,0.1403070092201233,1173.1015625
133443,Instrumental,4,validation,30.002721088435376,0.13223348557949066,1174.1181640625
133444,Instrumental,4,validation,30.002721088435376,0.14425574243068695,1174.1025390625
133445,Instrumental,4,validation,30.002721088435376,0.15103259682655334,1174.0986328125
133446,Instrumental,4,validation,29.976598639455784,0.09326441586017609,1173.1083984375
133447,Instrumental,4,validation,29.976598639455784,0.103834368288517,1173.095703125
133448,Instrumental,4,validation,29.976598639455784,0.1351940929889679,1173.091796875
133449,Instrumental,4,validation,30.002721088435376,0.157456636428833,1174.1103515625
133450,Instrumental,4,validation,30.002721088435376,0.11053629964590073,1174.0966796875
133451,Instrumental,4,validation,30.002721088435376,0.11813702434301376,1174.0986328125
133452,Instrumental,4,validation,30.002721088435376,0.15173497796058655,1174.1201171875
133453,Instrumental,4,validation,30.002721088435376,0.13669925928115845,1174.125
133454,Instrumental,4,validation,29.976598639455784,0.12856197357177734,1173.0947265625
133455,Instrumental,4,validation,29.976598639455784,0.1691240668296814,1173.087890625
133456,Instrumental,4,validation,30.002721088435376,0.1168297529220581,1174.09375
133457,Instrumental,4,validation,29.976598639455784,0.13159388303756714,1173.0966796875
133459,Instrumental,4,validation,29.976598639455784,0.1478174924850464,1173.0849609375
133479,Rock,7,training,29.976598639455784,0.2854548394680023,586.794921875
133535,Instrumental,4,training,30.002721088435376,0.16398076713085175,1174.08984375
133537,Instrumental,4,training,29.976598639455784,0.1000039279460907,1173.0556640625
133538,Instrumental,4,training,29.976598639455784,0.13531926274299622,1173.0654296875
133544,Instrumental,4,training,30.002721088435376,0.19038189947605133,1174.0703125
133545,Instrumental,4,training,30.002721088435376,0.1360529512166977,1174.08203125
133546,Instrumental,4,training,29.976598639455784,0.09745649248361588,1173.0771484375
133551,Instrumental,4,training,30.002721088435376,0.06650140136480331,1174.08203125
133553,Instrumental,4,training,30.002721088435376,0.22764945030212402,1174.076171875
133560,Instrumental,4,training,29.976598639455784,0.049650438129901886,1173.0595703125
133561,Instrumental,4,training,29.976598639455784,0.07853567600250244,1173.0576171875
133562,Instrumental,4,training,29.976598639455784,0.15927942097187042,1173.060546875
133563,Instrumental,4,training,30.002721088435376,0.23590347170829773,1174.078125
133564,Instrumental,4,training,30.002721088435376,0.15530310571193695,1174.076171875
133567,Instrumental,4,training,30.002721088435376,0.10584980994462967,1174.078125
133571,Instrumental,4,training,30.002721088435376,0.13442984223365784,1174.08203125
133572,Instrumental,4,training,29.976598639455784,0.1222786158323288,1173.0732421875
133573,Instrumental,4,training,30.002721088435376,0.07706431299448013,1174.08203125
133574,Instrumental,4,training,30.002721088435376,0.029776664450764656,1174.0771484375
133576,Instrumental,4,training,30.002721088435376,0.1728450059890747,1174.091796875
133579,Instrumental,4,training,30.002721088435376,0.08643156290054321,1174.103515625
133580,Instrumental,4,training,30.002721088435376,0.1027582436800003,1174.09765625
133632,Rock,7,training,29.988979591836735,0.12819825112819672,1173.4609375
133638,Folk,2,training,29.988979591836735,0.08711275458335876,1173.5546875
133639,Folk,2,training,29.988979591836735,0.07321178913116455,1173.5234375
133681,Instrumental,4,test,30.002721088435376,0.07128136605024338,704.728515625
133729,Rock,7,training,29.976598639455784,0.20966587960720062,938.6591796875
133731,Rock,7,training,29.976598639455784,0.25298500061035156,938.6494140625
133770,Experimental,1,training,30.002721088435376,0.1912706047296524,938.2421875
133772,Rock,7,test,29.988979591836735,0.2344224750995636,1173.37109375
133780,Folk,2,validation,29.976598639455784,0.17057782411575317,1172.9951171875
133781,Folk,2,validation,30.002721088435376,0.2095155119895935,1174.005859375
133788,Folk,2,training,30.002721088435376,0.1476016342639923,470.0517578125
133793,Folk,2,training,29.976598639455784,0.13892708718776703,469.6416015625
133798,Folk,2,training,30.002721088435376,0.14883337914943695,470.01953125
133802,Folk,2,training,30.002721088435376,0.11749659478664398,470.041015625
133803,Folk,2,training,30.002721088435376,0.11508957296609879,470.037109375
133833,Rock,7,training,30.002721088435376,0.08870435506105423,1174.1416015625
133835,International,5,training,29.988979591836735,0.1875016838312149,1173.47265625
133836,International,5,training,29.988979591836735,0.1566769927740097,1173.4814453125
133837,International,5,training,29.988979591836735,0.12089583277702332,1173.46875
133838,International,5,training,29.988979591836735,0.13067497313022614,1173.470703125
133916,Experimental,1,training,30.002721088435376,0.40186476707458496,938.43359375
133942,Instrumental,4,training,29.976598639455784,0.22360435128211975,1172.0595703125
133943,Instrumental,4,training,29.976598639455784,0.24562877416610718,1172.0849609375
133967,Instrumental,4,training,29.976598639455784,0.1353486031293869,1173.0849609375
133968,Instrumental,4,training,29.976598639455784,0.26503053307533264,1173.140625
133969,Instrumental,4,training,29.976598639455784,0.22350667417049408,1173.150390625
133970,Instrumental,4,training,30.002721088435376,0.07797681540250778,1174.1005859375
133971,Instrumental,4,training,30.002721088435376,0.09552697837352753,1174.16015625
133972,Instrumental,4,training,29.976598639455784,0.2208101898431778,1173.1494140625
133973,Instrumental,4,training,29.976598639455784,0.12226880341768265,1173.13671875
133974,Instrumental,4,training,29.976598639455784,0.18099261820316315,1173.15625
133975,Instrumental,4,training,29.976598639455784,0.12256436049938202,1173.140625
133976,Instrumental,4,training,29.976598639455784,0.20875781774520874,1173.1533203125
133977,Instrumental,4,training,30.002721088435376,0.1903330385684967,1174.16015625
133978,Instrumental,4,training,30.002721088435376,0.25781822204589844,1174.171875
134034,Rock,7,training,29.976598639455784,0.22636142373085022,1172.09765625
134052,Electronic,0,training,29.988979591836735,0.19432862102985382,938.9228515625
134053,Electronic,0,training,29.988979591836735,0.20487159490585327,938.9609375
134054,Electronic,0,training,29.988979591836735,0.1901857852935791,939.0341796875
134073,Folk,2,training,29.976598639455784,0.24067892134189606,536.275390625
134077,Folk,2,training,29.976598639455784,0.2574475109577179,539.1572265625
134084,Folk,2,training,30.002721088435376,0.19635435938835144,574.6259765625
134094,Experimental,1,training,30.002721088435376,0.7045232057571411,1174.197265625
134359,Electronic,0,training,30.002721088435376,0.16403082013130188,1173.986328125
134384,Pop,6,training,30.002721088435376,0.19735635817050934,587.3271484375
134385,Pop,6,training,29.976598639455784,0.08756490796804428,586.8076171875
134388,Pop,6,training,29.976598639455784,0.13581913709640503,586.8095703125
134389,Pop,6,training,30.002721088435376,0.18644875288009644,587.3212890625
134443,Instrumental,4,validation,30.002721088435376,0.14169810712337494,952.072265625
134444,Instrumental,4,validation,29.976598639455784,0.12873515486717224,952.865234375
134445,Instrumental,4,validation,29.976598639455784,0.11328640580177307,916.50390625
134446,Electronic,0,training,30.002721088435376,0.264590859413147,1174.0517578125
134447,Electronic,0,training,29.976598639455784,0.10317225009202957,1173.02734375
134448,Electronic,0,training,29.976598639455784,0.24646000564098358,1173.0341796875
134449,Instrumental,4,validation,30.002721088435376,0.12504948675632477,915.6552734375
134452,Instrumental,4,validation,29.976598639455784,0.1046096608042717,1118.365234375
134453,Instrumental,4,validation,30.002721088435376,0.1011296734213829,887.75
134454,Instrumental,4,validation,29.976598639455784,0.14962518215179443,1000.423828125
134455,Instrumental,4,validation,30.002721088435376,0.1298929899930954,988.7587890625
134486,Pop,6,test,30.002721088435376,0.055044133216142654,704.76171875
134509,Hip-Hop,3,training,30.002721088435376,0.15755218267440796,1174.15234375
134510,Hip-Hop,3,training,29.976598639455784,0.2133219838142395,1173.1201171875
134580,Instrumental,4,training,30.002721088435376,0.06947141140699387,1174.095703125
134586,Instrumental,4,training,29.976598639455784,0.1372116059064865,1173.056640625
134594,Rock,7,training,29.976598639455784,0.16911742091178894,1172.1572265625
134610,Hip-Hop,3,training,30.002721088435376,0.2583051323890686,1174.1328125
134631,Experimental,1,training,29.976598639455784,0.11991956830024719,586.9033203125
134643,Experimental,1,training,30.002721088435376,0.27857738733291626,938.2236328125
134790,Instrumental,4,test,29.976598639455784,0.25089603662490845,1173.0419921875
134791,Instrumental,4,test,30.002721088435376,0.19489997625350952,1174.068359375
134792,Instrumental,4,test,30.002721088435376,0.3407217562198639,1174.1005859375
134793,Instrumental,4,test,30.002721088435376,0.1373160034418106,1174.1044921875
134794,Instrumental,4,test,30.002721088435376,0.27736636996269226,1174.1044921875
134795,Instrumental,4,test,30.002721088435376,0.18276230990886688,1174.1044921875
134796,Instrumental,4,test,29.976598639455784,0.32399454712867737,1173.078125
134797,Instrumental,4,test,29.976598639455784,0.2341015487909317,1173.099609375
134801,Electronic,0,training,29.976598639455784,0.08234290033578873,1173.1455078125
134823,Hip-Hop,3,training,30.002721088435376,0.3181309700012207,1174.041015625
134824,Hip-Hop,3,training,29.976598639455784,0.2873220145702362,1173.0224609375
134825,Hip-Hop,3,training,29.976598639455784,0.3290629982948303,1173.044921875
134826,Hip-Hop,3,training,30.002721088435376,0.23068027198314667,1174.0654296875
134827,Hip-Hop,3,training,29.976598639455784,0.29862749576568604,1173.0537109375
134918,International,5,training,30.002721088435376,0.11161286383867264,587.337890625
134919,International,5,training,30.002721088435376,0.0983133539557457,587.333984375
134922,International,5,training,29.976598639455784,0.11186134070158005,586.8603515625
134923,International,5,training,29.976598639455784,0.14624352753162384,586.8544921875
134928,International,5,training,30.002721088435376,0.10695493966341019,587.3623046875
134929,International,5,training,29.976598639455784,0.06627629697322845,586.8544921875
134930,International,5,training,30.002721088435376,0.13266223669052124,587.3818359375
134931,International,5,training,30.002721088435376,0.15079458057880402,587.3544921875
134932,International,5,training,30.002721088435376,0.16297592222690582,587.3486328125
134933,International,5,training,29.976598639455784,0.11129426211118698,586.8291015625
134934,International,5,training,30.002721088435376,0.08040373772382736,587.361328125
134935,International,5,training,30.002721088435376,0.13683855533599854,587.3408203125
134936,International,5,training,29.976598639455784,0.03116597980260849,586.833984375
134937,International,5,training,29.976598639455784,0.08699490875005722,586.83203125
134938,International,5,training,29.976598639455784,0.06649185717105865,586.8486328125
134939,International,5,training,29.976598639455784,0.08469246327877045,586.83984375
134940,International,5,training,30.002721088435376,0.15500763058662415,587.3671875
134941,International,5,training,30.002721088435376,0.050985876470804214,587.361328125
134942,International,5,training,29.976598639455784,0.1279938668012619,586.84375
134943,International,5,training,29.976598639455784,0.13484874367713928,586.9384765625
134947,International,5,training,29.976598639455784,0.16128575801849365,586.9375
134948,International,5,training,30.002721088435376,0.039744894951581955,587.435546875
134949,International,5,training,30.002721088435376,0.14728549122810364,587.458984375
134950,International,5,training,30.002721088435376,0.16776129603385925,587.439453125
134951,International,5,training,29.976598639455784,0.15083108842372894,586.955078125
134952,International,5,training,29.976598639455784,0.08058783411979675,586.9248046875
134956,International,5,training,30.002721088435376,0.18150149285793304,587.4189453125
134959,International,5,training,30.002721088435376,0.061811868101358414,587.390625
134962,International,5,training,29.976598639455784,0.19082096219062805,586.9345703125
134979,Folk,2,training,30.002721088435376,0.1582004427909851,765.73828125
134981,Folk,2,training,29.976598639455784,0.03458784520626068,723.8603515625
135010,Folk,2,training,29.976598639455784,0.17544732987880707,905.5185546875
135028,Folk,2,training,29.976598639455784,0.23320592939853668,843.3583984375
135039,Folk,2,training,29.976598639455784,0.16196338832378387,882.3359375
135043,Folk,2,training,30.002721088435376,0.13362464308738708,883.6171875
135044,Folk,2,training,29.976598639455784,0.14673581719398499,886.4130859375
135054,Experimental,1,training,30.002721088435376,0.07213658094406128,937.0439453125
135089,Experimental,1,training,29.976598639455784,0.0592813640832901,891.5634765625
135091,Experimental,1,training,29.976598639455784,0.02713659219443798,1002.2509765625
135092,Experimental,1,training,29.976598639455784,0.1122022494673729,946.86328125
135219,International,5,validation,29.976598639455784,0.18950538337230682,1035.814453125
135220,International,5,validation,29.976598639455784,0.1759878545999527,1003.6513671875
135221,International,5,validation,29.976598639455784,0.1753843128681183,898.5078125
135222,International,5,validation,29.976598639455784,0.20959489047527313,1059.52734375
135223,International,5,validation,29.976598639455784,0.1882988065481186,889.79296875
135224,International,5,validation,30.002721088435376,0.15338142216205597,907.5078125
135225,International,5,validation,29.976598639455784,0.15709960460662842,964.158203125
135226,International,5,validation,30.002721088435376,0.14969389140605927,965.92578125
135227,International,5,validation,30.002721088435376,0.1755470484495163,983.6533203125
135228,International,5,validation,30.002721088435376,0.10690229386091232,935.533203125
135229,International,5,validation,29.976598639455784,0.08984507620334625,972.990234375
135336,Pop,6,validation,29.976598639455784,0.2490365356206894,586.8681640625
135337,Pop,6,validation,30.002721088435376,0.19335542619228363,587.3984375
135338,Pop,6,validation,30.002721088435376,0.2711717486381531,587.384765625
135339,Pop,6,validation,29.976598639455784,0.09048857539892197,586.876953125
135340,Pop,6,validation,30.002721088435376,0.18712957203388214,587.375
135341,Pop,6,validation,29.976598639455784,0.14511625468730927,586.8740234375
135342,Pop,6,validation,29.976598639455784,0.163954958319664,586.853515625
135363,Rock,7,training,30.002721088435376,0.20609122514724731,1174.09375
135364,Rock,7,training,29.976598639455784,0.17406775057315826,1173.072265625
135365,Rock,7,training,30.002721088435376,0.28954949975013733,1174.103515625
135368,Rock,7,training,29.976598639455784,0.2269834578037262,1173.076171875
135369,Rock,7,training,29.976598639455784,0.14566746354103088,1173.0732421875
135370,Rock,7,training,30.002721088435376,0.1603524088859558,1174.0908203125
135371,Rock,7,training,29.976598639455784,0.19048365950584412,1173.0712890625
135372,Rock,7,training,30.002721088435376,0.29267066717147827,1174.095703125
135373,Rock,7,training,29.976598639455784,0.3113083243370056,1173.0751953125
135374,Rock,7,training,30.002721088435376,0.33509859442710876,1174.109375
135375,Rock,7,training,30.002721088435376,0.25677523016929626,1174.123046875
135986,Electronic,0,training,29.976598639455784,0.23540587723255157,1173.0859375
135989,Electronic,0,training,30.002721088435376,0.269609659910202,1174.1259765625
135990,Electronic,0,training,29.976598639455784,0.24832762777805328,1173.130859375
136054,Rock,7,test,29.976598639455784,0.19937972724437714,704.0625
136091,Rock,7,training,29.988979591836735,0.12108496576547623,1173.5205078125
136094,Rock,7,training,29.988979591836735,0.15546348690986633,1173.4931640625
136134,Folk,2,training,30.002721088435376,0.17167700827121735,1174.15234375
136137,Folk,2,training,30.002721088435376,0.1878228336572647,1173.9072265625
136138,Folk,2,training,29.976598639455784,0.12472453713417053,1172.900390625
136275,Rock,7,training,29.988979591836735,0.3309133052825928,1173.5224609375
136276,Instrumental,4,validation,30.002721088435376,0.10654620081186295,469.931640625
136320,Electronic,0,training,30.002721088435376,0.23033496737480164,850.49609375
136321,Electronic,0,training,29.976598639455784,0.2889184355735779,947.8671875
136322,Electronic,0,training,29.976598639455784,0.16877864301204681,965.59765625
136323,Electronic,0,training,29.976598639455784,0.07731305807828903,966.9150390625
136324,Electronic,0,training,29.976598639455784,0.0701717659831047,847.912109375
136331,Instrumental,4,training,29.976598639455784,0.11460069566965103,1172.837890625
136404,Rock,7,training,30.002721088435376,0.26907166838645935,587.4189453125
136424,Electronic,0,training,29.976598639455784,0.12468867003917694,1007.6904296875
136449,Hip-Hop,3,training,29.976598639455784,0.2574760615825653,1173.16796875
136465,Hip-Hop,3,training,29.976598639455784,0.2054537981748581,1173.1494140625
136466,Hip-Hop,3,training,30.002721088435376,0.2778509557247162,1174.201171875
136467,Hip-Hop,3,training,29.976598639455784,0.13800065219402313,1173.140625
136468,Hip-Hop,3,training,29.976598639455784,0.20378009974956512,1173.0751953125
136469,Hip-Hop,3,training,29.976598639455784,0.2553442120552063,1173.056640625
136705,Rock,7,training,29.976598639455784,0.237383633852005,1173.0859375
136706,Rock,7,training,29.976598639455784,0.1825440376996994,1173.095703125
136707,Rock,7,training,29.976598639455784,0.30226272344589233,1173.0908203125
136708,Rock,7,training,29.976598639455784,0.33931854367256165,1173.08984375
136709,Rock,7,training,29.976598639455784,0.3402438461780548,1173.0986328125
136928,Experimental,1,training,29.976598639455784,0.005915728863328695,1173.1044921875
136994,International,5,training,30.002721088435376,0.21842187643051147,1174.1337890625
136995,International,5,training,30.002721088435376,0.25280672311782837,1174.181640625
137054,Electronic,0,training,29.976598639455784,0.12726862728595734,1172.0546875
137151,Electronic,0,training,30.002721088435376,0.09685423970222473,1174.1201171875
137152,Electronic,0,training,29.976598639455784,0.27015846967697144,1173.115234375
137166,Instrumental,4,training,29.976598639455784,0.09470585733652115,1173.041015625
137167,Instrumental,4,training,30.002721088435376,0.09608206897974014,1174.0361328125
137168,Instrumental,4,training,30.002721088435376,0.07378465682268143,1174.001953125
137169,Instrumental,4,training,29.976598639455784,0.09482324868440628,1173.0185546875
137170,Instrumental,4,training,30.002721088435376,0.07342122495174408,1174.017578125
137171,Instrumental,4,training,30.002721088435376,0.08745744079351425,1174.0205078125
137172,Instrumental,4,training,29.976598639455784,0.08130703121423721,1173.0048828125
137173,Instrumental,4,training,30.002721088435376,0.04911065101623535,1174.005859375
137174,Instrumental,4,training,29.976598639455784,0.0874391496181488,1173.03125
137175,Instrumental,4,training,29.976598639455784,0.06324730068445206,1172.99609375
137176,Instrumental,4,training,30.002721088435376,0.07640504091978073,1174.06640625
137211,Rock,7,training,29.976598639455784,0.16146539151668549,1173.615234375
137212,Rock,7,training,29.976598639455784,0.2420760691165924,1174.205078125
137213,Rock,7,training,30.002721088435376,0.04135473072528839,1175.486328125
137214,Rock,7,training,29.976598639455784,0.19925935566425323,1173.98828125
137356,Rock,7,training,29.976598639455784,0.30116429924964905,586.8740234375
137417,Rock,7,training,30.002721088435376,0.20323628187179565,797.5302734375
137418,Rock,7,training,30.002721088435376,0.2220163494348526,812.767578125
137419,Rock,7,training,29.976598639455784,0.2183658927679062,778.7255859375
137423,Rock,7,training,29.976598639455784,0.1839057058095932,733.0439453125
137424,Rock,7,training,30.002721088435376,0.20048949122428894,819.318359375
137425,Rock,7,training,29.976598639455784,0.22955632209777832,784.7578125
137426,Rock,7,training,29.976598639455784,0.2030797302722931,768.28125
137462,Electronic,0,training,29.976598639455784,0.089554563164711,1173.064453125
137463,Electronic,0,training,30.002721088435376,0.11528155207633972,1174.0908203125
137484,Experimental,1,training,29.976598639455784,0.06460513174533844,1173.1416015625
137500,Experimental,1,training,29.976598639455784,0.2051495611667633,938.365234375
137551,Experimental,1,training,29.988979591836735,0.0037342056166380644,1173.51953125
137561,Experimental,1,training,30.002721088435376,0.07234085351228714,1174.1494140625
137563,Experimental,1,training,29.988979591836735,0.017720788717269897,1173.515625
137567,Rock,7,training,30.002721088435376,0.07265729457139969,1173.6572265625
137593,Rock,7,training,29.976598639455784,0.28404897451400757,976.5458984375
137605,Rock,7,test,29.988979591836735,0.12951765954494476,1173.52734375
137624,Rock,7,test,30.002721088435376,0.2588145434856415,971.8271484375
137627,Rock,7,test,29.976598639455784,0.08928418904542923,947.2744140625
137630,Rock,7,test,30.002721088435376,0.11164505779743195,994.3896484375
137631,Rock,7,test,30.002721088435376,0.15714704990386963,811.5869140625
137632,Rock,7,test,30.002721088435376,0.22999393939971924,1094.5361328125
137715,Rock,7,validation,29.988979591836735,0.48306354880332947,1173.49609375
137716,Rock,7,validation,29.988979591836735,0.45856189727783203,1173.51171875
137717,Rock,7,validation,29.988979591836735,0.4387455880641937,1173.4951171875
137719,Rock,7,validation,29.976598639455784,0.43690893054008484,469.650390625
137720,Rock,7,validation,30.002721088435376,0.41105979681015015,470.07421875
137721,Rock,7,validation,30.002721088435376,0.4855189621448517,470.06640625
137722,Rock,7,validation,29.976598639455784,0.37806540727615356,469.6640625
137723,Rock,7,validation,30.002721088435376,0.42854222655296326,470.07421875
137724,Rock,7,validation,30.002721088435376,0.43989524245262146,470.0732421875
137725,Rock,7,validation,29.976598639455784,0.40169253945350647,469.6884765625
137740,Rock,7,training,29.988979591836735,0.27810952067375183,1173.4677734375
137895,Hip-Hop,3,training,30.002721088435376,0.2910650968551636,1174.099609375
137896,Hip-Hop,3,training,29.976598639455784,0.28897470235824585,1173.0732421875
137898,Hip-Hop,3,training,29.976598639455784,0.2823962867259979,1173.0146484375
137899,Hip-Hop,3,training,29.976598639455784,0.3157525062561035,1173.10546875
137900,Hip-Hop,3,training,29.976598639455784,0.22650179266929626,1173.091796875
137901,Hip-Hop,3,training,30.002721088435376,0.2871711552143097,1174.1279296875
137907,Folk,2,training,29.976598639455784,0.025888612493872643,1172.0888671875
137935,Rock,7,training,29.976598639455784,0.20271524786949158,1069.2158203125
137990,Folk,2,training,30.002721088435376,0.16455531120300293,960.6787109375
137998,Rock,7,training,29.976598639455784,0.08577719330787659,896.1533203125
138010,Rock,7,training,29.976598639455784,0.2644324004650116,1000.2626953125
138015,Folk,2,training,30.002721088435376,0.12914788722991943,858.4052734375
138016,Folk,2,training,29.976598639455784,0.1549277901649475,909.8076171875
138017,Folk,2,training,29.976598639455784,0.15425366163253784,904.509765625
138018,Instrumental,4,test,30.002721088435376,0.021639497950673103,524.2919921875
138019,Instrumental,4,test,29.976598639455784,0.09036851674318314,728.888671875
138020,Instrumental,4,test,30.002721088435376,0.03654098883271217,940.2236328125
138021,Instrumental,4,test,30.002721088435376,0.13678719103336334,895.5771484375
138022,Instrumental,4,test,30.002721088435376,0.03607843071222305,767.560546875
138023,Instrumental,4,test,30.002721088435376,0.0597272627055645,750.9248046875
138024,Instrumental,4,test,30.002721088435376,0.10815905034542084,947.3544921875
138025,Instrumental,4,test,29.976598639455784,0.14356131851673126,933.6064453125
138026,Instrumental,4,test,30.002721088435376,0.09504382312297821,957.98828125
138038,Pop,6,training,30.002721088435376,0.22958244383335114,980.5068359375
138039,Pop,6,training,29.976598639455784,0.23647449910640717,890.2353515625
138040,Pop,6,training,29.976598639455784,0.26833784580230713,1003.6123046875
138041,Pop,6,training,30.002721088435376,0.27913859486579895,999.2421875
138053,Rock,7,training,29.976598639455784,0.23689799010753632,941.693359375
138060,Rock,7,validation,29.976598639455784,0.1080523431301117,923.4052734375
138061,Rock,7,validation,29.976598639455784,0.15317413210868835,1052.7861328125
138062,Pop,6,training,30.002721088435376,0.29661938548088074,1020.2626953125
138063,Pop,6,training,30.002721088435376,0.3105151951313019,946.6669921875
138064,Pop,6,training,30.002721088435376,0.342627614736557,1004.2421875
138065,Pop,6,training,30.002721088435376,0.3436145782470703,977.548828125
138066,Pop,6,training,30.002721088435376,0.22014176845550537,1010.177734375
138067,Pop,6,training,30.002721088435376,0.28454190492630005,1013.8369140625
138068,Pop,6,training,30.002721088435376,0.29058220982551575,976.939453125
138069,Pop,6,training,30.002721088435376,0.24027280509471893,1001.197265625
138070,Pop,6,training,30.002721088435376,0.29596689343452454,917.2099609375
138071,Pop,6,training,30.002721088435376,0.2600579261779785,953.3740234375
138207,Rock,7,training,29.976598639455784,0.21581028401851654,1173.130859375
138210,Rock,7,training,29.976598639455784,0.2387363463640213,1173.125
138211,Rock,7,training,29.976598639455784,0.19280801713466644,1173.1328125
138212,Hip-Hop,3,training,30.002721088435376,0.2655636668205261,1174.1806640625
138213,Hip-Hop,3,training,29.976598639455784,0.2530967593193054,1173.0927734375
138215,Hip-Hop,3,training,30.002721088435376,0.3210063576698303,1174.0810546875
138216,Hip-Hop,3,training,29.976598639455784,0.24196189641952515,1173.064453125
138217,Hip-Hop,3,training,30.002721088435376,0.2875746786594391,1174.087890625
138218,Hip-Hop,3,training,29.976598639455784,0.2790263295173645,1173.0830078125
138256,Experimental,1,training,30.002721088435376,0.1302264928817749,1174.1728515625
138282,Rock,7,training,29.976598639455784,0.2546650469303131,937.6201171875
138306,Rock,7,training,30.002721088435376,0.35416311025619507,938.4326171875
138311,Rock,7,training,30.002721088435376,0.12243884801864624,938.435546875
138317,Rock,7,training,30.002721088435376,0.20175543427467346,938.4296875
138318,Rock,7,training,29.976598639455784,0.16023844480514526,937.6435546875
138319,Rock,7,training,29.976598639455784,0.11762796342372894,937.62109375
138320,Rock,7,training,30.002721088435376,0.1442444622516632,938.42578125
138351,Rock,7,validation,29.976598639455784,0.18400685489177704,1173.08203125
138355,Rock,7,training,30.002721088435376,0.298481822013855,1174.0654296875
138406,Folk,2,training,29.976598639455784,0.24779507517814636,959.1884765625
138410,Folk,2,training,29.976598639455784,0.19195948541164398,916.7216796875
138413,Folk,2,training,29.976598639455784,0.2143608182668686,1026.1962890625
138414,Folk,2,training,29.976598639455784,0.22493761777877808,962.2041015625
138415,Folk,2,training,30.002721088435376,0.18335306644439697,978.6904296875
138416,Folk,2,training,30.002721088435376,0.1630430817604065,931.505859375
138578,Electronic,0,training,29.976598639455784,0.21355468034744263,1012.6181640625
138579,Electronic,0,training,30.002721088435376,0.2664317786693573,959.095703125
138580,Electronic,0,training,29.976598639455784,0.26893362402915955,969.0576171875
138581,Electronic,0,training,30.002721088435376,0.266073077917099,949.4140625
139003,Instrumental,4,training,29.976598639455784,0.06190292164683342,1172.8798828125
139043,Pop,6,training,29.976598639455784,0.18987704813480377,1173.0166015625
139110,Folk,2,training,29.988979591836735,0.20549248158931732,938.958984375
139112,Folk,2,training,29.976598639455784,0.22159475088119507,937.6767578125
139117,Rock,7,training,29.976598639455784,0.2081194519996643,937.609375
139123,Rock,7,training,29.976598639455784,0.18192759156227112,937.61328125
139226,Electronic,0,training,29.976598639455784,0.30250656604766846,1173.009765625
139329,Experimental,1,training,29.976598639455784,0.14885297417640686,1173.06640625
139330,Experimental,1,training,30.002721088435376,0.11965911835432053,1174.0625
139461,Rock,7,training,30.002721088435376,0.2196367084980011,1174.0517578125
139485,Instrumental,4,training,29.976598639455784,0.07466273009777069,1173.0693359375
139491,Instrumental,4,training,29.976598639455784,0.06936383992433548,1173.0712890625
139520,Folk,2,training,30.002721088435376,0.12834811210632324,938.2109375
139521,Folk,2,training,30.002721088435376,0.12419837713241577,938.193359375
139522,Folk,2,training,30.002721088435376,0.09541302174329758,938.19921875
139523,Folk,2,training,30.002721088435376,0.08257711678743362,938.2158203125
139524,Folk,2,training,30.002721088435376,0.11272621154785156,938.2138671875
139532,Instrumental,4,training,29.976598639455784,0.12384301424026489,1172.1630859375
139534,Instrumental,4,training,30.002721088435376,0.1675979644060135,1173.1708984375
139536,Instrumental,4,training,30.002721088435376,0.12565989792346954,1173.1787109375
139537,Instrumental,4,training,29.976598639455784,0.1710880547761917,1172.1611328125
139637,Experimental,1,training,30.002721088435376,0.11642104387283325,1174.2109375
139638,Experimental,1,training,29.976598639455784,0.11223465949296951,1173.1845703125
139663,Experimental,1,training,29.976598639455784,0.3119734227657318,937.650390625
139681,Experimental,1,training,29.976598639455784,0.15398181974887848,1173.1708984375
139687,Experimental,1,training,29.976598639455784,0.04643736034631729,1173.1708984375
139688,Experimental,1,training,29.976598639455784,0.07345051318407059,1173.1708984375
139769,Rock,7,training,29.976598639455784,0.27042001485824585,938.578125
139770,Rock,7,training,29.976598639455784,0.27871695160865784,938.5712890625
139771,Instrumental,4,training,29.976598639455784,0.07557182759046555,938.609375
139772,Instrumental,4,training,29.976598639455784,0.26270562410354614,938.607421875
139773,Instrumental,4,training,30.002721088435376,0.2521248161792755,939.443359375
139774,Instrumental,4,training,30.002721088435376,0.1956814080476761,939.412109375
139775,Instrumental,4,training,30.002721088435376,0.19199976325035095,939.4482421875
139776,Instrumental,4,training,29.976598639455784,0.10876315832138062,938.5244140625
139777,Instrumental,4,training,29.976598639455784,0.09902443736791611,938.5966796875
139804,Experimental,1,training,30.002721088435376,0.2872408330440521,938.2431640625
139862,Experimental,1,training,29.988979591836735,0.12975327670574188,1173.5341796875
139876,Experimental,1,training,30.002721088435376,0.15144675970077515,1174.19140625
139933,Electronic,0,test,29.976598639455784,0.3661501407623291,1173.1171875
139934,Electronic,0,test,29.976598639455784,0.35464584827423096,1173.1416015625
139935,Electronic,0,test,29.976598639455784,0.22013716399669647,1173.1240234375
139936,Electronic,0,test,30.002721088435376,0.2460935413837433,1174.1484375
139937,Electronic,0,test,29.976598639455784,0.21226046979427338,1173.1220703125
139954,Electronic,0,training,30.002721088435376,0.03221894055604935,1174.16015625
139990,Electronic,0,training,30.002721088435376,0.0535120889544487,1173.91796875
139991,Electronic,0,training,30.002721088435376,0.0710241049528122,1173.9248046875
139992,Electronic,0,training,29.976598639455784,0.11786960810422897,1172.9150390625
139993,Electronic,0,training,30.002721088435376,0.084584541618824,1173.9267578125
139994,Electronic,0,training,30.002721088435376,0.12735551595687866,1173.921875
139995,Electronic,0,training,30.002721088435376,0.10621816664934158,1173.9111328125
140043,Rock,7,test,30.002721088435376,0.07738789170980453,1174.2109375
140134,Electronic,0,training,29.976598639455784,0.18568508327007294,1172.9609375
140135,Electronic,0,training,30.002721088435376,0.1658163070678711,1173.9833984375
140258,Electronic,0,training,29.976598639455784,0.1652866154909134,1172.9150390625
140259,Electronic,0,training,30.002721088435376,0.24753952026367188,1173.943359375
140260,Electronic,0,training,29.976598639455784,0.19388794898986816,1172.9091796875
140261,Electronic,0,training,29.976598639455784,0.16767825186252594,1172.9228515625
140262,Electronic,0,training,30.002721088435376,0.13393211364746094,1173.94140625
140263,Electronic,0,training,30.002721088435376,0.30052322149276733,1173.953125
140266,Experimental,1,training,29.976598639455784,0.012221387587487698,469.5087890625
140316,Experimental,1,training,29.976598639455784,0.178519144654274,1173.1708984375
140344,Electronic,0,training,30.002721088435376,0.09736400842666626,1173.97265625
140421,Rock,7,training,30.002721088435376,0.1690520942211151,1174.4775390625
140564,Electronic,0,training,29.988979591836735,0.23422576487064362,1173.4580078125
140565,Electronic,0,training,29.988979591836735,0.23828253149986267,1173.4814453125
140566,Electronic,0,training,29.976598639455784,0.23459431529045105,1172.0703125
140576,Rock,7,training,30.002721088435376,0.2967343032360077,704.77734375
140583,Folk,2,validation,29.976598639455784,0.19592808187007904,704.126953125
140584,International,5,training,30.002721088435376,0.22614365816116333,704.744140625
140609,Hip-Hop,3,test,30.002721088435376,0.28702759742736816,1174.091796875
140620,Hip-Hop,3,test,30.002721088435376,0.20846383273601532,1174.04296875
140621,Hip-Hop,3,test,29.976598639455784,0.29723018407821655,1173.05078125
140623,Hip-Hop,3,test,29.976598639455784,0.3363701105117798,1173.048828125
140625,Hip-Hop,3,test,30.002721088435376,0.2548048794269562,1174.0810546875
140626,Hip-Hop,3,test,30.002721088435376,0.26844507455825806,1174.12890625
140788,Folk,2,training,29.976598639455784,0.06666243821382523,938.521484375
140789,Folk,2,training,30.002721088435376,0.13762056827545166,670.2275390625
140790,Folk,2,training,30.002721088435376,0.17146442830562592,612.705078125
140791,Folk,2,training,30.002721088435376,0.1667967140674591,563.869140625
140794,Folk,2,training,30.002721088435376,0.21590787172317505,666.099609375
140871,Folk,2,training,29.988979591836735,0.0648186057806015,1173.486328125
140872,Folk,2,training,29.988979591836735,0.0694587454199791,1173.494140625
140873,Folk,2,training,29.988979591836735,0.06759631633758545,1173.470703125
140874,Folk,2,training,29.988979591836735,0.0692124292254448,1173.4921875
140875,Folk,2,training,29.988979591836735,0.06186895817518234,1173.4921875
140922,Electronic,0,test,29.976598639455784,0.1462424397468567,1173.04296875
140923,Electronic,0,test,30.002721088435376,0.17518480122089386,1174.0859375
140924,Electronic,0,test,29.976598639455784,0.23318488895893097,1173.04296875
140925,Electronic,0,test,30.002721088435376,0.27556371688842773,1174.0791015625
140926,Electronic,0,test,29.976598639455784,0.18901164829730988,1173.0703125
140933,Electronic,0,test,29.976598639455784,0.1250433325767517,1172.8896484375
140934,Electronic,0,test,29.976598639455784,0.20203354954719543,1172.8857421875
140935,Experimental,1,validation,30.002721088435376,0.42267289757728577,1174.033203125
140939,Experimental,1,validation,29.976598639455784,0.31973421573638916,1173.013671875
141074,Instrumental,4,training,30.002721088435376,0.19169597327709198,1174.125
141137,Instrumental,4,training,29.976598639455784,0.08737658709287643,1173.16015625
141139,Instrumental,4,training,30.002721088435376,0.11809415370225906,1174.185546875
141141,Instrumental,4,training,29.976598639455784,0.04940064996480942,1173.15625
141143,Instrumental,4,training,29.976598639455784,0.07317440211772919,1173.1611328125
141144,Instrumental,4,training,30.002721088435376,0.10313822329044342,1174.1240234375
141164,Hip-Hop,3,training,30.002721088435376,0.22150734066963196,1174.0810546875
141166,Hip-Hop,3,training,30.002721088435376,0.1566135436296463,1174.1005859375
141167,Hip-Hop,3,training,29.976598639455784,0.21507108211517334,1173.10546875
141168,Hip-Hop,3,training,29.976598639455784,0.2644668519496918,1173.0556640625
141173,Rock,7,training,29.988979591836735,0.2418195903301239,1173.400390625
141179,Pop,6,training,30.002721088435376,0.2297714501619339,1173.9873046875
141180,Pop,6,training,29.976598639455784,0.14528101682662964,1173.0
141181,Pop,6,training,29.976598639455784,0.12839101254940033,1173.048828125
141182,Pop,6,training,30.002721088435376,0.11623170971870422,1174.017578125
141264,Experimental,1,training,29.976598639455784,0.5122503042221069,937.64453125
141282,Instrumental,4,training,30.002721088435376,0.07567912340164185,1174.0595703125
141283,Instrumental,4,training,29.976598639455784,0.15253755450248718,1173.037109375
141284,Instrumental,4,training,29.976598639455784,0.0886830985546112,1173.1005859375
141285,Instrumental,4,training,29.976598639455784,0.12085121870040894,1173.0966796875
141286,Instrumental,4,training,30.002721088435376,0.16277725994586945,1174.11328125
141287,Instrumental,4,training,29.976598639455784,0.12693379819393158,1173.1025390625
141288,Instrumental,4,training,30.002721088435376,0.11972140520811081,1174.10546875
141289,Instrumental,4,training,30.002721088435376,0.16110378503799438,1174.11328125
141290,Instrumental,4,training,30.002721088435376,0.18646374344825745,1174.12109375
141291,Instrumental,4,training,29.976598639455784,0.14271245896816254,1173.1044921875
141292,Instrumental,4,training,30.002721088435376,0.10359982401132584,1174.1259765625
141293,Instrumental,4,training,29.976598639455784,0.1549483984708786,1173.1220703125
141295,Instrumental,4,training,29.976598639455784,0.16056393086910248,1173.10546875
141296,Instrumental,4,training,29.976598639455784,0.08361029624938965,1173.109375
141297,Instrumental,4,training,29.976598639455784,0.15693941712379456,1173.103515625
141299,Instrumental,4,training,29.976598639455784,0.11083819717168808,1173.1005859375
141300,Instrumental,4,training,29.976598639455784,0.06598803400993347,1173.111328125
141303,Instrumental,4,training,30.002721088435376,0.10472436249256134,1174.1142578125
141304,Hip-Hop,3,training,30.002721088435376,0.1512734442949295,587.3173828125
141310,Electronic,0,training,29.976598639455784,0.2452104687690735,1172.982421875
141375,Hip-Hop,3,training,29.976598639455784,0.15286703407764435,1173.0322265625
141561,Hip-Hop,3,training,29.976598639455784,0.2711855173110962,1173.0859375
141562,Hip-Hop,3,training,29.976598639455784,0.22366732358932495,1173.0859375
141564,Hip-Hop,3,training,29.976598639455784,0.09579528123140335,1173.08203125
141566,Hip-Hop,3,training,30.002721088435376,0.24789275228977203,1174.0966796875
141567,Hip-Hop,3,training,29.976598639455784,0.28774014115333557,1173.08984375
141568,Hip-Hop,3,training,30.002721088435376,0.2600569725036621,1174.0908203125
141569,Hip-Hop,3,training,29.976598639455784,0.14810466766357422,1173.0703125
141590,International,5,training,29.976598639455784,0.3615134358406067,1173.0595703125
141591,International,5,training,30.002721088435376,0.33716848492622375,1173.0595703125
141592,International,5,training,29.976598639455784,0.24563898146152496,1173.044921875
141593,International,5,training,29.976598639455784,0.40382543206214905,1172.0322265625
141594,International,5,training,29.976598639455784,0.40514904260635376,1173.05078125
141616,Electronic,0,test,29.976598639455784,0.1664126068353653,1173.1494140625
141617,Electronic,0,test,30.002721088435376,0.15838965773582458,1174.1953125
141618,Electronic,0,test,29.976598639455784,0.13030201196670532,1173.060546875
141619,Electronic,0,test,30.002721088435376,0.2680121064186096,1174.0830078125
141735,Hip-Hop,3,validation,30.002721088435376,0.3151004910469055,704.619140625
141873,Electronic,0,training,29.976598639455784,0.2395981401205063,1172.9404296875
141874,Electronic,0,training,29.976598639455784,0.2793707549571991,1172.9443359375
141875,Electronic,0,training,29.976598639455784,0.19882319867610931,1172.9599609375
141876,Instrumental,4,training,30.002721088435376,0.07595088332891464,1174.119140625
141877,Rock,7,test,29.976598639455784,0.15206968784332275,1172.9580078125
141878,Rock,7,test,29.976598639455784,0.13457831740379333,1172.955078125
141894,Rock,7,training,30.002721088435376,0.24529777467250824,1173.9970703125
141901,Pop,6,training,29.976598639455784,0.2234179824590683,704.0869140625
141902,Pop,6,training,29.976598639455784,0.19289420545101166,704.05859375
141903,Pop,6,training,30.002721088435376,0.1983618289232254,704.6748046875
141972,Experimental,1,training,29.976598639455784,0.18024297058582306,1173.0859375
142078,Electronic,0,training,29.976598639455784,0.4051383137702942,1173.0703125
142079,Electronic,0,training,30.002721088435376,0.41936194896698,1174.0888671875
142080,Electronic,0,training,30.002721088435376,0.37160229682922363,1174.09375
142081,Electronic,0,training,29.976598639455784,0.18019382655620575,1173.0673828125
142082,Hip-Hop,3,training,29.988979591836735,0.16162283718585968,704.19140625
142083,Hip-Hop,3,training,29.976598639455784,0.2600981891155243,1172.9580078125
142084,Hip-Hop,3,training,29.988979591836735,0.2985532879829407,469.6240234375
142085,Hip-Hop,3,training,29.976598639455784,0.2969300448894501,703.9736328125
142086,Hip-Hop,3,training,29.976598639455784,0.21832802891731262,1172.974609375
142087,Hip-Hop,3,training,29.988979591836735,0.26805901527404785,469.646484375
142088,Hip-Hop,3,training,30.002721088435376,0.25884702801704407,1173.9755859375
142089,Hip-Hop,3,training,29.988979591836735,0.1759166419506073,1173.3193359375
142091,Hip-Hop,3,training,29.976598639455784,0.284961074590683,1172.9755859375
142092,Hip-Hop,3,training,29.988979591836735,0.1231960728764534,1173.33984375
142093,Hip-Hop,3,training,30.002721088435376,0.1473410576581955,469.9150390625
142094,Instrumental,4,validation,29.976598639455784,0.20644855499267578,1172.9755859375
142096,Instrumental,4,validation,29.976598639455784,0.15131811797618866,1172.970703125
142097,Instrumental,4,validation,30.002721088435376,0.21052752435207367,1174.017578125
142098,Instrumental,4,validation,29.976598639455784,0.14335855841636658,1172.9814453125
142128,Rock,7,training,30.002721088435376,0.12963882088661194,938.4560546875
142129,Folk,2,training,29.976598639455784,0.13712318241596222,1172.1845703125
142132,Folk,2,training,29.976598639455784,0.05813581496477127,1172.169921875
142133,Folk,2,training,30.002721088435376,0.07052769511938095,1173.2197265625
142358,Hip-Hop,3,test,30.002721088435376,0.27659425139427185,1174.033203125
142359,Hip-Hop,3,test,29.976598639455784,0.2446674406528473,1173.0224609375
142360,Hip-Hop,3,test,29.976598639455784,0.24170099198818207,1173.033203125
142361,Hip-Hop,3,test,30.002721088435376,0.2856546938419342,1174.037109375
142362,Hip-Hop,3,test,29.976598639455784,0.22762279212474823,1173.125
142381,Instrumental,4,training,29.976598639455784,0.22841137647628784,941.423828125
142402,Rock,7,training,29.976598639455784,0.22706441581249237,1028.3388671875
142418,Rock,7,training,29.976598639455784,0.36667320132255554,1002.0771484375
142433,Instrumental,4,validation,30.002721088435376,0.25369134545326233,1174.0009765625
142511,Rock,7,training,29.976598639455784,0.22702643275260925,1027.142578125
142516,Folk,2,training,30.002721088435376,0.24636517465114594,879.173828125
142517,Folk,2,training,29.976598639455784,0.2338837832212448,867.421875
142519,Folk,2,training,30.002721088435376,0.28117141127586365,864.0888671875
142528,Folk,2,training,29.976598639455784,0.21002107858657837,1065.326171875
142529,Folk,2,training,29.976598639455784,0.2848193943500519,963.4609375
142530,Folk,2,training,29.976598639455784,0.16284027695655823,1000.0869140625
142531,Folk,2,training,30.002721088435376,0.12767475843429565,910.076171875
142532,Folk,2,training,29.976598639455784,0.1461956799030304,848.4267578125
142533,International,5,test,29.976598639455784,0.2571139633655548,922.3759765625
142534,International,5,test,30.002721088435376,0.26450419425964355,962.6484375
142535,International,5,test,29.976598639455784,0.3060595989227295,1030.2958984375
142536,International,5,test,30.002721088435376,0.27407968044281006,974.6982421875
142537,International,5,test,30.002721088435376,0.31721413135528564,1014.7890625
142538,International,5,test,29.976598639455784,0.2652694284915924,1051.619140625
142539,International,5,test,30.002721088435376,0.15523165464401245,1000.01953125
142549,Pop,6,training,29.976598639455784,0.1976037323474884,952.697265625
142550,Pop,6,training,29.976598639455784,0.2811430096626282,976.9853515625
142551,Pop,6,training,30.002721088435376,0.261674702167511,982.0693359375
142552,Pop,6,training,30.002721088435376,0.26837292313575745,974.8876953125
142553,Pop,6,training,30.002721088435376,0.2476082593202591,955.4111328125
142563,Rock,7,validation,29.976598639455784,0.1356476992368698,978.44921875
142564,International,5,training,29.976598639455784,0.26386505365371704,921.5947265625
142565,International,5,training,30.002721088435376,0.275203138589859,945.8701171875
142566,International,5,training,29.976598639455784,0.31868496537208557,896.828125
142567,International,5,training,30.002721088435376,0.29865318536758423,925.2744140625
142568,International,5,training,29.976598639455784,0.2615997791290283,829.001953125
142569,International,5,training,29.976598639455784,0.22092975676059723,922.609375
142570,International,5,training,29.976598639455784,0.24706006050109863,902.7275390625
142571,International,5,training,29.976598639455784,0.2811141610145569,963.89453125
142572,International,5,training,29.976598639455784,0.24861304461956024,1032.0927734375
142573,International,5,training,29.976598639455784,0.25348708033561707,985.8173828125
142574,International,5,training,30.002721088435376,0.2704150676727295,945.32421875
142575,International,5,training,30.002721088435376,0.2709046006202698,984.5341796875
142576,International,5,training,29.976598639455784,0.24621650576591492,1102.9072265625
142577,International,5,training,29.976598639455784,0.28881704807281494,868.7470703125
142579,International,5,training,30.002721088435376,0.26214197278022766,871.9990234375
142641,Instrumental,4,validation,29.976598639455784,0.3168855905532837,1172.990234375
142666,Hip-Hop,3,training,30.002721088435376,0.19538822770118713,1174.09375
142668,Hip-Hop,3,training,29.976598639455784,0.31752219796180725,1173.04296875
142669,Hip-Hop,3,training,30.002721088435376,0.1771717518568039,1174.0712890625
142670,Hip-Hop,3,training,29.976598639455784,0.2862972915172577,1173.052734375
142671,Hip-Hop,3,training,29.976598639455784,0.45421838760375977,1173.048828125
142672,Hip-Hop,3,training,29.976598639455784,0.2134585976600647,1173.046875
142947,Rock,7,validation,29.976598639455784,0.12100709229707718,937.6494140625
142948,Rock,7,validation,30.002721088435376,0.10638963431119919,938.4501953125
142949,Rock,7,validation,30.002721088435376,0.13364173471927643,938.44140625
142950,Rock,7,validation,30.002721088435376,0.11371350288391113,938.4736328125
143039,Experimental,1,training,29.976598639455784,0.17817316949367523,704.2119140625
143046,Electronic,0,training,29.976598639455784,0.2529029846191406,1172.078125
143055,Electronic,0,training,30.002721088435376,0.15624399483203888,939.50390625
143056,Electronic,0,training,29.976598639455784,0.08437994867563248,938.7177734375
143057,Electronic,0,training,30.002721088435376,0.08815361559391022,939.529296875
143058,Electronic,0,training,29.976598639455784,0.18075789511203766,938.732421875
143059,Electronic,0,training,29.976598639455784,0.23088885843753815,938.603515625
143060,Electronic,0,training,30.002721088435376,0.047896310687065125,939.5595703125
143061,Electronic,0,training,29.976598639455784,0.058364931493997574,938.697265625
143095,Rock,7,training,29.976598639455784,0.13732032477855682,1171.927734375
143097,Rock,7,training,30.002721088435376,0.11990474164485931,1172.96875
143098,Rock,7,training,30.002721088435376,0.15991967916488647,1172.962890625
143099,Rock,7,training,30.002721088435376,0.11765969544649124,1172.9765625
143106,Rock,7,training,30.002721088435376,0.1459169089794159,1173.171875
143186,Experimental,1,validation,29.976598639455784,0.1452302187681198,1173.1787109375
143214,Rock,7,training,30.002721088435376,0.1939864158630371,1174.0751953125
143215,Rock,7,training,29.976598639455784,0.2772001624107361,1173.0546875
143216,Rock,7,training,29.976598639455784,0.2558882236480713,1173.0283203125
143217,Rock,7,training,29.976598639455784,0.20849771797657013,1173.05859375
143218,Rock,7,training,30.002721088435376,0.11343356966972351,1174.06640625
143219,Rock,7,training,29.976598639455784,0.19556769728660583,1173.0673828125
143220,Rock,7,training,30.002721088435376,0.3063921332359314,1174.0419921875
143221,Rock,7,training,30.002721088435376,0.2769336700439453,1174.05078125
143237,Pop,6,training,30.002721088435376,0.1838786005973816,704.6787109375
143239,Instrumental,4,validation,30.002721088435376,0.23472055792808533,1173.9853515625
143290,Hip-Hop,3,training,29.976598639455784,0.1255074441432953,586.7255859375
143295,Instrumental,4,validation,30.002721088435376,0.13534407317638397,587.408203125
143296,Instrumental,4,validation,30.002721088435376,0.13244055211544037,587.4140625
143299,Instrumental,4,validation,30.002721088435376,0.13607479631900787,587.4072265625
143300,Instrumental,4,validation,30.002721088435376,0.08013098686933517,587.427734375
143303,Instrumental,4,validation,29.976598639455784,0.088852658867836,586.9248046875
143304,Instrumental,4,validation,30.002721088435376,0.07833780348300934,587.4208984375
143305,Instrumental,4,validation,29.976598639455784,0.11799994111061096,586.900390625
143306,Instrumental,4,validation,30.002721088435376,0.08369912207126617,587.41796875
143307,Instrumental,4,validation,29.976598639455784,0.12458861619234085,586.9052734375
143308,Instrumental,4,validation,30.002721088435376,0.09775521606206894,587.4462890625
143309,Instrumental,4,validation,29.976598639455784,0.091286800801754,586.9140625
143318,Rock,7,training,30.002721088435376,0.33883413672447205,1174.1015625
143319,Rock,7,training,29.976598639455784,0.3283775746822357,1173.0615234375
143532,Electronic,0,training,30.002721088435376,0.12696804106235504,1174.080078125
143941,Instrumental,4,validation,30.002721088435376,0.13217049837112427,1173.9970703125
143989,Rock,7,training,29.976598639455784,0.2344454973936081,1172.12890625
143995,Rock,7,training,30.002721088435376,0.2613105773925781,1173.140625
144170,Hip-Hop,3,training,30.002721088435376,0.2975432574748993,1174.1396484375
144171,Hip-Hop,3,training,29.976598639455784,0.274379700422287,1173.12890625
144172,Hip-Hop,3,training,30.002721088435376,0.3209269344806671,1174.138671875
144173,Hip-Hop,3,training,30.002721088435376,0.27456629276275635,1174.1455078125
144179,Hip-Hop,3,training,30.002721088435376,0.27960166335105896,1174.2099609375
144180,Hip-Hop,3,training,30.002721088435376,0.21221886575222015,1174.228515625
144181,Hip-Hop,3,training,29.976598639455784,0.21728123724460602,1173.2060546875
144182,Hip-Hop,3,training,30.002721088435376,0.2692473232746124,1174.2333984375
144212,Hip-Hop,3,test,30.002721088435376,0.28749239444732666,1174.08984375
144213,Hip-Hop,3,test,30.002721088435376,0.27068960666656494,1174.0595703125
144214,Hip-Hop,3,test,29.976598639455784,0.2409355640411377,1173.029296875
144215,Hip-Hop,3,test,29.976598639455784,0.2807066738605499,1173.03515625
144216,Hip-Hop,3,test,29.976598639455784,0.18931013345718384,1173.10546875
144423,Electronic,0,training,29.976598639455784,0.3386841416358948,1173.111328125
144424,Electronic,0,training,30.002721088435376,0.2611866295337677,1174.1591796875
144454,Instrumental,4,validation,30.002721088435376,0.14605247974395752,1173.994140625
144465,Folk,2,training,30.002721088435376,0.03757495805621147,1174.1064453125
144466,Folk,2,training,29.976598639455784,0.11298671364784241,1173.087890625
144467,Folk,2,training,29.976598639455784,0.030451694503426552,1173.09765625
144468,Folk,2,training,29.976598639455784,0.049718741327524185,1173.1103515625
144469,Folk,2,training,30.002721088435376,0.08943701535463333,1174.1318359375
144470,Folk,2,training,30.002721088435376,0.05491232872009277,1174.1083984375
144471,Folk,2,training,30.002721088435376,0.05960202217102051,1174.1123046875
144472,Folk,2,training,29.976598639455784,0.03345286846160889,1173.126953125
144473,Folk,2,training,30.002721088435376,0.03153698518872261,1174.1142578125
144474,Folk,2,training,29.976598639455784,0.11401627212762833,1173.103515625
144475,Folk,2,training,29.976598639455784,0.03689355403184891,1173.09765625
144476,Folk,2,training,29.976598639455784,0.01766677014529705,1173.1083984375
144477,Folk,2,training,29.976598639455784,0.12459022551774979,1173.0859375
144487,Experimental,1,training,30.002721088435376,0.06159603223204613,1174.0
144492,Experimental,1,training,29.976598639455784,0.06355484575033188,1172.970703125
144542,Folk,2,training,29.976598639455784,0.24040620028972626,1173.1318359375
144543,Folk,2,training,29.976598639455784,0.14871466159820557,1173.1416015625
144544,Folk,2,training,29.976598639455784,0.18140937387943268,1173.1416015625
144545,Folk,2,training,29.976598639455784,0.14556825160980225,1173.1455078125
144546,Folk,2,training,30.002721088435376,0.11395332217216492,1174.158203125
144547,Folk,2,training,30.002721088435376,0.18003961443901062,1174.1591796875
144548,Folk,2,training,29.976598639455784,0.144331157207489,1173.150390625
144549,Folk,2,training,29.976598639455784,0.1322803497314453,1173.1474609375
144550,Folk,2,training,29.976598639455784,0.11838193237781525,1173.1611328125
144551,Folk,2,training,30.002721088435376,0.15773752331733704,1174.1796875
144552,Folk,2,training,30.002721088435376,0.15735314786434174,1174.181640625
144587,Pop,6,training,30.002721088435376,0.19213570654392242,704.6943359375
144592,Electronic,0,test,29.976598639455784,0.21597975492477417,1171.994140625
144600,Instrumental,4,validation,30.002721088435376,0.30907711386680603,1174.0
144733,Electronic,0,training,29.976598639455784,0.14379778504371643,1173.0283203125
144740,Hip-Hop,3,training,30.002721088435376,0.2729839086532593,1174.123046875
144741,Hip-Hop,3,training,29.976598639455784,0.30207210779190063,1173.140625
144801,Instrumental,4,validation,30.002721088435376,0.21487589180469513,1174.0087890625
144809,Experimental,1,training,30.002721088435376,0.0792073979973793,1174.041015625
144810,Experimental,1,training,30.002721088435376,0.13267122209072113,1174.03515625
144933,Pop,6,training,29.976598639455784,0.28489598631858826,1173.01171875
144934,Pop,6,training,29.976598639455784,0.2197730839252472,1173.001953125
144935,Pop,6,training,30.002721088435376,0.326344758272171,1174.0439453125
144936,Pop,6,training,29.976598639455784,0.23506778478622437,1173.0234375
144937,Pop,6,training,29.976598639455784,0.25949826836586,1173.029296875
144938,Pop,6,training,29.976598639455784,0.2728559970855713,1173.01171875
144939,Pop,6,training,30.002721088435376,0.2537912428379059,1174.0361328125
144940,Pop,6,training,29.976598639455784,0.22863084077835083,1173.060546875
144941,Pop,6,training,30.002721088435376,0.2655986249446869,1174.1298828125
144942,Pop,6,training,29.976598639455784,0.315602570772171,1173.0107421875
144943,Pop,6,training,30.002721088435376,0.21333956718444824,1174.0361328125
144944,Pop,6,training,30.002721088435376,0.40208524465560913,1174.07421875
144945,Pop,6,training,30.002721088435376,0.30642765760421753,1174.0703125
144946,Pop,6,training,30.002721088435376,0.3739953935146332,1174.06640625
145002,Folk,2,training,29.976598639455784,0.04828740283846855,1174.5830078125
145003,Folk,2,training,29.976598639455784,0.2581427991390228,1174.6787109375
145004,Folk,2,training,29.976598639455784,0.14941902458667755,1174.490234375
145005,Folk,2,training,29.976598639455784,0.23130035400390625,1174.361328125
145020,Rock,7,training,29.976598639455784,0.283566415309906,1172.158203125
145027,Rock,7,training,29.976598639455784,0.2228635549545288,1172.146484375
145041,Electronic,0,training,29.976598639455784,0.2740578353404999,1173.021484375
145042,Electronic,0,training,30.002721088435376,0.18772417306900024,1174.0908203125
145043,Experimental,1,training,29.976598639455784,0.39668238162994385,1173.080078125
145058,Experimental,1,training,30.002721088435376,0.19007284939289093,1174.091796875
145059,Experimental,1,training,30.002721088435376,0.16696535050868988,1174.1728515625
145067,Rock,7,test,30.002721088435376,0.8028303980827332,1174.3525390625
145068,Rock,7,test,29.976598639455784,0.7870510220527649,1173.794921875
145074,Experimental,1,training,29.976598639455784,0.5043978691101074,1173.125
145183,Instrumental,4,training,29.976598639455784,0.03361006826162338,704.17578125
145189,Instrumental,4,training,29.976598639455784,0.03543223813176155,704.173828125
145199,Rock,7,training,29.976598639455784,0.08187010139226913,1172.1650390625
145241,Rock,7,training,30.002721088435376,0.131604865193367,1173.0830078125
145257,Rock,7,training,29.976598639455784,0.29102981090545654,1173.1484375
145258,Rock,7,training,29.976598639455784,0.2969180643558502,1173.138671875
145259,Rock,7,training,29.976598639455784,0.17882350087165833,1173.115234375
145260,Rock,7,training,29.976598639455784,0.30345243215560913,1173.1298828125
145431,Instrumental,4,training,30.002721088435376,0.05916547775268555,587.2529296875
145432,Instrumental,4,training,29.976598639455784,0.12230034172534943,586.755859375
145457,Instrumental,4,test,30.002721088435376,0.14012573659420013,704.7578125
145458,Instrumental,4,test,30.002721088435376,0.2724727690219879,704.5126953125
145462,Electronic,0,training,29.976598639455784,0.08070649951696396,1172.9453125
145464,Electronic,0,training,30.002721088435376,0.16233837604522705,1173.994140625
145475,Instrumental,4,test,30.002721088435376,0.0751836895942688,704.4814453125
145476,Instrumental,4,test,29.976598639455784,0.10161930322647095,704.1591796875
145477,Instrumental,4,test,30.002721088435376,0.11279615759849548,704.544921875
145549,Electronic,0,validation,30.002721088435376,0.2038561999797821,1174.1591796875
145550,Folk,2,training,29.976598639455784,0.06376957893371582,938.6708984375
145551,Folk,2,training,29.976598639455784,0.06144609674811363,938.6630859375
145552,Folk,2,training,30.002721088435376,0.0711151733994484,939.5048828125
145553,Folk,2,training,29.976598639455784,0.0642835795879364,938.681640625
145554,Folk,2,training,29.976598639455784,0.12333810329437256,938.6650390625
145555,Folk,2,training,30.002721088435376,0.044804032891988754,939.5
145556,Folk,2,training,29.976598639455784,0.07786449044942856,938.7060546875
145606,Rock,7,training,29.976598639455784,0.4351015090942383,821.3583984375
145607,Rock,7,training,30.002721088435376,0.3484650254249573,1174.1513671875
145608,Rock,7,training,29.976598639455784,0.37106648087501526,1173.1455078125
145609,Rock,7,training,30.002721088435376,0.3299873471260071,1174.1689453125
145610,Rock,7,training,29.976598639455784,0.3058253228664398,1173.126953125
145645,Electronic,0,training,30.002721088435376,0.12538261711597443,1174.0859375
145646,Electronic,0,training,30.002721088435376,0.036589380353689194,1174.091796875
145653,Pop,6,training,30.002721088435376,0.10268421471118927,704.6943359375
145702,Pop,6,training,29.976598639455784,0.28489598631858826,1172.9990234375
145703,Pop,6,training,30.002721088435376,0.20556437969207764,1174.1123046875
145704,Pop,6,training,30.002721088435376,0.1591343730688095,1174.0576171875
145705,Pop,6,training,29.976598639455784,0.24376074969768524,1173.1142578125
145706,Pop,6,training,30.002721088435376,0.2362091988325119,1174.0576171875
145707,Pop,6,training,29.976598639455784,0.2728559970855713,1172.994140625
145708,Pop,6,training,29.976598639455784,0.2584162950515747,1173.0556640625
145709,Pop,6,training,30.002721088435376,0.15803788602352142,1174.0517578125
145710,Pop,6,training,30.002721088435376,0.22081688046455383,1174.0556640625
145711,Pop,6,training,29.976598639455784,0.3016355633735657,1173.0546875
145724,Hip-Hop,3,training,30.002721088435376,0.14736950397491455,1174.0947265625
145727,Hip-Hop,3,training,29.976598639455784,0.192221000790596,1173.0703125
145728,Hip-Hop,3,training,29.976598639455784,0.13674728572368622,1173.1083984375
145729,Hip-Hop,3,training,29.976598639455784,0.2204507291316986,1173.0986328125
145730,Hip-Hop,3,training,30.002721088435376,0.13795790076255798,1174.0947265625
145741,Hip-Hop,3,training,29.976598639455784,0.17385010421276093,1173.0771484375
145742,Hip-Hop,3,training,30.002721088435376,0.18963199853897095,1174.08984375
145743,Hip-Hop,3,training,30.002721088435376,0.19382356107234955,1174.134765625
145744,Hip-Hop,3,training,29.976598639455784,0.15763413906097412,1173.0849609375
145745,Hip-Hop,3,training,29.976598639455784,0.2248796671628952,1173.0517578125
145746,Hip-Hop,3,training,29.976598639455784,0.18648524582386017,1173.0419921875
145747,Hip-Hop,3,test,29.976598639455784,0.28411462903022766,1173.0537109375
145748,Hip-Hop,3,test,30.002721088435376,0.3586132824420929,1174.0546875
145749,Hip-Hop,3,test,29.976598639455784,0.3199422359466553,1173.041015625
145750,Hip-Hop,3,test,29.976598639455784,0.37796154618263245,1173.033203125
145751,Hip-Hop,3,test,30.002721088435376,0.3981163203716278,1174.076171875
145752,Electronic,0,training,30.002721088435376,0.43024224042892456,1174.1025390625
145754,Electronic,0,training,29.976598639455784,0.2928028702735901,1173.0654296875
145755,Electronic,0,training,29.976598639455784,0.3373972773551941,1173.1103515625
145756,Electronic,0,training,29.976598639455784,0.3004372715950012,1173.0673828125
145757,Electronic,0,training,30.002721088435376,0.2877195477485657,1174.087890625
145758,Electronic,0,training,30.002721088435376,0.25932666659355164,1174.0908203125
145759,Electronic,0,training,29.976598639455784,0.35659462213516235,1173.083984375
145760,Electronic,0,training,30.002721088435376,0.2833597660064697,1174.158203125
145761,Electronic,0,training,29.976598639455784,0.23713617026805878,1173.12890625
145762,Instrumental,4,test,30.002721088435376,0.08854825049638748,704.7880859375
145777,Instrumental,4,test,29.976598639455784,0.07348430156707764,704.1748046875
145780,Rock,7,training,29.988979591836735,0.16195161640644073,1173.5166015625
145783,Rock,7,training,29.988979591836735,0.20321862399578094,1173.5361328125
145887,Instrumental,4,test,29.976598639455784,0.05372195318341255,1172.84765625
145917,Electronic,0,training,29.976598639455784,0.11054627597332001,1172.9658203125
145918,Electronic,0,training,30.002721088435376,0.14769883453845978,1173.966796875
146017,Instrumental,4,training,30.002721088435376,0.08216922730207443,1174.111328125
146018,Instrumental,4,training,29.976598639455784,0.050417233258485794,1173.078125
146019,Instrumental,4,training,30.002721088435376,0.10491547733545303,1174.115234375
146020,Instrumental,4,training,29.976598639455784,0.04348331689834595,1173.0625
146070,Experimental,1,training,29.976598639455784,0.5848574638366699,703.8212890625
146147,Hip-Hop,3,training,29.976598639455784,0.20505079627037048,1172.994140625
146148,Hip-Hop,3,training,29.976598639455784,0.25726398825645447,1172.994140625
146149,Hip-Hop,3,training,30.002721088435376,0.31148675084114075,1174.0234375
146150,Hip-Hop,3,training,29.976598639455784,0.2537271976470947,1172.9931640625
146151,Hip-Hop,3,training,29.976598639455784,0.27868911623954773,1172.9990234375
146152,Hip-Hop,3,training,29.976598639455784,0.29991447925567627,1172.9970703125
146153,Hip-Hop,3,training,30.002721088435376,0.28709644079208374,1174.02734375
146343,Experimental,1,validation,29.976598639455784,0.2395976483821869,1173.0556640625
146458,Electronic,0,training,29.976598639455784,0.20488958060741425,1172.1220703125
146478,Rock,7,training,30.002721088435376,0.282051682472229,1174.2060546875
146481,Rock,7,training,29.976598639455784,0.24257539212703705,1173.1689453125
146482,Rock,7,training,29.976598639455784,0.27002662420272827,1173.1650390625
146483,Rock,7,training,29.976598639455784,0.25112324953079224,1173.1650390625
146639,Folk,2,training,30.002721088435376,0.20141200721263885,1174.0791015625
146681,Hip-Hop,3,training,29.976598639455784,0.24225308001041412,1173.0576171875
146683,Hip-Hop,3,training,29.976598639455784,0.24656325578689575,1173.060546875
146685,Hip-Hop,3,training,29.976598639455784,0.2881363034248352,1173.0634765625
146687,Hip-Hop,3,training,29.976598639455784,0.3283696472644806,1173.1357421875
146689,Hip-Hop,3,training,29.976598639455784,0.24112950265407562,1173.1435546875
146713,Hip-Hop,3,training,29.976598639455784,0.1859583705663681,1173.203125
146716,Hip-Hop,3,training,30.002721088435376,0.23532913625240326,1174.2138671875
146724,Hip-Hop,3,training,29.976598639455784,0.17377184331417084,1173.09375
146725,Hip-Hop,3,training,29.976598639455784,0.2951374650001526,1173.0986328125
146726,Hip-Hop,3,training,29.976598639455784,0.25544023513793945,1173.11328125
146727,Hip-Hop,3,training,29.976598639455784,0.16721786558628082,1173.1484375
146879,Electronic,0,validation,30.002721088435376,0.1771567165851593,939.5234375
146961,Folk,2,training,29.976598639455784,0.2345748245716095,977.7705078125
146968,Folk,2,training,29.976598639455784,0.2075425386428833,993.0576171875
146969,Folk,2,training,30.002721088435376,0.2229861617088318,1000.455078125
146970,Folk,2,training,30.002721088435376,0.19189518690109253,826.8876953125
146988,Experimental,1,validation,30.002721088435376,0.14490202069282532,880.3095703125
146989,Experimental,1,validation,30.002721088435376,0.1292147934436798,910.263671875
147020,Hip-Hop,3,test,29.976598639455784,0.3515617549419403,1173.0302734375
147021,Hip-Hop,3,test,29.976598639455784,0.37499135732650757,1173.0390625
147022,Hip-Hop,3,test,29.976598639455784,0.3522302806377411,1173.0302734375
147023,Hip-Hop,3,test,30.002721088435376,0.31187406182289124,1174.0732421875
147024,Hip-Hop,3,test,30.002721088435376,0.29165881872177124,1174.115234375
147059,Experimental,1,training,29.976598639455784,0.093684121966362,1172.9873046875
147085,Experimental,1,training,29.976598639455784,0.17384037375450134,1174.931640625
147086,Experimental,1,training,29.976598639455784,0.14142614603042603,1173.1201171875
147087,Experimental,1,training,29.976598639455784,0.26695623993873596,1173.1162109375
147126,Instrumental,4,training,30.002721088435376,0.10997524857521057,1174.0107421875
147191,Electronic,0,training,29.976598639455784,0.19637635350227356,785.4501953125
147261,Hip-Hop,3,test,29.976598639455784,0.12517838180065155,468.5009765625
147265,Hip-Hop,3,training,29.976598639455784,0.1683369278907776,1173.0810546875
147267,Hip-Hop,3,training,30.002721088435376,0.20731867849826813,1174.130859375
147268,Hip-Hop,3,training,29.976598639455784,0.10092347115278244,1173.1181640625
147269,Hip-Hop,3,training,29.976598639455784,0.17361269891262054,1173.095703125
147295,Folk,2,training,29.976598639455784,0.16876989603042603,1172.052734375
147309,Instrumental,4,training,29.976598639455784,0.0880393460392952,1173.09375
147409,Rock,7,training,29.976598639455784,0.12889724969863892,1173.96484375
147412,Rock,7,training,30.002721088435376,0.1466231495141983,1175.04296875
147413,Rock,7,training,29.976598639455784,0.1498715877532959,1174.0576171875
147780,Electronic,0,training,30.002721088435376,0.3409942388534546,1174.0791015625
147815,Electronic,0,training,29.976598639455784,0.11954039335250854,704.0498046875
147886,Hip-Hop,3,training,30.002721088435376,0.13815312087535858,1174.037109375
147956,Rock,7,training,30.002721088435376,0.2703598737716675,1174.0048828125
148002,Instrumental,4,test,29.976598639455784,0.1319667100906372,938.755859375
148028,Hip-Hop,3,test,29.976598639455784,0.2943478226661682,469.533203125
148031,Hip-Hop,3,test,29.976598639455784,0.13420771062374115,469.5
148032,Hip-Hop,3,test,29.976598639455784,0.3309444785118103,469.51171875
148066,International,5,training,30.002721088435376,0.2548205852508545,1174.203125
148070,International,5,training,29.976598639455784,0.19014039635658264,1173.119140625
148074,International,5,training,29.976598639455784,0.15981604158878326,1173.087890625
148075,International,5,training,29.976598639455784,0.32209518551826477,1173.091796875
148076,International,5,training,29.976598639455784,0.15821950137615204,1173.1376953125
148077,International,5,training,29.976598639455784,0.18200518190860748,1173.0927734375
148078,International,5,training,29.976598639455784,0.1933770626783371,1173.1572265625
148079,International,5,training,29.976598639455784,0.22102884948253632,1173.13671875
148082,Experimental,1,test,30.002721088435376,0.15746144950389862,704.783203125
148099,Experimental,1,training,30.002721088435376,0.09574095159769058,1174.0986328125
148112,Instrumental,4,training,30.002721088435376,0.11847110092639923,1174.1328125
148113,Instrumental,4,training,29.976598639455784,0.3523399233818054,1173.0966796875
148114,Instrumental,4,training,30.002721088435376,0.32319900393486023,1174.091796875
148120,Instrumental,4,training,30.002721088435376,0.2681416869163513,1174.1328125
148121,Instrumental,4,training,29.976598639455784,0.25818756222724915,1173.0869140625
148124,Instrumental,4,training,29.976598639455784,0.13088802993297577,1173.0986328125
148130,Instrumental,4,training,30.002721088435376,0.25811073184013367,1174.119140625
148131,Instrumental,4,training,29.976598639455784,0.18381257355213165,1173.072265625
148132,Instrumental,4,training,29.976598639455784,0.2743678390979767,1173.1220703125
148133,Instrumental,4,training,30.002721088435376,0.24114295840263367,1174.1171875
148168,Experimental,1,training,29.988979591836735,0.11340190470218658,1173.2509765625
148186,Folk,2,validation,29.976598639455784,0.15218991041183472,1173.013671875
148187,Folk,2,validation,29.976598639455784,0.0889781042933464,1173.0126953125
148190,Folk,2,validation,29.976598639455784,0.12791405618190765,1174.6259765625
148208,Folk,2,validation,30.002721088435376,0.2064172923564911,1173.9189453125
148210,Folk,2,validation,29.976598639455784,0.1909550279378891,1172.896484375
148211,Folk,2,validation,29.976598639455784,0.13864858448505402,1172.904296875
148212,Folk,2,validation,30.002721088435376,0.15184487402439117,1173.923828125
148213,Folk,2,validation,29.976598639455784,0.16213594377040863,1172.908203125
148214,Folk,2,validation,30.002721088435376,0.17813853919506073,1173.9296875
148215,Folk,2,validation,30.002721088435376,0.17237213253974915,1173.927734375
148216,Folk,2,validation,30.002721088435376,0.13538730144500732,1173.9267578125
148217,Folk,2,validation,30.002721088435376,0.1469869613647461,1173.9248046875
148218,Folk,2,validation,30.002721088435376,0.16442005336284637,1173.9384765625
148231,Folk,2,validation,30.002721088435376,0.0745767131447792,1173.984375
148233,Folk,2,validation,30.002721088435376,0.0960293635725975,1173.984375
148234,Folk,2,validation,29.976598639455784,0.055523257702589035,1172.953125
148235,Folk,2,validation,29.976598639455784,0.08707184344530106,1172.974609375
148246,Rock,7,training,29.988979591836735,0.09555314481258392,1173.2626953125
148285,Pop,6,training,29.976598639455784,0.10279931128025055,1172.1240234375
148286,Pop,6,training,29.976598639455784,0.1321238875389099,1172.126953125
148287,Pop,6,training,29.976598639455784,0.12135661393404007,1172.1220703125
148288,Pop,6,training,29.976598639455784,0.11173531413078308,1172.134765625
148289,Pop,6,training,30.002721088435376,0.12467863410711288,1173.1494140625
148290,Pop,6,training,29.976598639455784,0.10336178541183472,1172.1298828125
148302,Experimental,1,training,29.976598639455784,0.042094118893146515,1173.1181640625
148303,Experimental,1,validation,30.002721088435376,0.014186300337314606,1174.1806640625
148305,Experimental,1,training,29.976598639455784,0.03895269334316254,1173.1484375
148429,International,5,validation,30.002721088435376,0.22961506247520447,1174.0791015625
148430,International,5,test,30.002721088435376,0.24216623604297638,1174.154296875
148439,Electronic,0,training,29.976598639455784,0.1894979625940323,1109.0361328125
148441,Electronic,0,training,29.976598639455784,0.22685013711452484,1125.4521484375
148443,Electronic,0,training,30.002721088435376,0.2634332478046417,1174.1201171875
148444,Electronic,0,training,30.002721088435376,0.1107976883649826,1130.8857421875
148510,Pop,6,training,30.002721088435376,0.25779566168785095,1055.0859375
148513,Pop,6,training,30.002721088435376,0.23088806867599487,919.697265625
148514,Pop,6,training,29.976598639455784,0.2629544734954834,1030.5830078125
148516,Pop,6,training,29.976598639455784,0.2722037732601166,972.6396484375
148517,Pop,6,training,29.976598639455784,0.2412957102060318,1009.162109375
148518,Pop,6,training,29.976598639455784,0.20987233519554138,1008.9091796875
148519,Pop,6,training,29.976598639455784,0.24778366088867188,853.3974609375
148532,Folk,2,training,30.002721088435376,0.1511765718460083,894.0234375
148535,Folk,2,training,29.976598639455784,0.2096867561340332,697.828125
148536,Rock,7,training,29.976598639455784,0.2507733702659607,1100.9150390625
148537,Rock,7,training,29.976598639455784,0.16413037478923798,936.18359375
148584,Pop,6,training,30.002721088435376,0.2979491353034973,1010.5625
148585,Pop,6,training,30.002721088435376,0.3992030620574951,1043.2216796875
148586,Pop,6,training,29.976598639455784,0.4358883202075958,1022.7802734375
148587,Pop,6,training,29.976598639455784,0.3366050124168396,1072.33984375
148602,Folk,2,training,29.976598639455784,0.10321198403835297,830.8798828125
148603,Folk,2,training,30.002721088435376,0.1327992081642151,852.953125
148604,Folk,2,training,29.976598639455784,0.1576675921678543,860.3017578125
148605,Folk,2,training,30.002721088435376,0.11819231510162354,874.2060546875
148606,Pop,6,test,30.002721088435376,0.23422753810882568,980.171875
148607,Pop,6,test,29.976598639455784,0.28600630164146423,968.6416015625
148608,Pop,6,test,30.002721088435376,0.27234598994255066,990.8828125
148609,Pop,6,test,30.002721088435376,0.31742003560066223,971.728515625
148610,Pop,6,test,30.002721088435376,0.2306528240442276,969.62890625
148611,Pop,6,test,29.976598639455784,0.21088138222694397,974.1533203125
148612,Pop,6,test,30.002721088435376,0.19879190623760223,953.60546875
148613,Pop,6,test,30.002721088435376,0.27230557799339294,983.505859375
148773,Electronic,0,training,29.976598639455784,0.04442991688847542,889.55078125
149075,Pop,6,training,30.002721088435376,0.12725846469402313,1173.1064453125
149078,Pop,6,training,30.002721088435376,0.15521998703479767,1173.1416015625
149082,Pop,6,training,29.976598639455784,0.14217595756053925,1172.13671875
149083,Pop,6,training,30.002721088435376,0.23749999701976776,1173.1064453125
149099,Pop,6,training,30.002721088435376,0.14385251700878143,1173.189453125
149100,Pop,6,training,29.976598639455784,0.135757714509964,1172.15234375
149101,Pop,6,training,30.002721088435376,0.0886778011918068,1173.17578125
149102,Pop,6,training,29.976598639455784,0.10258430987596512,1172.1484375
149103,Pop,6,training,29.976598639455784,0.201826810836792,1172.154296875
149118,Hip-Hop,3,training,30.002721088435376,0.19642506539821625,1173.8857421875
149124,Hip-Hop,3,training,30.002721088435376,0.20583698153495789,1173.8505859375
149138,Hip-Hop,3,training,30.002721088435376,0.21277301013469696,1174.1015625
149139,Instrumental,4,training,30.002721088435376,0.23004046082496643,1174.064453125
149140,Instrumental,4,training,29.976598639455784,0.24091337621212006,1173.0390625
149141,Instrumental,4,training,30.002721088435376,0.2552395462989807,1174.0537109375
149142,Instrumental,4,training,29.976598639455784,0.14775465428829193,1173.0380859375
149143,Instrumental,4,training,29.976598639455784,0.2681853473186493,1173.0498046875
149185,Electronic,0,training,29.976598639455784,0.17762742936611176,1173.0498046875
149369,Hip-Hop,3,training,29.976598639455784,0.18187452852725983,1173.10546875
149370,Hip-Hop,3,training,30.002721088435376,0.15128932893276215,1174.1103515625
149416,Rock,7,training,29.976598639455784,0.26586467027664185,1173.44921875
149417,Rock,7,training,30.002721088435376,0.24264749884605408,1174.689453125
149422,Experimental,1,training,30.002721088435376,0.055625271052122116,939.47265625
149452,Rock,7,validation,29.976598639455784,0.2263527810573578,1172.9375
149488,Rock,7,training,30.002721088435376,0.1094687208533287,1174.0322265625
149523,Rock,7,training,30.002721088435376,0.11383106559515,1173.14453125
149623,Hip-Hop,3,test,29.988979591836735,0.08939121663570404,1173.48046875
149625,Hip-Hop,3,test,29.988979591836735,0.10888364911079407,1173.5
149626,Hip-Hop,3,test,29.988979591836735,0.06419534236192703,1173.4814453125
149687,Hip-Hop,3,training,29.976598639455784,0.26289495825767517,1172.8828125
149689,Hip-Hop,3,training,29.976598639455784,0.2803741991519928,753.9189453125
149690,Hip-Hop,3,training,29.976598639455784,0.2861398458480835,884.037109375
149700,Electronic,0,training,29.976598639455784,0.2809062600135803,1173.0703125
149701,Electronic,0,training,29.976598639455784,0.24991300702095032,1173.05078125
149712,Instrumental,4,training,30.002721088435376,0.1857006847858429,1174.02734375
149714,Instrumental,4,training,30.002721088435376,0.17623884975910187,1174.05859375
149727,Instrumental,4,training,29.976598639455784,0.1016540676355362,938.5927734375
149750,Pop,6,training,29.976598639455784,0.2644762396812439,1173.15234375
149775,Experimental,1,training,30.002721088435376,0.18035051226615906,1174.0673828125
149776,Experimental,1,training,30.002721088435376,0.30528655648231506,1174.0537109375
149777,Experimental,1,training,30.002721088435376,0.2696579694747925,1174.0322265625
149778,Experimental,1,training,30.002721088435376,0.1261288970708847,1174.0810546875
149842,Experimental,1,training,29.988979591836735,0.14222067594528198,1173.564453125
149951,Hip-Hop,3,training,30.002721088435376,0.26861968636512756,818.46484375
149953,Hip-Hop,3,training,30.002721088435376,0.16686555743217468,609.65234375
150015,Pop,6,test,30.002721088435376,0.14517271518707275,823.94921875
150017,Pop,6,test,30.002721088435376,0.12377738207578659,900.5595703125
150018,Pop,6,test,30.002721088435376,0.1594308763742447,988.46484375
150062,Folk,2,training,30.002721088435376,0.21470676362514496,987.7412109375
150063,Folk,2,training,29.976598639455784,0.1206878274679184,469.51953125
150064,Folk,2,training,29.976598639455784,0.11377176642417908,586.7578125
150073,International,5,training,30.002721088435376,0.18244019150733948,1174.0712890625
150078,International,5,training,29.976598639455784,0.1623135805130005,1173.0390625
150079,International,5,training,30.002721088435376,0.2676287293434143,1174.0556640625
150080,International,5,training,29.976598639455784,0.23705127835273743,1173.048828125
150265,Instrumental,4,training,29.976598639455784,0.263578325510025,1172.9892578125
150266,Instrumental,4,training,30.002721088435376,0.12499780207872391,1173.994140625
150267,Instrumental,4,training,29.976598639455784,0.09480481594800949,1172.9775390625
150268,Instrumental,4,training,29.976598639455784,0.20747332274913788,1172.9990234375
150287,Hip-Hop,3,test,30.002721088435376,0.2750510275363922,1174.033203125
150288,Hip-Hop,3,test,30.002721088435376,0.3534221053123474,1174.048828125
151404,Electronic,0,training,30.002721088435376,0.17361445724964142,1174.1025390625
152103,International,5,training,30.002721088435376,0.20533321797847748,942.83203125
152253,International,5,training,29.976598639455784,0.08853007107973099,924.93359375
152254,International,5,training,29.976598639455784,0.1886838674545288,913.9208984375
152258,International,5,training,30.002721088435376,0.2809177339076996,1018.6396484375
152261,International,5,training,30.002721088435376,0.1970512717962265,1011.6171875
152262,International,5,training,30.002721088435376,0.28644099831581116,1059.0234375
152324,Pop,6,training,30.002721088435376,0.26135894656181335,470.0458984375
152418,International,5,training,30.002721088435376,0.12213462591171265,939.466796875
152425,International,5,training,30.002721088435376,0.14546093344688416,939.47265625
152480,Instrumental,4,training,30.002721088435376,0.1622772514820099,1174.1435546875
152543,Hip-Hop,3,training,30.002721088435376,0.27983927726745605,1173.994140625
152545,Hip-Hop,3,training,29.976598639455784,0.28196167945861816,1173.0048828125
152568,Instrumental,4,training,30.002721088435376,0.10442173480987549,1174.1015625
152569,Instrumental,4,training,29.976598639455784,0.17215970158576965,1173.0849609375
152570,Instrumental,4,training,29.976598639455784,0.09047134965658188,1173.0927734375
153337,Hip-Hop,3,training,30.002721088435376,0.3165583312511444,749.732421875
153383,Pop,6,training,30.002721088435376,0.34085047245025635,1174.0849609375
153452,Pop,6,training,29.976598639455784,0.23525658249855042,1173.0810546875
153946,Folk,2,training,30.002721088435376,0.11498203128576279,1174.1435546875
153955,Pop,6,training,29.976598639455784,0.2396765500307083,704.0654296875
153956,Pop,6,training,30.002721088435376,0.11767660826444626,704.6748046875
154303,Hip-Hop,3,test,29.976598639455784,0.0818336084485054,1173.0634765625
154305,Hip-Hop,3,test,30.002721088435376,0.06266515702009201,1174.0712890625
154306,Hip-Hop,3,test,30.002721088435376,0.05642566829919815,1174.0546875
154307,Hip-Hop,3,test,29.976598639455784,0.08826936036348343,1173.04296875
154308,Hip-Hop,3,test,29.976598639455784,0.0683644711971283,1173.0283203125
154309,Hip-Hop,3,test,29.976598639455784,0.07216555625200272,1173.05078125
154413,Pop,6,training,30.002721088435376,0.15909960865974426,1173.158203125
154414,Pop,6,training,29.976598639455784,0.12758196890354156,1172.16796875
155066,Hip-Hop,3,training,29.976598639455784,0.2533232569694519,1172.966796875
